{
    "id": 14,
    "name": "Engine Technology Lab",
    "description": "Engine Tech Research facility.",
    "group": 1,
    "start_level": 0,
    "bonuses": [
        {
            "id": 1,
            "name": "Dodge Bonus",
            "is_percentage": true
        },
        {
            "id": 2,
            "name": "Interceptor Shield Health Bonus",
            "is_percentage": true
        }
    ],
    "levels": [
        {
            "level": 1,
            "power": 30,
            "increased_power": 30,
            "build_time": 18,
            "bonuses": [
                {
                    "id": 1,
                    "value": 0.01
                },
                {
                    "id": 2,
                    "value": 0.03
                }
            ],
            "required_ops_level": 23,
            "requirements": [
                {
                    "id": 121031745,
                    "type": "research",
                    "name": "Unlock Technology Lab",
                    "value": 1
                }
            ],
            "build_costs": {
                "resources": [
                    {
                        "id": 2325683920,
                        "type": "Parsteel",
                        "value": 194670
                    }
                ],
                "materials": [
                    {
                        "id": 2922651471,
                        "type": "2\u2605 Uncommon Gas",
                        "grade": 2,
                        "rarity": 2,
                        "value": 3
                    }
                ],
                "others": []
            },
            "rewards": null
        },
        {
            "level": 2,
            "power": 60,
            "increased_power": 30,
            "build_time": 70,
            "bonuses": [
                {
                    "id": 1,
                    "value": 0.02
                },
                {
                    "id": 2,
                    "value": 0.06
                }
            ],
            "required_ops_level": 23,
            "requirements": [
                {
                    "id": 0,
                    "type": "building",
                    "name": "Operations",
                    "value": 2
                },
                {
                    "id": 25,
                    "type": "building",
                    "name": "R&D Department",
                    "value": 2
                }
            ],
            "build_costs": {
                "resources": [
                    {
                        "id": 2325683920,
                        "type": "Parsteel",
                        "value": 194698
                    }
                ],
                "materials": [],
                "others": []
            },
            "rewards": null
        },
        {
            "level": 3,
            "power": 95,
            "increased_power": 35,
            "build_time": 150,
            "bonuses": [
                {
                    "id": 1,
                    "value": 0.03
                },
                {
                    "id": 2,
                    "value": 0.09
                }
            ],
            "required_ops_level": 23,
            "requirements": [
                {
                    "id": 0,
                    "type": "building",
                    "name": "Operations",
                    "value": 3
                },
                {
                    "id": 25,
                    "type": "building",
                    "name": "R&D Department",
                    "value": 3
                }
            ],
            "build_costs": {
                "resources": [
                    {
                        "id": 2325683920,
                        "type": "Parsteel",
                        "value": 194752
                    }
                ],
                "materials": [],
                "others": []
            },
            "rewards": null
        },
        {
            "level": 4,
            "power": 140,
            "increased_power": 45,
            "build_time": 240,
            "bonuses": [
                {
                    "id": 1,
                    "value": 0.04
                },
                {
                    "id": 2,
                    "value": 0.12
                }
            ],
            "required_ops_level": 23,
            "requirements": [
                {
                    "id": 0,
                    "type": "building",
                    "name": "Operations",
                    "value": 4
                },
                {
                    "id": 25,
                    "type": "building",
                    "name": "R&D Department",
                    "value": 4
                }
            ],
            "build_costs": {
                "resources": [
                    {
                        "id": 2325683920,
                        "type": "Parsteel",
                        "value": 194834
                    }
                ],
                "materials": [],
                "others": []
            },
            "rewards": null
        },
        {
            "level": 5,
            "power": 180,
            "increased_power": 40,
            "build_time": 390,
            "bonuses": [
                {
                    "id": 1,
                    "value": 0.05
                },
                {
                    "id": 2,
                    "value": 0.15
                }
            ],
            "required_ops_level": 23,
            "requirements": [
                {
                    "id": 0,
                    "type": "building",
                    "name": "Operations",
                    "value": 5
                },
                {
                    "id": 25,
                    "type": "building",
                    "name": "R&D Department",
                    "value": 5
                }
            ],
            "build_costs": {
                "resources": [
                    {
                        "id": 2325683920,
                        "type": "Parsteel",
                        "value": 195024
                    }
                ],
                "materials": [],
                "others": []
            },
            "rewards": null
        },
        {
            "level": 6,
            "power": 240,
            "increased_power": 60,
            "build_time": 660,
            "bonuses": [
                {
                    "id": 1,
                    "value": 0.06
                },
                {
                    "id": 2,
                    "value": 0.18
                }
            ],
            "required_ops_level": 23,
            "requirements": [
                {
                    "id": 0,
                    "type": "building",
                    "name": "Operations",
                    "value": 6
                },
                {
                    "id": 25,
                    "type": "building",
                    "name": "R&D Department",
                    "value": 6
                }
            ],
            "build_costs": {
                "resources": [
                    {
                        "id": 2325683920,
                        "type": "Parsteel",
                        "value": 195228
                    }
                ],
                "materials": [],
                "others": []
            },
            "rewards": null
        },
        {
            "level": 7,
            "power": 310,
            "increased_power": 70,
            "build_time": 1260,
            "bonuses": [
                {
                    "id": 1,
                    "value": 0.07
                },
                {
                    "id": 2,
                    "value": 0.21
                }
            ],
            "required_ops_level": 23,
            "requirements": [
                {
                    "id": 0,
                    "type": "building",
                    "name": "Operations",
                    "value": 7
                },
                {
                    "id": 25,
                    "type": "building",
                    "name": "R&D Department",
                    "value": 7
                }
            ],
            "build_costs": {
                "resources": [
                    {
                        "id": 2325683920,
                        "type": "Parsteel",
                        "value": 195636
                    }
                ],
                "materials": [],
                "others": []
            },
            "rewards": null
        },
        {
            "level": 8,
            "power": 400,
            "increased_power": 90,
            "build_time": 1800,
            "bonuses": [
                {
                    "id": 1,
                    "value": 0.08
                },
                {
                    "id": 2,
                    "value": 0.24
                }
            ],
            "required_ops_level": 23,
            "requirements": [
                {
                    "id": 0,
                    "type": "building",
                    "name": "Operations",
                    "value": 8
                },
                {
                    "id": 25,
                    "type": "building",
                    "name": "R&D Department",
                    "value": 8
                }
            ],
            "build_costs": {
                "resources": [
                    {
                        "id": 2325683920,
                        "type": "Parsteel",
                        "value": 196248
                    }
                ],
                "materials": [],
                "others": []
            },
            "rewards": null
        },
        {
            "level": 9,
            "power": 500,
            "increased_power": 100,
            "build_time": 2640,
            "bonuses": [
                {
                    "id": 1,
                    "value": 0.09
                },
                {
                    "id": 2,
                    "value": 0.27
                }
            ],
            "required_ops_level": 23,
            "requirements": [
                {
                    "id": 0,
                    "type": "building",
                    "name": "Operations",
                    "value": 9
                },
                {
                    "id": 25,
                    "type": "building",
                    "name": "R&D Department",
                    "value": 9
                }
            ],
            "build_costs": {
                "resources": [
                    {
                        "id": 2325683920,
                        "type": "Parsteel",
                        "value": 197336
                    }
                ],
                "materials": [],
                "others": []
            },
            "rewards": null
        },
        {
            "level": 10,
            "power": 625,
            "increased_power": 125,
            "build_time": 3000,
            "bonuses": [
                {
                    "id": 1,
                    "value": 0.1
                },
                {
                    "id": 2,
                    "value": 0.3
                }
            ],
            "required_ops_level": 23,
            "requirements": [
                {
                    "id": 0,
                    "type": "building",
                    "name": "Operations",
                    "value": 10
                },
                {
                    "id": 25,
                    "type": "building",
                    "name": "R&D Department",
                    "value": 10
                }
            ],
            "build_costs": {
                "resources": [
                    {
                        "id": 2325683920,
                        "type": "Parsteel",
                        "value": 198696
                    }
                ],
                "materials": [],
                "others": []
            },
            "rewards": null
        },
        {
            "level": 11,
            "power": 800,
            "increased_power": 175,
            "build_time": 3120,
            "bonuses": [
                {
                    "id": 1,
                    "value": 0.11
                },
                {
                    "id": 2,
                    "value": 0.33
                }
            ],
            "required_ops_level": 23,
            "requirements": [
                {
                    "id": 0,
                    "type": "building",
                    "name": "Operations",
                    "value": 11
                },
                {
                    "id": 25,
                    "type": "building",
                    "name": "R&D Department",
                    "value": 11
                }
            ],
            "build_costs": {
                "resources": [
                    {
                        "id": 2325683920,
                        "type": "Parsteel",
                        "value": 200056
                    },
                    {
                        "id": 2614028847,
                        "type": "Dilithium",
                        "value": 20
                    }
                ],
                "materials": [],
                "others": []
            },
            "rewards": null
        },
        {
            "level": 12,
            "power": 975,
            "increased_power": 175,
            "build_time": 5400,
            "bonuses": [
                {
                    "id": 1,
                    "value": 0.12
                },
                {
                    "id": 2,
                    "value": 0.36
                }
            ],
            "required_ops_level": 23,
            "requirements": [
                {
                    "id": 0,
                    "type": "building",
                    "name": "Operations",
                    "value": 12
                },
                {
                    "id": 25,
                    "type": "building",
                    "name": "R&D Department",
                    "value": 12
                }
            ],
            "build_costs": {
                "resources": [
                    {
                        "id": 2325683920,
                        "type": "Parsteel",
                        "value": 202096
                    },
                    {
                        "id": 2614028847,
                        "type": "Dilithium",
                        "value": 55
                    }
                ],
                "materials": [],
                "others": []
            },
            "rewards": null
        },
        {
            "level": 13,
            "power": 1200,
            "increased_power": 225,
            "build_time": 8400,
            "bonuses": [
                {
                    "id": 1,
                    "value": 0.13
                },
                {
                    "id": 2,
                    "value": 0.39
                }
            ],
            "required_ops_level": 23,
            "requirements": [
                {
                    "id": 0,
                    "type": "building",
                    "name": "Operations",
                    "value": 13
                },
                {
                    "id": 25,
                    "type": "building",
                    "name": "R&D Department",
                    "value": 13
                }
            ],
            "build_costs": {
                "resources": [
                    {
                        "id": 2325683920,
                        "type": "Parsteel",
                        "value": 205496
                    },
                    {
                        "id": 2614028847,
                        "type": "Dilithium",
                        "value": 120
                    }
                ],
                "materials": [],
                "others": []
            },
            "rewards": null
        },
        {
            "level": 14,
            "power": 1500,
            "increased_power": 300,
            "build_time": 11400,
            "bonuses": [
                {
                    "id": 1,
                    "value": 0.14
                },
                {
                    "id": 2,
                    "value": 0.42
                }
            ],
            "required_ops_level": 23,
            "requirements": [
                {
                    "id": 0,
                    "type": "building",
                    "name": "Operations",
                    "value": 14
                },
                {
                    "id": 25,
                    "type": "building",
                    "name": "R&D Department",
                    "value": 14
                }
            ],
            "build_costs": {
                "resources": [
                    {
                        "id": 2325683920,
                        "type": "Parsteel",
                        "value": 209576
                    },
                    {
                        "id": 2614028847,
                        "type": "Dilithium",
                        "value": 220
                    }
                ],
                "materials": [],
                "others": []
            },
            "rewards": null
        },
        {
            "level": 15,
            "power": 1800,
            "increased_power": 300,
            "build_time": 14700,
            "bonuses": [
                {
                    "id": 1,
                    "value": 0.15
                },
                {
                    "id": 2,
                    "value": 0.45
                }
            ],
            "required_ops_level": 23,
            "requirements": [
                {
                    "id": 0,
                    "type": "building",
                    "name": "Operations",
                    "value": 15
                },
                {
                    "id": 25,
                    "type": "building",
                    "name": "R&D Department",
                    "value": 15
                }
            ],
            "build_costs": {
                "resources": [
                    {
                        "id": 2325683920,
                        "type": "Parsteel",
                        "value": 215016
                    },
                    {
                        "id": 2614028847,
                        "type": "Dilithium",
                        "value": 375
                    }
                ],
                "materials": [],
                "others": []
            },
            "rewards": null
        },
        {
            "level": 16,
            "power": 2100,
            "increased_power": 300,
            "build_time": 17400,
            "bonuses": [
                {
                    "id": 1,
                    "value": 0.16
                },
                {
                    "id": 2,
                    "value": 0.48
                }
            ],
            "required_ops_level": 23,
            "requirements": [
                {
                    "id": 0,
                    "type": "building",
                    "name": "Operations",
                    "value": 16
                },
                {
                    "id": 25,
                    "type": "building",
                    "name": "R&D Department",
                    "value": 16
                }
            ],
            "build_costs": {
                "resources": [
                    {
                        "id": 2325683920,
                        "type": "Parsteel",
                        "value": 221816
                    },
                    {
                        "id": 2614028847,
                        "type": "Dilithium",
                        "value": 500
                    }
                ],
                "materials": [],
                "others": []
            },
            "rewards": null
        },
        {
            "level": 17,
            "power": 2500,
            "increased_power": 400,
            "build_time": 18600,
            "bonuses": [
                {
                    "id": 1,
                    "value": 0.17
                },
                {
                    "id": 2,
                    "value": 0.51
                }
            ],
            "required_ops_level": 23,
            "requirements": [
                {
                    "id": 0,
                    "type": "building",
                    "name": "Operations",
                    "value": 17
                },
                {
                    "id": 25,
                    "type": "building",
                    "name": "R&D Department",
                    "value": 17
                }
            ],
            "build_costs": {
                "resources": [
                    {
                        "id": 2325683920,
                        "type": "Parsteel",
                        "value": 232696
                    },
                    {
                        "id": 2614028847,
                        "type": "Dilithium",
                        "value": 700
                    }
                ],
                "materials": [],
                "others": []
            },
            "rewards": null
        },
        {
            "level": 18,
            "power": 2900,
            "increased_power": 400,
            "build_time": 28800,
            "bonuses": [
                {
                    "id": 1,
                    "value": 0.18
                },
                {
                    "id": 2,
                    "value": 0.54
                }
            ],
            "required_ops_level": 23,
            "requirements": [
                {
                    "id": 0,
                    "type": "building",
                    "name": "Operations",
                    "value": 18
                },
                {
                    "id": 25,
                    "type": "building",
                    "name": "R&D Department",
                    "value": 18
                }
            ],
            "build_costs": {
                "resources": [
                    {
                        "id": 2325683920,
                        "type": "Parsteel",
                        "value": 249016
                    },
                    {
                        "id": 2614028847,
                        "type": "Dilithium",
                        "value": 1000
                    }
                ],
                "materials": [],
                "others": []
            },
            "rewards": null
        },
        {
            "level": 19,
            "power": 3500,
            "increased_power": 600,
            "build_time": 41760,
            "bonuses": [
                {
                    "id": 1,
                    "value": 0.19
                },
                {
                    "id": 2,
                    "value": 0.57
                }
            ],
            "required_ops_level": 23,
            "requirements": [
                {
                    "id": 0,
                    "type": "building",
                    "name": "Operations",
                    "value": 19
                },
                {
                    "id": 25,
                    "type": "building",
                    "name": "R&D Department",
                    "value": 19
                }
            ],
            "build_costs": {
                "resources": [
                    {
                        "id": 2325683920,
                        "type": "Parsteel",
                        "value": 276216
                    },
                    {
                        "id": 2614028847,
                        "type": "Dilithium",
                        "value": 1500
                    }
                ],
                "materials": [],
                "others": []
            },
            "rewards": null
        },
        {
            "level": 20,
            "power": 4000,
            "increased_power": 500,
            "build_time": 62640,
            "bonuses": [
                {
                    "id": 1,
                    "value": 0.2
                },
                {
                    "id": 2,
                    "value": 0.6
                }
            ],
            "required_ops_level": 23,
            "requirements": [
                {
                    "id": 0,
                    "type": "building",
                    "name": "Operations",
                    "value": 20
                },
                {
                    "id": 25,
                    "type": "building",
                    "name": "R&D Department",
                    "value": 20
                }
            ],
            "build_costs": {
                "resources": [
                    {
                        "id": 2325683920,
                        "type": "Parsteel",
                        "value": 310216
                    },
                    {
                        "id": 2614028847,
                        "type": "Dilithium",
                        "value": 2125
                    }
                ],
                "materials": [],
                "others": []
            },
            "rewards": null
        },
        {
            "level": 21,
            "power": 4700,
            "increased_power": 700,
            "build_time": 56880,
            "bonuses": [
                {
                    "id": 1,
                    "value": 0.21
                },
                {
                    "id": 2,
                    "value": 0.63
                }
            ],
            "required_ops_level": 23,
            "requirements": [
                {
                    "id": 0,
                    "type": "building",
                    "name": "Operations",
                    "value": 21
                },
                {
                    "id": 25,
                    "type": "building",
                    "name": "R&D Department",
                    "value": 21
                }
            ],
            "build_costs": {
                "resources": [
                    {
                        "id": 2325683920,
                        "type": "Parsteel",
                        "value": 389232
                    },
                    {
                        "id": 2614028847,
                        "type": "Dilithium",
                        "value": 3578
                    }
                ],
                "materials": [],
                "others": []
            },
            "rewards": null
        },
        {
            "level": 22,
            "power": 5250,
            "increased_power": 550,
            "build_time": 89280,
            "bonuses": [
                {
                    "id": 1,
                    "value": 0.22
                },
                {
                    "id": 2,
                    "value": 0.66
                }
            ],
            "required_ops_level": 23,
            "requirements": [
                {
                    "id": 0,
                    "type": "building",
                    "name": "Operations",
                    "value": 22
                },
                {
                    "id": 25,
                    "type": "building",
                    "name": "R&D Department",
                    "value": 22
                }
            ],
            "build_costs": {
                "resources": [
                    {
                        "id": 2325683920,
                        "type": "Parsteel",
                        "value": 497352
                    },
                    {
                        "id": 2614028847,
                        "type": "Dilithium",
                        "value": 5565
                    }
                ],
                "materials": [],
                "others": []
            },
            "rewards": null
        },
        {
            "level": 23,
            "power": 6250,
            "increased_power": 1000,
            "build_time": 105120,
            "bonuses": [
                {
                    "id": 1,
                    "value": 0.23
                },
                {
                    "id": 2,
                    "value": 0.69
                }
            ],
            "required_ops_level": 23,
            "requirements": [
                {
                    "id": 0,
                    "type": "building",
                    "name": "Operations",
                    "value": 23
                },
                {
                    "id": 25,
                    "type": "building",
                    "name": "R&D Department",
                    "value": 23
                }
            ],
            "build_costs": {
                "resources": [
                    {
                        "id": 2325683920,
                        "type": "Parsteel",
                        "value": 498168
                    },
                    {
                        "id": 2614028847,
                        "type": "Dilithium",
                        "value": 9158
                    }
                ],
                "materials": [],
                "others": []
            },
            "rewards": null
        },
        {
            "level": 24,
            "power": 7000,
            "increased_power": 750,
            "build_time": 128880,
            "bonuses": [
                {
                    "id": 1,
                    "value": 0.24
                },
                {
                    "id": 2,
                    "value": 0.72
                }
            ],
            "required_ops_level": 24,
            "requirements": [
                {
                    "id": 0,
                    "type": "building",
                    "name": "Operations",
                    "value": 24
                },
                {
                    "id": 25,
                    "type": "building",
                    "name": "R&D Department",
                    "value": 24
                }
            ],
            "build_costs": {
                "resources": [
                    {
                        "id": 2325683920,
                        "type": "Parsteel",
                        "value": 784992
                    },
                    {
                        "id": 2614028847,
                        "type": "Dilithium",
                        "value": 14430
                    }
                ],
                "materials": [],
                "others": []
            },
            "rewards": null
        },
        {
            "level": 25,
            "power": 8000,
            "increased_power": 1000,
            "build_time": 118800,
            "bonuses": [
                {
                    "id": 1,
                    "value": 0.25
                },
                {
                    "id": 2,
                    "value": 0.75
                }
            ],
            "required_ops_level": 25,
            "requirements": [
                {
                    "id": 0,
                    "type": "building",
                    "name": "Operations",
                    "value": 25
                },
                {
                    "id": 25,
                    "type": "building",
                    "name": "R&D Department",
                    "value": 25
                }
            ],
            "build_costs": {
                "resources": [
                    {
                        "id": 2325683920,
                        "type": "Parsteel",
                        "value": 1272960
                    },
                    {
                        "id": 2614028847,
                        "type": "Dilithium",
                        "value": 23400
                    }
                ],
                "materials": [
                    {
                        "id": 2599869530,
                        "type": "3\u2605 Uncommon Gas",
                        "grade": 3,
                        "rarity": 2,
                        "value": 1
                    }
                ],
                "others": []
            },
            "rewards": null
        },
        {
            "level": 26,
            "power": 9000,
            "increased_power": 1000,
            "build_time": 161280,
            "bonuses": [
                {
                    "id": 1,
                    "value": 0.26
                },
                {
                    "id": 2,
                    "value": 0.78
                }
            ],
            "required_ops_level": 26,
            "requirements": [
                {
                    "id": 0,
                    "type": "building",
                    "name": "Operations",
                    "value": 26
                },
                {
                    "id": 25,
                    "type": "building",
                    "name": "R&D Department",
                    "value": 26
                }
            ],
            "build_costs": {
                "resources": [
                    {
                        "id": 2325683920,
                        "type": "Parsteel",
                        "value": 1989000
                    },
                    {
                        "id": 2614028847,
                        "type": "Dilithium",
                        "value": 36563
                    }
                ],
                "materials": [
                    {
                        "id": 2599869530,
                        "type": "3\u2605 Uncommon Gas",
                        "grade": 3,
                        "rarity": 2,
                        "value": 4
                    }
                ],
                "others": []
            },
            "rewards": null
        },
        {
            "level": 27,
            "power": 10250,
            "increased_power": 1250,
            "build_time": 184320,
            "bonuses": [
                {
                    "id": 1,
                    "value": 0.27
                },
                {
                    "id": 2,
                    "value": 0.81
                }
            ],
            "required_ops_level": 27,
            "requirements": [
                {
                    "id": 0,
                    "type": "building",
                    "name": "Operations",
                    "value": 27
                },
                {
                    "id": 25,
                    "type": "building",
                    "name": "R&D Department",
                    "value": 27
                }
            ],
            "build_costs": {
                "resources": [
                    {
                        "id": 2325683920,
                        "type": "Parsteel",
                        "value": 3035520
                    },
                    {
                        "id": 2614028847,
                        "type": "Dilithium",
                        "value": 55800
                    }
                ],
                "materials": [
                    {
                        "id": 3215442881,
                        "type": "3\u2605 Common Gas",
                        "grade": 3,
                        "rarity": 1,
                        "value": 290
                    },
                    {
                        "id": 2599869530,
                        "type": "3\u2605 Uncommon Gas",
                        "grade": 3,
                        "rarity": 2,
                        "value": 10
                    }
                ],
                "others": []
            },
            "rewards": null
        },
        {
            "level": 28,
            "power": 11500,
            "increased_power": 1250,
            "build_time": 213120,
            "bonuses": [
                {
                    "id": 1,
                    "value": 0.28
                },
                {
                    "id": 2,
                    "value": 0.84
                }
            ],
            "required_ops_level": 28,
            "requirements": [
                {
                    "id": 0,
                    "type": "building",
                    "name": "Operations",
                    "value": 28
                },
                {
                    "id": 25,
                    "type": "building",
                    "name": "R&D Department",
                    "value": 28
                }
            ],
            "build_costs": {
                "resources": [
                    {
                        "id": 2325683920,
                        "type": "Parsteel",
                        "value": 4553280
                    },
                    {
                        "id": 2614028847,
                        "type": "Dilithium",
                        "value": 83700
                    }
                ],
                "materials": [
                    {
                        "id": 3215442881,
                        "type": "3\u2605 Common Gas",
                        "grade": 3,
                        "rarity": 1,
                        "value": 360
                    },
                    {
                        "id": 2599869530,
                        "type": "3\u2605 Uncommon Gas",
                        "grade": 3,
                        "rarity": 2,
                        "value": 18
                    }
                ],
                "others": []
            },
            "rewards": null
        },
        {
            "level": 29,
            "power": 12750,
            "increased_power": 1250,
            "build_time": 236160,
            "bonuses": [
                {
                    "id": 1,
                    "value": 0.29
                },
                {
                    "id": 2,
                    "value": 0.87
                }
            ],
            "required_ops_level": 29,
            "requirements": [
                {
                    "id": 0,
                    "type": "building",
                    "name": "Operations",
                    "value": 29
                },
                {
                    "id": 25,
                    "type": "building",
                    "name": "R&D Department",
                    "value": 29
                }
            ],
            "build_costs": {
                "resources": [
                    {
                        "id": 2325683920,
                        "type": "Parsteel",
                        "value": 7248800
                    },
                    {
                        "id": 2614028847,
                        "type": "Dilithium",
                        "value": 133250
                    }
                ],
                "materials": [
                    {
                        "id": 2599869530,
                        "type": "3\u2605 Uncommon Gas",
                        "grade": 3,
                        "rarity": 2,
                        "value": 30
                    }
                ],
                "others": []
            },
            "rewards": null
        },
        {
            "level": 30,
            "power": 14250,
            "increased_power": 1500,
            "build_time": 254880,
            "bonuses": [
                {
                    "id": 1,
                    "value": 0.37
                },
                {
                    "id": 2,
                    "value": 0.9
                }
            ],
            "required_ops_level": 30,
            "requirements": [
                {
                    "id": 0,
                    "type": "building",
                    "name": "Operations",
                    "value": 30
                },
                {
                    "id": 25,
                    "type": "building",
                    "name": "R&D Department",
                    "value": 30
                }
            ],
            "build_costs": {
                "resources": [
                    {
                        "id": 2325683920,
                        "type": "Parsteel",
                        "value": 10608000
                    },
                    {
                        "id": 2614028847,
                        "type": "Dilithium",
                        "value": 195000
                    }
                ],
                "materials": [
                    {
                        "id": 2599869530,
                        "type": "3\u2605 Uncommon Gas",
                        "grade": 3,
                        "rarity": 2,
                        "value": 45
                    }
                ],
                "others": []
            },
            "rewards": null
        },
        {
            "level": 31,
            "power": 15750,
            "increased_power": 1500,
            "build_time": 335520,
            "bonuses": [
                {
                    "id": 1,
                    "value": 0.38
                },
                {
                    "id": 2,
                    "value": 0.93
                }
            ],
            "required_ops_level": 31,
            "requirements": [
                {
                    "id": 0,
                    "type": "building",
                    "name": "Operations",
                    "value": 31
                },
                {
                    "id": 25,
                    "type": "building",
                    "name": "R&D Department",
                    "value": 31
                },
                {
                    "id": 29,
                    "type": "building",
                    "name": "Science Lab",
                    "value": 31
                }
            ],
            "build_costs": {
                "resources": [
                    {
                        "id": 2325683920,
                        "type": "Parsteel",
                        "value": 16768800
                    },
                    {
                        "id": 2614028847,
                        "type": "Dilithium",
                        "value": 308250
                    }
                ],
                "materials": [
                    {
                        "id": 3215442881,
                        "type": "3\u2605 Common Gas",
                        "grade": 3,
                        "rarity": 1,
                        "value": 700
                    },
                    {
                        "id": 2599869530,
                        "type": "3\u2605 Uncommon Gas",
                        "grade": 3,
                        "rarity": 2,
                        "value": 65
                    }
                ],
                "others": []
            },
            "rewards": null
        },
        {
            "level": 32,
            "power": 17500,
            "increased_power": 1750,
            "build_time": 326880,
            "bonuses": [
                {
                    "id": 1,
                    "value": 0.39
                },
                {
                    "id": 2,
                    "value": 0.96
                }
            ],
            "required_ops_level": 32,
            "requirements": [
                {
                    "id": 0,
                    "type": "building",
                    "name": "Operations",
                    "value": 32
                },
                {
                    "id": 25,
                    "type": "building",
                    "name": "R&D Department",
                    "value": 32
                }
            ],
            "build_costs": {
                "resources": [
                    {
                        "id": 2325683920,
                        "type": "Parsteel",
                        "value": 24221600
                    },
                    {
                        "id": 2614028847,
                        "type": "Dilithium",
                        "value": 445250
                    }
                ],
                "materials": [
                    {
                        "id": 3215442881,
                        "type": "3\u2605 Common Gas",
                        "grade": 3,
                        "rarity": 1,
                        "value": 800
                    },
                    {
                        "id": 2599869530,
                        "type": "3\u2605 Uncommon Gas",
                        "grade": 3,
                        "rarity": 2,
                        "value": 87
                    }
                ],
                "others": []
            },
            "rewards": null
        },
        {
            "level": 33,
            "power": 19250,
            "increased_power": 1750,
            "build_time": 475200,
            "bonuses": [
                {
                    "id": 1,
                    "value": 0.4
                },
                {
                    "id": 2,
                    "value": 0.99
                }
            ],
            "required_ops_level": 33,
            "requirements": [
                {
                    "id": 0,
                    "type": "building",
                    "name": "Operations",
                    "value": 33
                },
                {
                    "id": 25,
                    "type": "building",
                    "name": "R&D Department",
                    "value": 33
                }
            ],
            "build_costs": {
                "resources": [
                    {
                        "id": 2325683920,
                        "type": "Parsteel",
                        "value": 37468000
                    },
                    {
                        "id": 2614028847,
                        "type": "Dilithium",
                        "value": 688750
                    }
                ],
                "materials": [
                    {
                        "id": 3215442881,
                        "type": "3\u2605 Common Gas",
                        "grade": 3,
                        "rarity": 1,
                        "value": 1000
                    },
                    {
                        "id": 2599869530,
                        "type": "3\u2605 Uncommon Gas",
                        "grade": 3,
                        "rarity": 2,
                        "value": 110
                    }
                ],
                "others": []
            },
            "rewards": null
        },
        {
            "level": 34,
            "power": 21500,
            "increased_power": 2250,
            "build_time": 629280,
            "bonuses": [
                {
                    "id": 1,
                    "value": 0.42
                },
                {
                    "id": 2,
                    "value": 1.02
                }
            ],
            "required_ops_level": 34,
            "requirements": [
                {
                    "id": 0,
                    "type": "building",
                    "name": "Operations",
                    "value": 34
                },
                {
                    "id": 25,
                    "type": "building",
                    "name": "R&D Department",
                    "value": 34
                }
            ],
            "build_costs": {
                "resources": [
                    {
                        "id": 2325683920,
                        "type": "Parsteel",
                        "value": 59160000
                    },
                    {
                        "id": 2614028847,
                        "type": "Dilithium",
                        "value": 1087500
                    }
                ],
                "materials": [
                    {
                        "id": 2599869530,
                        "type": "3\u2605 Uncommon Gas",
                        "grade": 3,
                        "rarity": 2,
                        "value": 140
                    }
                ],
                "others": []
            },
            "rewards": null
        },
        {
            "level": 35,
            "power": 23500,
            "increased_power": 2000,
            "build_time": 830880,
            "bonuses": [
                {
                    "id": 1,
                    "value": 0.44
                },
                {
                    "id": 2,
                    "value": 1.05
                }
            ],
            "required_ops_level": 35,
            "requirements": [
                {
                    "id": 0,
                    "type": "building",
                    "name": "Operations",
                    "value": 35
                },
                {
                    "id": 25,
                    "type": "building",
                    "name": "R&D Department",
                    "value": 35
                }
            ],
            "build_costs": {
                "resources": [
                    {
                        "id": 2325683920,
                        "type": "Parsteel",
                        "value": 91555200
                    },
                    {
                        "id": 2614028847,
                        "type": "Dilithium",
                        "value": 1683000
                    }
                ],
                "materials": [
                    {
                        "id": 2599869530,
                        "type": "3\u2605 Uncommon Gas",
                        "grade": 3,
                        "rarity": 2,
                        "value": 180
                    }
                ],
                "others": []
            },
            "rewards": null
        },
        {
            "level": 36,
            "power": 25500,
            "increased_power": 2000,
            "build_time": 1061280,
            "bonuses": [
                {
                    "id": 1,
                    "value": 0.46
                },
                {
                    "id": 2,
                    "value": 1.08
                }
            ],
            "required_ops_level": 36,
            "requirements": [
                {
                    "id": 0,
                    "type": "building",
                    "name": "Operations",
                    "value": 36
                },
                {
                    "id": 25,
                    "type": "building",
                    "name": "R&D Department",
                    "value": 36
                }
            ],
            "build_costs": {
                "resources": [
                    {
                        "id": 2325683920,
                        "type": "Parsteel",
                        "value": 129009600
                    },
                    {
                        "id": 2614028847,
                        "type": "Dilithium",
                        "value": 2371500
                    }
                ],
                "materials": [
                    {
                        "id": 3215442881,
                        "type": "3\u2605 Common Gas",
                        "grade": 3,
                        "rarity": 1,
                        "value": 1600
                    },
                    {
                        "id": 2599869530,
                        "type": "3\u2605 Uncommon Gas",
                        "grade": 3,
                        "rarity": 2,
                        "value": 220
                    }
                ],
                "others": []
            },
            "rewards": null
        },
        {
            "level": 37,
            "power": 28000,
            "increased_power": 2500,
            "build_time": 1095840,
            "bonuses": [
                {
                    "id": 1,
                    "value": 0.48
                },
                {
                    "id": 2,
                    "value": 1.11
                }
            ],
            "required_ops_level": 37,
            "requirements": [
                {
                    "id": 0,
                    "type": "building",
                    "name": "Operations",
                    "value": 37
                },
                {
                    "id": 25,
                    "type": "building",
                    "name": "R&D Department",
                    "value": 37
                }
            ],
            "build_costs": {
                "resources": [
                    {
                        "id": 2325683920,
                        "type": "Parsteel",
                        "value": 198288000
                    },
                    {
                        "id": 2614028847,
                        "type": "Dilithium",
                        "value": 3645000
                    }
                ],
                "materials": [
                    {
                        "id": 2599869530,
                        "type": "3\u2605 Uncommon Gas",
                        "grade": 3,
                        "rarity": 2,
                        "value": 260
                    }
                ],
                "others": []
            },
            "rewards": null
        },
        {
            "level": 38,
            "power": 30500,
            "increased_power": 2500,
            "build_time": 1778400,
            "bonuses": [
                {
                    "id": 1,
                    "value": 0.5
                },
                {
                    "id": 2,
                    "value": 1.14
                }
            ],
            "required_ops_level": 38,
            "requirements": [
                {
                    "id": 0,
                    "type": "building",
                    "name": "Operations",
                    "value": 38
                },
                {
                    "id": 25,
                    "type": "building",
                    "name": "R&D Department",
                    "value": 38
                }
            ],
            "build_costs": {
                "resources": [
                    {
                        "id": 2325683920,
                        "type": "Parsteel",
                        "value": 308448000
                    },
                    {
                        "id": 2614028847,
                        "type": "Dilithium",
                        "value": 5670000
                    }
                ],
                "materials": [
                    {
                        "id": 3215442881,
                        "type": "3\u2605 Common Gas",
                        "grade": 3,
                        "rarity": 1,
                        "value": 2100
                    },
                    {
                        "id": 2599869530,
                        "type": "3\u2605 Uncommon Gas",
                        "grade": 3,
                        "rarity": 2,
                        "value": 310
                    }
                ],
                "others": []
            },
            "rewards": null
        },
        {
            "level": 39,
            "power": 33000,
            "increased_power": 2500,
            "build_time": 2360160,
            "bonuses": [
                {
                    "id": 1,
                    "value": 0.52
                },
                {
                    "id": 2,
                    "value": 1.17
                }
            ],
            "required_ops_level": 39,
            "requirements": [
                {
                    "id": 0,
                    "type": "building",
                    "name": "Operations",
                    "value": 39
                },
                {
                    "id": 25,
                    "type": "building",
                    "name": "R&D Department",
                    "value": 39
                },
                {
                    "id": 29,
                    "type": "building",
                    "name": "Science Lab",
                    "value": 39
                }
            ],
            "build_costs": {
                "resources": [
                    {
                        "id": 2325683920,
                        "type": "Parsteel",
                        "value": 526320000
                    },
                    {
                        "id": 2614028847,
                        "type": "Dilithium",
                        "value": 9675000
                    }
                ],
                "materials": [
                    {
                        "id": 3215442881,
                        "type": "3\u2605 Common Gas",
                        "grade": 3,
                        "rarity": 1,
                        "value": 2500
                    }
                ],
                "others": []
            },
            "rewards": null
        },
        {
            "level": 40,
            "power": 36000,
            "increased_power": 3000,
            "build_time": 4188960,
            "bonuses": [
                {
                    "id": 1,
                    "value": 0.54
                },
                {
                    "id": 2,
                    "value": 1.2
                }
            ],
            "required_ops_level": 40,
            "requirements": [
                {
                    "id": 0,
                    "type": "building",
                    "name": "Operations",
                    "value": 40
                },
                {
                    "id": 25,
                    "type": "building",
                    "name": "R&D Department",
                    "value": 40
                }
            ],
            "build_costs": {
                "resources": [
                    {
                        "id": 2325683920,
                        "type": "Parsteel",
                        "value": 2292416000
                    },
                    {
                        "id": 2614028847,
                        "type": "Dilithium",
                        "value": 15050000
                    }
                ],
                "materials": [
                    {
                        "id": 309421080,
                        "type": "4\u2605 Common Gas",
                        "grade": 4,
                        "rarity": 1,
                        "value": 10000
                    },
                    {
                        "id": 3628066968,
                        "type": "4\u2605 Uncommon Gas",
                        "grade": 4,
                        "rarity": 2,
                        "value": 3000
                    }
                ],
                "others": []
            },
            "rewards": null
        },
        {
            "level": 41,
            "power": 39000,
            "increased_power": 3000,
            "build_time": 3925440,
            "bonuses": [
                {
                    "id": 1,
                    "value": 0.56
                },
                {
                    "id": 2,
                    "value": 1.23
                }
            ],
            "required_ops_level": 41,
            "requirements": [
                {
                    "id": 0,
                    "type": "building",
                    "name": "Operations",
                    "value": 41
                },
                {
                    "id": 25,
                    "type": "building",
                    "name": "R&D Department",
                    "value": 41
                }
            ],
            "build_costs": {
                "resources": [
                    {
                        "id": 2325683920,
                        "type": "Parsteel",
                        "value": 2339200000
                    },
                    {
                        "id": 2614028847,
                        "type": "Dilithium",
                        "value": 21500000
                    }
                ],
                "materials": [
                    {
                        "id": 309421080,
                        "type": "4\u2605 Common Gas",
                        "grade": 4,
                        "rarity": 1,
                        "value": 10000
                    },
                    {
                        "id": 3628066968,
                        "type": "4\u2605 Uncommon Gas",
                        "grade": 4,
                        "rarity": 2,
                        "value": 3000
                    }
                ],
                "others": []
            },
            "rewards": null
        },
        {
            "level": 42,
            "power": 42500,
            "increased_power": 3500,
            "build_time": 6033600,
            "bonuses": [
                {
                    "id": 1,
                    "value": 0.58
                },
                {
                    "id": 2,
                    "value": 1.26
                }
            ],
            "required_ops_level": 42,
            "requirements": [
                {
                    "id": 0,
                    "type": "building",
                    "name": "Operations",
                    "value": 42
                },
                {
                    "id": 25,
                    "type": "building",
                    "name": "R&D Department",
                    "value": 42
                }
            ],
            "build_costs": {
                "resources": [
                    {
                        "id": 2325683920,
                        "type": "Parsteel",
                        "value": 3484320000
                    },
                    {
                        "id": 2614028847,
                        "type": "Dilithium",
                        "value": 32025000
                    }
                ],
                "materials": [
                    {
                        "id": 309421080,
                        "type": "4\u2605 Common Gas",
                        "grade": 4,
                        "rarity": 1,
                        "value": 10000
                    },
                    {
                        "id": 3628066968,
                        "type": "4\u2605 Uncommon Gas",
                        "grade": 4,
                        "rarity": 2,
                        "value": 3000
                    }
                ],
                "others": []
            },
            "rewards": null
        },
        {
            "level": 43,
            "power": 46000,
            "increased_power": 3500,
            "build_time": 7971840,
            "bonuses": [
                {
                    "id": 1,
                    "value": 0.74
                },
                {
                    "id": 2,
                    "value": 1.29
                }
            ],
            "required_ops_level": 43,
            "requirements": [
                {
                    "id": 0,
                    "type": "building",
                    "name": "Operations",
                    "value": 43
                },
                {
                    "id": 25,
                    "type": "building",
                    "name": "R&D Department",
                    "value": 43
                }
            ],
            "build_costs": {
                "resources": [
                    {
                        "id": 2325683920,
                        "type": "Parsteel",
                        "value": 4977600000
                    },
                    {
                        "id": 2614028847,
                        "type": "Dilithium",
                        "value": 45750000
                    }
                ],
                "materials": [
                    {
                        "id": 309421080,
                        "type": "4\u2605 Common Gas",
                        "grade": 4,
                        "rarity": 1,
                        "value": 10000
                    },
                    {
                        "id": 3628066968,
                        "type": "4\u2605 Uncommon Gas",
                        "grade": 4,
                        "rarity": 2,
                        "value": 3000
                    }
                ],
                "others": []
            },
            "rewards": null
        },
        {
            "level": 44,
            "power": 49500,
            "increased_power": 3500,
            "build_time": 10405440,
            "bonuses": [
                {
                    "id": 1,
                    "value": 0.76
                },
                {
                    "id": 2,
                    "value": 1.32
                }
            ],
            "required_ops_level": 44,
            "requirements": [
                {
                    "id": 0,
                    "type": "building",
                    "name": "Operations",
                    "value": 44
                },
                {
                    "id": 25,
                    "type": "building",
                    "name": "R&D Department",
                    "value": 44
                }
            ],
            "build_costs": {
                "resources": [
                    {
                        "id": 2325683920,
                        "type": "Parsteel",
                        "value": 7466400000
                    },
                    {
                        "id": 2614028847,
                        "type": "Dilithium",
                        "value": 68625000
                    }
                ],
                "materials": [
                    {
                        "id": 309421080,
                        "type": "4\u2605 Common Gas",
                        "grade": 4,
                        "rarity": 1,
                        "value": 10000
                    },
                    {
                        "id": 3628066968,
                        "type": "4\u2605 Uncommon Gas",
                        "grade": 4,
                        "rarity": 2,
                        "value": 3000
                    }
                ],
                "others": []
            },
            "rewards": null
        },
        {
            "level": 45,
            "power": 53000,
            "increased_power": 3500,
            "build_time": 13433760,
            "bonuses": [
                {
                    "id": 1,
                    "value": 0.8
                },
                {
                    "id": 2,
                    "value": 1.35
                }
            ],
            "required_ops_level": 45,
            "requirements": [
                {
                    "id": 0,
                    "type": "building",
                    "name": "Operations",
                    "value": 45
                },
                {
                    "id": 25,
                    "type": "building",
                    "name": "R&D Department",
                    "value": 45
                },
                {
                    "id": 51827304,
                    "type": "research",
                    "name": "4\u2605 Interceptor Armor Piercing",
                    "value": 1
                }
            ],
            "build_costs": {
                "resources": [
                    {
                        "id": 2325683920,
                        "type": "Parsteel",
                        "value": 10608000000
                    },
                    {
                        "id": 2614028847,
                        "type": "Dilithium",
                        "value": 97500000
                    }
                ],
                "materials": [
                    {
                        "id": 309421080,
                        "type": "4\u2605 Common Gas",
                        "grade": 4,
                        "rarity": 1,
                        "value": 10000
                    },
                    {
                        "id": 3628066968,
                        "type": "4\u2605 Uncommon Gas",
                        "grade": 4,
                        "rarity": 2,
                        "value": 3000
                    }
                ],
                "others": []
            },
            "rewards": null
        },
        {
            "level": 46,
            "power": 57000,
            "increased_power": 4000,
            "build_time": 17172000,
            "bonuses": [
                {
                    "id": 1,
                    "value": 0.84
                },
                {
                    "id": 2,
                    "value": 1.38
                }
            ],
            "required_ops_level": 46,
            "requirements": [
                {
                    "id": 0,
                    "type": "building",
                    "name": "Operations",
                    "value": 46
                },
                {
                    "id": 25,
                    "type": "building",
                    "name": "R&D Department",
                    "value": 46
                }
            ],
            "build_costs": {
                "resources": [
                    {
                        "id": 2325683920,
                        "type": "Parsteel",
                        "value": 14586000000
                    },
                    {
                        "id": 2614028847,
                        "type": "Dilithium",
                        "value": 134062500
                    }
                ],
                "materials": [
                    {
                        "id": 309421080,
                        "type": "4\u2605 Common Gas",
                        "grade": 4,
                        "rarity": 1,
                        "value": 15000
                    },
                    {
                        "id": 3628066968,
                        "type": "4\u2605 Uncommon Gas",
                        "grade": 4,
                        "rarity": 2,
                        "value": 1000
                    }
                ],
                "others": []
            },
            "rewards": null
        },
        {
            "level": 47,
            "power": 61000,
            "increased_power": 4000,
            "build_time": 21754080,
            "bonuses": [
                {
                    "id": 1,
                    "value": 0.88
                },
                {
                    "id": 2,
                    "value": 1.41
                }
            ],
            "required_ops_level": 47,
            "requirements": [
                {
                    "id": 0,
                    "type": "building",
                    "name": "Operations",
                    "value": 47
                },
                {
                    "id": 25,
                    "type": "building",
                    "name": "R&D Department",
                    "value": 47
                }
            ],
            "build_costs": {
                "resources": [
                    {
                        "id": 2325683920,
                        "type": "Parsteel",
                        "value": 21216000000
                    },
                    {
                        "id": 2614028847,
                        "type": "Dilithium",
                        "value": 195000000
                    }
                ],
                "materials": [
                    {
                        "id": 309421080,
                        "type": "4\u2605 Common Gas",
                        "grade": 4,
                        "rarity": 1,
                        "value": 45000
                    },
                    {
                        "id": 3628066968,
                        "type": "4\u2605 Uncommon Gas",
                        "grade": 4,
                        "rarity": 2,
                        "value": 2500
                    }
                ],
                "others": []
            },
            "rewards": null
        },
        {
            "level": 48,
            "power": 66000,
            "increased_power": 5000,
            "build_time": 27329760,
            "bonuses": [
                {
                    "id": 1,
                    "value": 0.92
                },
                {
                    "id": 2,
                    "value": 1.44
                }
            ],
            "required_ops_level": 48,
            "requirements": [
                {
                    "id": 0,
                    "type": "building",
                    "name": "Operations",
                    "value": 48
                },
                {
                    "id": 25,
                    "type": "building",
                    "name": "R&D Department",
                    "value": 48
                }
            ],
            "build_costs": {
                "resources": [
                    {
                        "id": 2325683920,
                        "type": "Parsteel",
                        "value": 34272000000
                    },
                    {
                        "id": 2614028847,
                        "type": "Dilithium",
                        "value": 315000000
                    }
                ],
                "materials": [
                    {
                        "id": 3628066968,
                        "type": "4\u2605 Uncommon Gas",
                        "grade": 4,
                        "rarity": 2,
                        "value": 10000
                    },
                    {
                        "id": 810120542,
                        "type": "4\u2605 Rare Gas",
                        "grade": 4,
                        "rarity": 3,
                        "value": 2000
                    }
                ],
                "others": []
            },
            "rewards": null
        },
        {
            "level": 49,
            "power": 70000,
            "increased_power": 4000,
            "build_time": 34076160,
            "bonuses": [
                {
                    "id": 1,
                    "value": 0.96
                },
                {
                    "id": 2,
                    "value": 1.47
                }
            ],
            "required_ops_level": 49,
            "requirements": [
                {
                    "id": 0,
                    "type": "building",
                    "name": "Operations",
                    "value": 49
                },
                {
                    "id": 25,
                    "type": "building",
                    "name": "R&D Department",
                    "value": 49
                }
            ],
            "build_costs": {
                "resources": [
                    {
                        "id": 2325683920,
                        "type": "Parsteel",
                        "value": 57120000000
                    },
                    {
                        "id": 2614028847,
                        "type": "Dilithium",
                        "value": 525000000
                    }
                ],
                "materials": [
                    {
                        "id": 3628066968,
                        "type": "4\u2605 Uncommon Gas",
                        "grade": 4,
                        "rarity": 2,
                        "value": 15000
                    },
                    {
                        "id": 810120542,
                        "type": "4\u2605 Rare Gas",
                        "grade": 4,
                        "rarity": 3,
                        "value": 4000
                    }
                ],
                "others": []
            },
            "rewards": null
        },
        {
            "level": 50,
            "power": 75000,
            "increased_power": 5000,
            "build_time": 42189120,
            "bonuses": [
                {
                    "id": 1,
                    "value": 1.0
                },
                {
                    "id": 2,
                    "value": 1.5
                }
            ],
            "required_ops_level": 50,
            "requirements": [
                {
                    "id": 0,
                    "type": "building",
                    "name": "Operations",
                    "value": 50
                },
                {
                    "id": 25,
                    "type": "building",
                    "name": "R&D Department",
                    "value": 50
                }
            ],
            "build_costs": {
                "resources": [
                    {
                        "id": 2325683920,
                        "type": "Parsteel",
                        "value": 99960000000
                    },
                    {
                        "id": 2614028847,
                        "type": "Dilithium",
                        "value": 918750000
                    }
                ],
                "materials": [],
                "others": []
            },
            "rewards": null
        },
        {
            "level": 51,
            "power": 80000,
            "increased_power": 5000,
            "build_time": 44719200,
            "bonuses": [
                {
                    "id": 1,
                    "value": 1.04
                },
                {
                    "id": 2,
                    "value": 1.53
                }
            ],
            "required_ops_level": 51,
            "requirements": [
                {
                    "id": 0,
                    "type": "building",
                    "name": "Operations",
                    "value": 51
                },
                {
                    "id": 25,
                    "type": "building",
                    "name": "R&D Department",
                    "value": 51
                }
            ],
            "build_costs": {
                "resources": [
                    {
                        "id": 2325683920,
                        "type": "Parsteel",
                        "value": 498576000000
                    },
                    {
                        "id": 2614028847,
                        "type": "Dilithium",
                        "value": 1950000000
                    }
                ],
                "materials": [
                    {
                        "id": 1499705342,
                        "type": "5\u2605 Common Gas",
                        "grade": 5,
                        "rarity": 1,
                        "value": 24700
                    },
                    {
                        "id": 3329003172,
                        "type": "5\u2605 Uncommon Gas",
                        "grade": 5,
                        "rarity": 2,
                        "value": 3900
                    }
                ],
                "others": []
            },
            "rewards": null
        },
        {
            "level": 52,
            "power": 86000,
            "increased_power": 6000,
            "build_time": 47403360,
            "bonuses": [
                {
                    "id": 1,
                    "value": 1.08
                },
                {
                    "id": 2,
                    "value": 1.56
                }
            ],
            "required_ops_level": 52,
            "requirements": [
                {
                    "id": 0,
                    "type": "building",
                    "name": "Operations",
                    "value": 52
                },
                {
                    "id": 25,
                    "type": "building",
                    "name": "R&D Department",
                    "value": 52
                }
            ],
            "build_costs": {
                "resources": [
                    {
                        "id": 2325683920,
                        "type": "Parsteel",
                        "value": 901680000000
                    },
                    {
                        "id": 2614028847,
                        "type": "Dilithium",
                        "value": 3315000000
                    }
                ],
                "materials": [
                    {
                        "id": 1499705342,
                        "type": "5\u2605 Common Gas",
                        "grade": 5,
                        "rarity": 1,
                        "value": 42800
                    },
                    {
                        "id": 3329003172,
                        "type": "5\u2605 Uncommon Gas",
                        "grade": 5,
                        "rarity": 2,
                        "value": 8600
                    }
                ],
                "others": []
            },
            "rewards": null
        },
        {
            "level": 53,
            "power": 91000,
            "increased_power": 5000,
            "build_time": 50247360,
            "bonuses": [
                {
                    "id": 1,
                    "value": 1.12
                },
                {
                    "id": 2,
                    "value": 1.59
                }
            ],
            "required_ops_level": 53,
            "requirements": [
                {
                    "id": 0,
                    "type": "building",
                    "name": "Operations",
                    "value": 53
                },
                {
                    "id": 25,
                    "type": "building",
                    "name": "R&D Department",
                    "value": 53
                }
            ],
            "build_costs": {
                "resources": [
                    {
                        "id": 2325683920,
                        "type": "Parsteel",
                        "value": 1514496000000
                    },
                    {
                        "id": 2614028847,
                        "type": "Dilithium",
                        "value": 5800000000
                    }
                ],
                "materials": [
                    {
                        "id": 1499705342,
                        "type": "5\u2605 Common Gas",
                        "grade": 5,
                        "rarity": 1,
                        "value": 102600
                    },
                    {
                        "id": 3329003172,
                        "type": "5\u2605 Uncommon Gas",
                        "grade": 5,
                        "rarity": 2,
                        "value": 14900
                    }
                ],
                "others": []
            },
            "rewards": null
        },
        {
            "level": 54,
            "power": 97000,
            "increased_power": 6000,
            "build_time": 53261280,
            "bonuses": [
                {
                    "id": 1,
                    "value": 1.16
                },
                {
                    "id": 2,
                    "value": 1.62
                }
            ],
            "required_ops_level": 54,
            "requirements": [
                {
                    "id": 0,
                    "type": "building",
                    "name": "Operations",
                    "value": 54
                },
                {
                    "id": 25,
                    "type": "building",
                    "name": "R&D Department",
                    "value": 54
                }
            ],
            "build_costs": {
                "resources": [
                    {
                        "id": 2325683920,
                        "type": "Parsteel",
                        "value": 2271744000000
                    },
                    {
                        "id": 2614028847,
                        "type": "Dilithium",
                        "value": 8700000000
                    }
                ],
                "materials": [
                    {
                        "id": 1499705342,
                        "type": "5\u2605 Common Gas",
                        "grade": 5,
                        "rarity": 1,
                        "value": 87200
                    },
                    {
                        "id": 3329003172,
                        "type": "5\u2605 Uncommon Gas",
                        "grade": 5,
                        "rarity": 2,
                        "value": 18200
                    }
                ],
                "others": []
            },
            "rewards": null
        },
        {
            "level": 55,
            "power": 103000,
            "increased_power": 6000,
            "build_time": 56458080,
            "bonuses": [
                {
                    "id": 1,
                    "value": 1.2
                },
                {
                    "id": 2,
                    "value": 1.65
                }
            ],
            "required_ops_level": 55,
            "requirements": [
                {
                    "id": 0,
                    "type": "building",
                    "name": "Operations",
                    "value": 55
                },
                {
                    "id": 25,
                    "type": "building",
                    "name": "R&D Department",
                    "value": 55
                }
            ],
            "build_costs": {
                "resources": [
                    {
                        "id": 2325683920,
                        "type": "Parsteel",
                        "value": 3861312000000
                    },
                    {
                        "id": 2614028847,
                        "type": "Dilithium",
                        "value": 13650000000
                    }
                ],
                "materials": [
                    {
                        "id": 1499705342,
                        "type": "5\u2605 Common Gas",
                        "grade": 5,
                        "rarity": 1,
                        "value": 140000
                    },
                    {
                        "id": 768674708,
                        "type": "5\u2605 Rare Gas",
                        "grade": 5,
                        "rarity": 3,
                        "value": 4300
                    }
                ],
                "others": []
            },
            "rewards": null
        },
        {
            "level": 56,
            "power": 109000,
            "increased_power": 6000,
            "build_time": 59844960,
            "bonuses": [
                {
                    "id": 1,
                    "value": 1.24
                },
                {
                    "id": 2,
                    "value": 1.68
                }
            ],
            "required_ops_level": 56,
            "requirements": [
                {
                    "id": 0,
                    "type": "building",
                    "name": "Operations",
                    "value": 56
                },
                {
                    "id": 25,
                    "type": "building",
                    "name": "R&D Department",
                    "value": 56
                }
            ],
            "build_costs": {
                "resources": [
                    {
                        "id": 2325683920,
                        "type": "Parsteel",
                        "value": 6067776000000
                    },
                    {
                        "id": 2614028847,
                        "type": "Dilithium",
                        "value": 21450000000
                    }
                ],
                "materials": [
                    {
                        "id": 1499705342,
                        "type": "5\u2605 Common Gas",
                        "grade": 5,
                        "rarity": 1,
                        "value": 156300
                    },
                    {
                        "id": 768674708,
                        "type": "5\u2605 Rare Gas",
                        "grade": 5,
                        "rarity": 3,
                        "value": 6800
                    }
                ],
                "others": []
            },
            "rewards": null
        },
        {
            "level": 57,
            "power": 116000,
            "increased_power": 7000,
            "build_time": 63436320,
            "bonuses": [
                {
                    "id": 1,
                    "value": 1.28
                },
                {
                    "id": 2,
                    "value": 1.71
                }
            ],
            "required_ops_level": 57,
            "requirements": [
                {
                    "id": 0,
                    "type": "building",
                    "name": "Operations",
                    "value": 57
                },
                {
                    "id": 25,
                    "type": "building",
                    "name": "R&D Department",
                    "value": 57
                }
            ],
            "build_costs": {
                "resources": [
                    {
                        "id": 2325683920,
                        "type": "Parsteel",
                        "value": 9499110400000
                    },
                    {
                        "id": 2614028847,
                        "type": "Dilithium",
                        "value": 33580000000
                    }
                ],
                "materials": [
                    {
                        "id": 1499705342,
                        "type": "5\u2605 Common Gas",
                        "grade": 5,
                        "rarity": 1,
                        "value": 179900
                    },
                    {
                        "id": 768674708,
                        "type": "5\u2605 Rare Gas",
                        "grade": 5,
                        "rarity": 3,
                        "value": 8400
                    }
                ],
                "others": []
            },
            "rewards": null
        },
        {
            "level": 58,
            "power": 123000,
            "increased_power": 7000,
            "build_time": 67242240,
            "bonuses": [
                {
                    "id": 1,
                    "value": 1.32
                },
                {
                    "id": 2,
                    "value": 1.74
                }
            ],
            "required_ops_level": 58,
            "requirements": [
                {
                    "id": 0,
                    "type": "building",
                    "name": "Operations",
                    "value": 58
                },
                {
                    "id": 25,
                    "type": "building",
                    "name": "R&D Department",
                    "value": 58
                }
            ],
            "build_costs": {
                "resources": [
                    {
                        "id": 2325683920,
                        "type": "Parsteel",
                        "value": 13724467200000
                    },
                    {
                        "id": 2614028847,
                        "type": "Dilithium",
                        "value": 52560000000
                    }
                ],
                "materials": [
                    {
                        "id": 1499705342,
                        "type": "5\u2605 Common Gas",
                        "grade": 5,
                        "rarity": 1,
                        "value": 201800
                    },
                    {
                        "id": 768674708,
                        "type": "5\u2605 Rare Gas",
                        "grade": 5,
                        "rarity": 3,
                        "value": 5700
                    }
                ],
                "others": []
            },
            "rewards": null
        },
        {
            "level": 59,
            "power": 130000,
            "increased_power": 7000,
            "build_time": 71277120,
            "bonuses": [
                {
                    "id": 1,
                    "value": 1.36
                },
                {
                    "id": 2,
                    "value": 1.77
                }
            ],
            "required_ops_level": 59,
            "requirements": [
                {
                    "id": 0,
                    "type": "building",
                    "name": "Operations",
                    "value": 59
                },
                {
                    "id": 25,
                    "type": "building",
                    "name": "R&D Department",
                    "value": 59
                }
            ],
            "build_costs": {
                "resources": [
                    {
                        "id": 2325683920,
                        "type": "Parsteel",
                        "value": 20586700800000
                    },
                    {
                        "id": 2614028847,
                        "type": "Dilithium",
                        "value": 78840000000
                    }
                ],
                "materials": [
                    {
                        "id": 1499705342,
                        "type": "5\u2605 Common Gas",
                        "grade": 5,
                        "rarity": 1,
                        "value": 266100
                    },
                    {
                        "id": 3329003172,
                        "type": "5\u2605 Uncommon Gas",
                        "grade": 5,
                        "rarity": 2,
                        "value": 25600
                    }
                ],
                "others": []
            },
            "rewards": null
        },
        {
            "level": 60,
            "power": 138000,
            "increased_power": 8000,
            "build_time": 75552480,
            "bonuses": [
                {
                    "id": 1,
                    "value": 1.4
                },
                {
                    "id": 2,
                    "value": 1.8
                }
            ],
            "required_ops_level": 60,
            "requirements": [
                {
                    "id": 0,
                    "type": "building",
                    "name": "Operations",
                    "value": 60
                },
                {
                    "id": 25,
                    "type": "building",
                    "name": "R&D Department",
                    "value": 60
                }
            ],
            "build_costs": {
                "resources": [
                    {
                        "id": 2325683920,
                        "type": "Parsteel",
                        "value": 32150400000000
                    },
                    {
                        "id": 2614028847,
                        "type": "Dilithium",
                        "value": 123125000000
                    }
                ],
                "materials": [
                    {
                        "id": 3329003172,
                        "type": "5\u2605 Uncommon Gas",
                        "grade": 5,
                        "rarity": 2,
                        "value": 78300
                    },
                    {
                        "id": 768674708,
                        "type": "5\u2605 Rare Gas",
                        "grade": 5,
                        "rarity": 3,
                        "value": 15300
                    }
                ],
                "others": []
            },
            "rewards": null
        }
    ]
}