{
    "id": 16,
    "name": "Ship Hangar",
    "description": "The Ship Hangar is where extra ships are stored when they are not currently used in the active fleet. Upgrade the Hangar to increase the amount of Ships that can be owned.",
    "group": 2,
    "start_level": 0,
    "bonuses": [
        {
            "id": 1,
            "name": "Hull Health Bonus",
            "is_percentage": true
        },
        {
            "id": 2,
            "name": "Ship Inventory Slots",
            "is_percentage": false
        }
    ],
    "levels": [
        {
            "level": 1,
            "power": 0,
            "increased_power": 0,
            "build_time": 0,
            "bonuses": [
                {
                    "id": 1,
                    "value": 0.03
                },
                {
                    "id": 2,
                    "value": 20.0
                }
            ],
            "required_ops_level": 18,
            "requirements": [
                {
                    "id": 735376885,
                    "type": "research",
                    "name": "Unlock Ship Hangar",
                    "value": 1
                }
            ],
            "build_costs": {
                "resources": [],
                "materials": [],
                "others": []
            },
            "rewards": null
        },
        {
            "level": 2,
            "power": 20,
            "increased_power": 20,
            "build_time": 360,
            "bonuses": [
                {
                    "id": 1,
                    "value": 0.06
                },
                {
                    "id": 2,
                    "value": 21.0
                }
            ],
            "required_ops_level": 18,
            "requirements": [
                {
                    "id": 0,
                    "type": "building",
                    "name": "Operations",
                    "value": 2
                },
                {
                    "id": 15,
                    "type": "building",
                    "name": "Shipyard",
                    "value": 11
                },
                {
                    "id": 735376885,
                    "type": "research",
                    "name": "Unlock Ship Hangar",
                    "value": 1
                }
            ],
            "build_costs": {
                "resources": [
                    {
                        "id": 2325683920,
                        "type": "Parsteel",
                        "value": 15500
                    }
                ],
                "materials": [],
                "others": []
            },
            "rewards": null
        },
        {
            "level": 3,
            "power": 32,
            "increased_power": 12,
            "build_time": 840,
            "bonuses": [
                {
                    "id": 1,
                    "value": 0.09
                },
                {
                    "id": 2,
                    "value": 22.0
                }
            ],
            "required_ops_level": 18,
            "requirements": [
                {
                    "id": 0,
                    "type": "building",
                    "name": "Operations",
                    "value": 3
                },
                {
                    "id": 15,
                    "type": "building",
                    "name": "Shipyard",
                    "value": 11
                }
            ],
            "build_costs": {
                "resources": [
                    {
                        "id": 2325683920,
                        "type": "Parsteel",
                        "value": 16000
                    }
                ],
                "materials": [],
                "others": []
            },
            "rewards": null
        },
        {
            "level": 4,
            "power": 45,
            "increased_power": 13,
            "build_time": 1200,
            "bonuses": [
                {
                    "id": 1,
                    "value": 0.12
                },
                {
                    "id": 2,
                    "value": 23.0
                }
            ],
            "required_ops_level": 18,
            "requirements": [
                {
                    "id": 0,
                    "type": "building",
                    "name": "Operations",
                    "value": 4
                },
                {
                    "id": 15,
                    "type": "building",
                    "name": "Shipyard",
                    "value": 11
                }
            ],
            "build_costs": {
                "resources": [
                    {
                        "id": 2325683920,
                        "type": "Parsteel",
                        "value": 16500
                    }
                ],
                "materials": [],
                "others": []
            },
            "rewards": null
        },
        {
            "level": 5,
            "power": 60,
            "increased_power": 15,
            "build_time": 1920,
            "bonuses": [
                {
                    "id": 1,
                    "value": 0.15
                },
                {
                    "id": 2,
                    "value": 24.0
                }
            ],
            "required_ops_level": 18,
            "requirements": [
                {
                    "id": 0,
                    "type": "building",
                    "name": "Operations",
                    "value": 5
                },
                {
                    "id": 15,
                    "type": "building",
                    "name": "Shipyard",
                    "value": 11
                }
            ],
            "build_costs": {
                "resources": [
                    {
                        "id": 2325683920,
                        "type": "Parsteel",
                        "value": 17000
                    }
                ],
                "materials": [],
                "others": []
            },
            "rewards": null
        },
        {
            "level": 6,
            "power": 80,
            "increased_power": 20,
            "build_time": 3240,
            "bonuses": [
                {
                    "id": 1,
                    "value": 0.18
                },
                {
                    "id": 2,
                    "value": 25.0
                }
            ],
            "required_ops_level": 18,
            "requirements": [
                {
                    "id": 0,
                    "type": "building",
                    "name": "Operations",
                    "value": 6
                },
                {
                    "id": 15,
                    "type": "building",
                    "name": "Shipyard",
                    "value": 11
                }
            ],
            "build_costs": {
                "resources": [
                    {
                        "id": 2325683920,
                        "type": "Parsteel",
                        "value": 17500
                    }
                ],
                "materials": [],
                "others": []
            },
            "rewards": null
        },
        {
            "level": 7,
            "power": 100,
            "increased_power": 20,
            "build_time": 6300,
            "bonuses": [
                {
                    "id": 1,
                    "value": 0.21
                },
                {
                    "id": 2,
                    "value": 26.0
                }
            ],
            "required_ops_level": 18,
            "requirements": [
                {
                    "id": 0,
                    "type": "building",
                    "name": "Operations",
                    "value": 7
                },
                {
                    "id": 15,
                    "type": "building",
                    "name": "Shipyard",
                    "value": 11
                }
            ],
            "build_costs": {
                "resources": [
                    {
                        "id": 2325683920,
                        "type": "Parsteel",
                        "value": 18000
                    },
                    {
                        "id": 743985951,
                        "type": "Tritanium",
                        "value": 19
                    }
                ],
                "materials": [],
                "others": []
            },
            "rewards": null
        },
        {
            "level": 8,
            "power": 130,
            "increased_power": 30,
            "build_time": 8700,
            "bonuses": [
                {
                    "id": 1,
                    "value": 0.24
                },
                {
                    "id": 2,
                    "value": 27.0
                }
            ],
            "required_ops_level": 18,
            "requirements": [
                {
                    "id": 0,
                    "type": "building",
                    "name": "Operations",
                    "value": 8
                },
                {
                    "id": 15,
                    "type": "building",
                    "name": "Shipyard",
                    "value": 11
                }
            ],
            "build_costs": {
                "resources": [
                    {
                        "id": 2325683920,
                        "type": "Parsteel",
                        "value": 18500
                    },
                    {
                        "id": 743985951,
                        "type": "Tritanium",
                        "value": 60
                    }
                ],
                "materials": [],
                "others": []
            },
            "rewards": null
        },
        {
            "level": 9,
            "power": 170,
            "increased_power": 40,
            "build_time": 13200,
            "bonuses": [
                {
                    "id": 1,
                    "value": 0.27
                },
                {
                    "id": 2,
                    "value": 28.0
                }
            ],
            "required_ops_level": 18,
            "requirements": [
                {
                    "id": 0,
                    "type": "building",
                    "name": "Operations",
                    "value": 9
                },
                {
                    "id": 15,
                    "type": "building",
                    "name": "Shipyard",
                    "value": 11
                }
            ],
            "build_costs": {
                "resources": [
                    {
                        "id": 2325683920,
                        "type": "Parsteel",
                        "value": 19000
                    },
                    {
                        "id": 743985951,
                        "type": "Tritanium",
                        "value": 150
                    }
                ],
                "materials": [],
                "others": []
            },
            "rewards": null
        },
        {
            "level": 10,
            "power": 210,
            "increased_power": 40,
            "build_time": 14700,
            "bonuses": [
                {
                    "id": 1,
                    "value": 0.3
                },
                {
                    "id": 2,
                    "value": 29.0
                }
            ],
            "required_ops_level": 18,
            "requirements": [
                {
                    "id": 0,
                    "type": "building",
                    "name": "Operations",
                    "value": 10
                },
                {
                    "id": 15,
                    "type": "building",
                    "name": "Shipyard",
                    "value": 11
                }
            ],
            "build_costs": {
                "resources": [
                    {
                        "id": 2325683920,
                        "type": "Parsteel",
                        "value": 19500
                    },
                    {
                        "id": 743985951,
                        "type": "Tritanium",
                        "value": 300
                    }
                ],
                "materials": [],
                "others": []
            },
            "rewards": null
        },
        {
            "level": 11,
            "power": 260,
            "increased_power": 50,
            "build_time": 15300,
            "bonuses": [
                {
                    "id": 1,
                    "value": 0.33
                },
                {
                    "id": 2,
                    "value": 30.0
                }
            ],
            "required_ops_level": 18,
            "requirements": [
                {
                    "id": 0,
                    "type": "building",
                    "name": "Operations",
                    "value": 11
                },
                {
                    "id": 15,
                    "type": "building",
                    "name": "Shipyard",
                    "value": 11
                }
            ],
            "build_costs": {
                "resources": [
                    {
                        "id": 2325683920,
                        "type": "Parsteel",
                        "value": 20400
                    },
                    {
                        "id": 743985951,
                        "type": "Tritanium",
                        "value": 400
                    }
                ],
                "materials": [],
                "others": []
            },
            "rewards": null
        },
        {
            "level": 12,
            "power": 330,
            "increased_power": 70,
            "build_time": 27360,
            "bonuses": [
                {
                    "id": 1,
                    "value": 0.36
                },
                {
                    "id": 2,
                    "value": 31.0
                }
            ],
            "required_ops_level": 18,
            "requirements": [
                {
                    "id": 0,
                    "type": "building",
                    "name": "Operations",
                    "value": 12
                },
                {
                    "id": 15,
                    "type": "building",
                    "name": "Shipyard",
                    "value": 12
                }
            ],
            "build_costs": {
                "resources": [
                    {
                        "id": 2325683920,
                        "type": "Parsteel",
                        "value": 28050
                    },
                    {
                        "id": 743985951,
                        "type": "Tritanium",
                        "value": 550
                    }
                ],
                "materials": [],
                "others": []
            },
            "rewards": null
        },
        {
            "level": 13,
            "power": 400,
            "increased_power": 70,
            "build_time": 41040,
            "bonuses": [
                {
                    "id": 1,
                    "value": 0.39
                },
                {
                    "id": 2,
                    "value": 32.0
                }
            ],
            "required_ops_level": 18,
            "requirements": [
                {
                    "id": 0,
                    "type": "building",
                    "name": "Operations",
                    "value": 13
                },
                {
                    "id": 15,
                    "type": "building",
                    "name": "Shipyard",
                    "value": 13
                }
            ],
            "build_costs": {
                "resources": [
                    {
                        "id": 2325683920,
                        "type": "Parsteel",
                        "value": 40800
                    },
                    {
                        "id": 743985951,
                        "type": "Tritanium",
                        "value": 800
                    }
                ],
                "materials": [],
                "others": []
            },
            "rewards": null
        },
        {
            "level": 14,
            "power": 490,
            "increased_power": 90,
            "build_time": 57600,
            "bonuses": [
                {
                    "id": 1,
                    "value": 0.42
                },
                {
                    "id": 2,
                    "value": 33.0
                }
            ],
            "required_ops_level": 18,
            "requirements": [
                {
                    "id": 0,
                    "type": "building",
                    "name": "Operations",
                    "value": 14
                },
                {
                    "id": 15,
                    "type": "building",
                    "name": "Shipyard",
                    "value": 14
                }
            ],
            "build_costs": {
                "resources": [
                    {
                        "id": 2325683920,
                        "type": "Parsteel",
                        "value": 56100
                    },
                    {
                        "id": 743985951,
                        "type": "Tritanium",
                        "value": 1100
                    }
                ],
                "materials": [],
                "others": []
            },
            "rewards": null
        },
        {
            "level": 15,
            "power": 575,
            "increased_power": 85,
            "build_time": 73440,
            "bonuses": [
                {
                    "id": 1,
                    "value": 0.45
                },
                {
                    "id": 2,
                    "value": 34.0
                }
            ],
            "required_ops_level": 18,
            "requirements": [
                {
                    "id": 0,
                    "type": "building",
                    "name": "Operations",
                    "value": 15
                },
                {
                    "id": 15,
                    "type": "building",
                    "name": "Shipyard",
                    "value": 15
                }
            ],
            "build_costs": {
                "resources": [
                    {
                        "id": 2325683920,
                        "type": "Parsteel",
                        "value": 76500
                    },
                    {
                        "id": 743985951,
                        "type": "Tritanium",
                        "value": 1500
                    }
                ],
                "materials": [],
                "others": []
            },
            "rewards": null
        },
        {
            "level": 16,
            "power": 700,
            "increased_power": 125,
            "build_time": 87120,
            "bonuses": [
                {
                    "id": 1,
                    "value": 0.48
                },
                {
                    "id": 2,
                    "value": 35.0
                }
            ],
            "required_ops_level": 18,
            "requirements": [
                {
                    "id": 0,
                    "type": "building",
                    "name": "Operations",
                    "value": 16
                },
                {
                    "id": 15,
                    "type": "building",
                    "name": "Shipyard",
                    "value": 16
                }
            ],
            "build_costs": {
                "resources": [
                    {
                        "id": 2325683920,
                        "type": "Parsteel",
                        "value": 102000
                    },
                    {
                        "id": 743985951,
                        "type": "Tritanium",
                        "value": 2000
                    }
                ],
                "materials": [],
                "others": []
            },
            "rewards": null
        },
        {
            "level": 17,
            "power": 825,
            "increased_power": 125,
            "build_time": 93600,
            "bonuses": [
                {
                    "id": 1,
                    "value": 0.51
                },
                {
                    "id": 2,
                    "value": 36.0
                }
            ],
            "required_ops_level": 18,
            "requirements": [
                {
                    "id": 0,
                    "type": "building",
                    "name": "Operations",
                    "value": 17
                },
                {
                    "id": 15,
                    "type": "building",
                    "name": "Shipyard",
                    "value": 17
                }
            ],
            "build_costs": {
                "resources": [
                    {
                        "id": 2325683920,
                        "type": "Parsteel",
                        "value": 142800
                    },
                    {
                        "id": 743985951,
                        "type": "Tritanium",
                        "value": 2800
                    }
                ],
                "materials": [],
                "others": []
            },
            "rewards": null
        },
        {
            "level": 18,
            "power": 975,
            "increased_power": 150,
            "build_time": 143280,
            "bonuses": [
                {
                    "id": 1,
                    "value": 0.54
                },
                {
                    "id": 2,
                    "value": 37.0
                }
            ],
            "required_ops_level": 18,
            "requirements": [
                {
                    "id": 0,
                    "type": "building",
                    "name": "Operations",
                    "value": 18
                },
                {
                    "id": 15,
                    "type": "building",
                    "name": "Shipyard",
                    "value": 18
                }
            ],
            "build_costs": {
                "resources": [
                    {
                        "id": 2325683920,
                        "type": "Parsteel",
                        "value": 204000
                    },
                    {
                        "id": 743985951,
                        "type": "Tritanium",
                        "value": 4000
                    }
                ],
                "materials": [],
                "others": []
            },
            "rewards": null
        },
        {
            "level": 19,
            "power": 1150,
            "increased_power": 175,
            "build_time": 207360,
            "bonuses": [
                {
                    "id": 1,
                    "value": 0.57
                },
                {
                    "id": 2,
                    "value": 38.0
                }
            ],
            "required_ops_level": 19,
            "requirements": [
                {
                    "id": 0,
                    "type": "building",
                    "name": "Operations",
                    "value": 19
                },
                {
                    "id": 15,
                    "type": "building",
                    "name": "Shipyard",
                    "value": 19
                }
            ],
            "build_costs": {
                "resources": [
                    {
                        "id": 2325683920,
                        "type": "Parsteel",
                        "value": 306000
                    },
                    {
                        "id": 743985951,
                        "type": "Tritanium",
                        "value": 6000
                    }
                ],
                "materials": [],
                "others": []
            },
            "rewards": null
        },
        {
            "level": 20,
            "power": 1350,
            "increased_power": 200,
            "build_time": 312480,
            "bonuses": [
                {
                    "id": 1,
                    "value": 0.6
                },
                {
                    "id": 2,
                    "value": 39.0
                }
            ],
            "required_ops_level": 20,
            "requirements": [
                {
                    "id": 0,
                    "type": "building",
                    "name": "Operations",
                    "value": 20
                },
                {
                    "id": 15,
                    "type": "building",
                    "name": "Shipyard",
                    "value": 20
                }
            ],
            "build_costs": {
                "resources": [
                    {
                        "id": 2325683920,
                        "type": "Parsteel",
                        "value": 433500
                    },
                    {
                        "id": 743985951,
                        "type": "Tritanium",
                        "value": 8500
                    }
                ],
                "materials": [],
                "others": []
            },
            "rewards": null
        },
        {
            "level": 21,
            "power": 1600,
            "increased_power": 250,
            "build_time": 285120,
            "bonuses": [
                {
                    "id": 1,
                    "value": 0.63
                },
                {
                    "id": 2,
                    "value": 40.0
                }
            ],
            "required_ops_level": 21,
            "requirements": [
                {
                    "id": 0,
                    "type": "building",
                    "name": "Operations",
                    "value": 21
                },
                {
                    "id": 15,
                    "type": "building",
                    "name": "Shipyard",
                    "value": 21
                }
            ],
            "build_costs": {
                "resources": [
                    {
                        "id": 2325683920,
                        "type": "Parsteel",
                        "value": 729810
                    },
                    {
                        "id": 743985951,
                        "type": "Tritanium",
                        "value": 14310
                    }
                ],
                "materials": [],
                "others": []
            },
            "rewards": null
        },
        {
            "level": 22,
            "power": 1800,
            "increased_power": 200,
            "build_time": 444960,
            "bonuses": [
                {
                    "id": 1,
                    "value": 0.66
                },
                {
                    "id": 2,
                    "value": 41.0
                }
            ],
            "required_ops_level": 22,
            "requirements": [
                {
                    "id": 0,
                    "type": "building",
                    "name": "Operations",
                    "value": 22
                },
                {
                    "id": 15,
                    "type": "building",
                    "name": "Shipyard",
                    "value": 22
                }
            ],
            "build_costs": {
                "resources": [
                    {
                        "id": 2325683920,
                        "type": "Parsteel",
                        "value": 1135260
                    },
                    {
                        "id": 743985951,
                        "type": "Tritanium",
                        "value": 22260
                    }
                ],
                "materials": [],
                "others": []
            },
            "rewards": null
        },
        {
            "level": 23,
            "power": 2100,
            "increased_power": 300,
            "build_time": 524160,
            "bonuses": [
                {
                    "id": 1,
                    "value": 0.69
                },
                {
                    "id": 2,
                    "value": 42.0
                }
            ],
            "required_ops_level": 23,
            "requirements": [
                {
                    "id": 0,
                    "type": "building",
                    "name": "Operations",
                    "value": 23
                },
                {
                    "id": 15,
                    "type": "building",
                    "name": "Shipyard",
                    "value": 23
                }
            ],
            "build_costs": {
                "resources": [
                    {
                        "id": 2325683920,
                        "type": "Parsteel",
                        "value": 1868130
                    },
                    {
                        "id": 743985951,
                        "type": "Tritanium",
                        "value": 36630
                    }
                ],
                "materials": [],
                "others": []
            },
            "rewards": null
        },
        {
            "level": 24,
            "power": 2300,
            "increased_power": 200,
            "build_time": 643680,
            "bonuses": [
                {
                    "id": 1,
                    "value": 0.72
                },
                {
                    "id": 2,
                    "value": 43.0
                }
            ],
            "required_ops_level": 24,
            "requirements": [
                {
                    "id": 0,
                    "type": "building",
                    "name": "Operations",
                    "value": 24
                },
                {
                    "id": 15,
                    "type": "building",
                    "name": "Shipyard",
                    "value": 24
                }
            ],
            "build_costs": {
                "resources": [
                    {
                        "id": 2325683920,
                        "type": "Parsteel",
                        "value": 2943720
                    },
                    {
                        "id": 743985951,
                        "type": "Tritanium",
                        "value": 57720
                    }
                ],
                "materials": [
                    {
                        "id": 67391873,
                        "type": "3\u2605 Common Crystal",
                        "grade": 3,
                        "rarity": 1,
                        "value": 150
                    }
                ],
                "others": []
            },
            "rewards": null
        },
        {
            "level": 25,
            "power": 2700,
            "increased_power": 400,
            "build_time": 594720,
            "bonuses": [
                {
                    "id": 1,
                    "value": 0.75
                },
                {
                    "id": 2,
                    "value": 44.0
                }
            ],
            "required_ops_level": 25,
            "requirements": [
                {
                    "id": 0,
                    "type": "building",
                    "name": "Operations",
                    "value": 25
                },
                {
                    "id": 15,
                    "type": "building",
                    "name": "Shipyard",
                    "value": 25
                }
            ],
            "build_costs": {
                "resources": [
                    {
                        "id": 2325683920,
                        "type": "Parsteel",
                        "value": 4773600
                    },
                    {
                        "id": 743985951,
                        "type": "Tritanium",
                        "value": 93600
                    }
                ],
                "materials": [
                    {
                        "id": 67391873,
                        "type": "3\u2605 Common Crystal",
                        "grade": 3,
                        "rarity": 1,
                        "value": 190
                    },
                    {
                        "id": 2367328925,
                        "type": "3\u2605 Uncommon Crystal",
                        "grade": 3,
                        "rarity": 2,
                        "value": 1
                    }
                ],
                "others": []
            },
            "rewards": null
        },
        {
            "level": 26,
            "power": 3000,
            "increased_power": 300,
            "build_time": 807840,
            "bonuses": [
                {
                    "id": 1,
                    "value": 0.78
                },
                {
                    "id": 2,
                    "value": 45.0
                }
            ],
            "required_ops_level": 26,
            "requirements": [
                {
                    "id": 0,
                    "type": "building",
                    "name": "Operations",
                    "value": 26
                },
                {
                    "id": 15,
                    "type": "building",
                    "name": "Shipyard",
                    "value": 26
                }
            ],
            "build_costs": {
                "resources": [
                    {
                        "id": 2325683920,
                        "type": "Parsteel",
                        "value": 7458750
                    },
                    {
                        "id": 743985951,
                        "type": "Tritanium",
                        "value": 146250
                    }
                ],
                "materials": [
                    {
                        "id": 67391873,
                        "type": "3\u2605 Common Crystal",
                        "grade": 3,
                        "rarity": 1,
                        "value": 230
                    },
                    {
                        "id": 2367328925,
                        "type": "3\u2605 Uncommon Crystal",
                        "grade": 3,
                        "rarity": 2,
                        "value": 4
                    }
                ],
                "others": []
            },
            "rewards": null
        },
        {
            "level": 27,
            "power": 3400,
            "increased_power": 400,
            "build_time": 920160,
            "bonuses": [
                {
                    "id": 1,
                    "value": 0.81
                },
                {
                    "id": 2,
                    "value": 46.0
                }
            ],
            "required_ops_level": 27,
            "requirements": [
                {
                    "id": 0,
                    "type": "building",
                    "name": "Operations",
                    "value": 27
                },
                {
                    "id": 15,
                    "type": "building",
                    "name": "Shipyard",
                    "value": 27
                }
            ],
            "build_costs": {
                "resources": [
                    {
                        "id": 2325683920,
                        "type": "Parsteel",
                        "value": 11383200
                    },
                    {
                        "id": 743985951,
                        "type": "Tritanium",
                        "value": 223200
                    }
                ],
                "materials": [
                    {
                        "id": 67391873,
                        "type": "3\u2605 Common Crystal",
                        "grade": 3,
                        "rarity": 1,
                        "value": 290
                    },
                    {
                        "id": 2367328925,
                        "type": "3\u2605 Uncommon Crystal",
                        "grade": 3,
                        "rarity": 2,
                        "value": 10
                    }
                ],
                "others": []
            },
            "rewards": null
        },
        {
            "level": 28,
            "power": 3800,
            "increased_power": 400,
            "build_time": 1068480,
            "bonuses": [
                {
                    "id": 1,
                    "value": 0.84
                },
                {
                    "id": 2,
                    "value": 48.0
                }
            ],
            "required_ops_level": 28,
            "requirements": [
                {
                    "id": 0,
                    "type": "building",
                    "name": "Operations",
                    "value": 28
                },
                {
                    "id": 15,
                    "type": "building",
                    "name": "Shipyard",
                    "value": 28
                }
            ],
            "build_costs": {
                "resources": [
                    {
                        "id": 2325683920,
                        "type": "Parsteel",
                        "value": 17074800
                    },
                    {
                        "id": 743985951,
                        "type": "Tritanium",
                        "value": 334800
                    }
                ],
                "materials": [
                    {
                        "id": 67391873,
                        "type": "3\u2605 Common Crystal",
                        "grade": 3,
                        "rarity": 1,
                        "value": 360
                    },
                    {
                        "id": 2367328925,
                        "type": "3\u2605 Uncommon Crystal",
                        "grade": 3,
                        "rarity": 2,
                        "value": 18
                    }
                ],
                "others": []
            },
            "rewards": null
        },
        {
            "level": 29,
            "power": 4300,
            "increased_power": 500,
            "build_time": 1177920,
            "bonuses": [
                {
                    "id": 1,
                    "value": 0.87
                },
                {
                    "id": 2,
                    "value": 49.0
                }
            ],
            "required_ops_level": 29,
            "requirements": [
                {
                    "id": 0,
                    "type": "building",
                    "name": "Operations",
                    "value": 29
                },
                {
                    "id": 15,
                    "type": "building",
                    "name": "Shipyard",
                    "value": 29
                }
            ],
            "build_costs": {
                "resources": [
                    {
                        "id": 2325683920,
                        "type": "Parsteel",
                        "value": 27183000
                    },
                    {
                        "id": 743985951,
                        "type": "Tritanium",
                        "value": 533000
                    }
                ],
                "materials": [
                    {
                        "id": 67391873,
                        "type": "3\u2605 Common Crystal",
                        "grade": 3,
                        "rarity": 1,
                        "value": 450
                    },
                    {
                        "id": 2367328925,
                        "type": "3\u2605 Uncommon Crystal",
                        "grade": 3,
                        "rarity": 2,
                        "value": 30
                    }
                ],
                "others": []
            },
            "rewards": null
        },
        {
            "level": 30,
            "power": 4700,
            "increased_power": 400,
            "build_time": 1277280,
            "bonuses": [
                {
                    "id": 1,
                    "value": 0.9
                },
                {
                    "id": 2,
                    "value": 50.0
                }
            ],
            "required_ops_level": 30,
            "requirements": [
                {
                    "id": 0,
                    "type": "building",
                    "name": "Operations",
                    "value": 30
                },
                {
                    "id": 15,
                    "type": "building",
                    "name": "Shipyard",
                    "value": 30
                }
            ],
            "build_costs": {
                "resources": [
                    {
                        "id": 2325683920,
                        "type": "Parsteel",
                        "value": 39780000
                    },
                    {
                        "id": 743985951,
                        "type": "Tritanium",
                        "value": 780000
                    }
                ],
                "materials": [
                    {
                        "id": 67391873,
                        "type": "3\u2605 Common Crystal",
                        "grade": 3,
                        "rarity": 1,
                        "value": 500
                    },
                    {
                        "id": 2367328925,
                        "type": "3\u2605 Uncommon Crystal",
                        "grade": 3,
                        "rarity": 2,
                        "value": 45
                    }
                ],
                "others": []
            },
            "rewards": null
        },
        {
            "level": 31,
            "power": 5250,
            "increased_power": 550,
            "build_time": 1676160,
            "bonuses": [
                {
                    "id": 1,
                    "value": 0.93
                },
                {
                    "id": 2,
                    "value": 51.0
                }
            ],
            "required_ops_level": 31,
            "requirements": [
                {
                    "id": 0,
                    "type": "building",
                    "name": "Operations",
                    "value": 31
                },
                {
                    "id": 15,
                    "type": "building",
                    "name": "Shipyard",
                    "value": 31
                }
            ],
            "build_costs": {
                "resources": [
                    {
                        "id": 2325683920,
                        "type": "Parsteel",
                        "value": 62883000
                    },
                    {
                        "id": 743985951,
                        "type": "Tritanium",
                        "value": 1233000
                    }
                ],
                "materials": [
                    {
                        "id": 2367328925,
                        "type": "3\u2605 Uncommon Crystal",
                        "grade": 3,
                        "rarity": 2,
                        "value": 65
                    }
                ],
                "others": []
            },
            "rewards": null
        },
        {
            "level": 32,
            "power": 5750,
            "increased_power": 500,
            "build_time": 1637280,
            "bonuses": [
                {
                    "id": 1,
                    "value": 0.96
                },
                {
                    "id": 2,
                    "value": 52.0
                }
            ],
            "required_ops_level": 32,
            "requirements": [
                {
                    "id": 0,
                    "type": "building",
                    "name": "Operations",
                    "value": 32
                },
                {
                    "id": 15,
                    "type": "building",
                    "name": "Shipyard",
                    "value": 32
                }
            ],
            "build_costs": {
                "resources": [
                    {
                        "id": 2325683920,
                        "type": "Parsteel",
                        "value": 90831000
                    },
                    {
                        "id": 743985951,
                        "type": "Tritanium",
                        "value": 1781000
                    }
                ],
                "materials": [
                    {
                        "id": 67391873,
                        "type": "3\u2605 Common Crystal",
                        "grade": 3,
                        "rarity": 1,
                        "value": 800
                    },
                    {
                        "id": 2367328925,
                        "type": "3\u2605 Uncommon Crystal",
                        "grade": 3,
                        "rarity": 2,
                        "value": 87
                    }
                ],
                "others": []
            },
            "rewards": null
        },
        {
            "level": 33,
            "power": 6500,
            "increased_power": 750,
            "build_time": 2378880,
            "bonuses": [
                {
                    "id": 1,
                    "value": 0.99
                },
                {
                    "id": 2,
                    "value": 53.0
                }
            ],
            "required_ops_level": 33,
            "requirements": [
                {
                    "id": 0,
                    "type": "building",
                    "name": "Operations",
                    "value": 33
                },
                {
                    "id": 15,
                    "type": "building",
                    "name": "Shipyard",
                    "value": 33
                }
            ],
            "build_costs": {
                "resources": [
                    {
                        "id": 2325683920,
                        "type": "Parsteel",
                        "value": 140505000
                    },
                    {
                        "id": 743985951,
                        "type": "Tritanium",
                        "value": 2755000
                    }
                ],
                "materials": [
                    {
                        "id": 67391873,
                        "type": "3\u2605 Common Crystal",
                        "grade": 3,
                        "rarity": 1,
                        "value": 1000
                    },
                    {
                        "id": 2367328925,
                        "type": "3\u2605 Uncommon Crystal",
                        "grade": 3,
                        "rarity": 2,
                        "value": 110
                    }
                ],
                "others": []
            },
            "rewards": null
        },
        {
            "level": 34,
            "power": 7000,
            "increased_power": 500,
            "build_time": 3149280,
            "bonuses": [
                {
                    "id": 1,
                    "value": 1.02
                },
                {
                    "id": 2,
                    "value": 54.0
                }
            ],
            "required_ops_level": 34,
            "requirements": [
                {
                    "id": 0,
                    "type": "building",
                    "name": "Operations",
                    "value": 34
                },
                {
                    "id": 15,
                    "type": "building",
                    "name": "Shipyard",
                    "value": 34
                }
            ],
            "build_costs": {
                "resources": [
                    {
                        "id": 2325683920,
                        "type": "Parsteel",
                        "value": 221850000
                    },
                    {
                        "id": 743985951,
                        "type": "Tritanium",
                        "value": 4350000
                    }
                ],
                "materials": [
                    {
                        "id": 2367328925,
                        "type": "3\u2605 Uncommon Crystal",
                        "grade": 3,
                        "rarity": 2,
                        "value": 140
                    }
                ],
                "others": []
            },
            "rewards": null
        },
        {
            "level": 35,
            "power": 7750,
            "increased_power": 750,
            "build_time": 4151520,
            "bonuses": [
                {
                    "id": 1,
                    "value": 1.05
                },
                {
                    "id": 2,
                    "value": 55.0
                }
            ],
            "required_ops_level": 35,
            "requirements": [
                {
                    "id": 0,
                    "type": "building",
                    "name": "Operations",
                    "value": 35
                },
                {
                    "id": 15,
                    "type": "building",
                    "name": "Shipyard",
                    "value": 35
                }
            ],
            "build_costs": {
                "resources": [
                    {
                        "id": 2325683920,
                        "type": "Parsteel",
                        "value": 343332000
                    },
                    {
                        "id": 743985951,
                        "type": "Tritanium",
                        "value": 6732000
                    }
                ],
                "materials": [
                    {
                        "id": 67391873,
                        "type": "3\u2605 Common Crystal",
                        "grade": 3,
                        "rarity": 1,
                        "value": 1300
                    },
                    {
                        "id": 2367328925,
                        "type": "3\u2605 Uncommon Crystal",
                        "grade": 3,
                        "rarity": 2,
                        "value": 180
                    }
                ],
                "others": []
            },
            "rewards": null
        },
        {
            "level": 36,
            "power": 8500,
            "increased_power": 750,
            "build_time": 5304960,
            "bonuses": [
                {
                    "id": 1,
                    "value": 1.08
                },
                {
                    "id": 2,
                    "value": 56.0
                }
            ],
            "required_ops_level": 36,
            "requirements": [
                {
                    "id": 0,
                    "type": "building",
                    "name": "Operations",
                    "value": 36
                },
                {
                    "id": 15,
                    "type": "building",
                    "name": "Shipyard",
                    "value": 36
                }
            ],
            "build_costs": {
                "resources": [
                    {
                        "id": 2325683920,
                        "type": "Parsteel",
                        "value": 483786000
                    },
                    {
                        "id": 743985951,
                        "type": "Tritanium",
                        "value": 9486000
                    }
                ],
                "materials": [
                    {
                        "id": 2367328925,
                        "type": "3\u2605 Uncommon Crystal",
                        "grade": 3,
                        "rarity": 2,
                        "value": 220
                    }
                ],
                "others": []
            },
            "rewards": null
        },
        {
            "level": 37,
            "power": 9250,
            "increased_power": 750,
            "build_time": 5482080,
            "bonuses": [
                {
                    "id": 1,
                    "value": 1.11
                },
                {
                    "id": 2,
                    "value": 57.0
                }
            ],
            "required_ops_level": 37,
            "requirements": [
                {
                    "id": 0,
                    "type": "building",
                    "name": "Operations",
                    "value": 37
                },
                {
                    "id": 15,
                    "type": "building",
                    "name": "Shipyard",
                    "value": 37
                }
            ],
            "build_costs": {
                "resources": [
                    {
                        "id": 2325683920,
                        "type": "Parsteel",
                        "value": 743580000
                    },
                    {
                        "id": 743985951,
                        "type": "Tritanium",
                        "value": 14580000
                    }
                ],
                "materials": [
                    {
                        "id": 67391873,
                        "type": "3\u2605 Common Crystal",
                        "grade": 3,
                        "rarity": 1,
                        "value": 1800
                    },
                    {
                        "id": 2367328925,
                        "type": "3\u2605 Uncommon Crystal",
                        "grade": 3,
                        "rarity": 2,
                        "value": 260
                    }
                ],
                "others": []
            },
            "rewards": null
        },
        {
            "level": 38,
            "power": 10250,
            "increased_power": 1000,
            "build_time": 8890560,
            "bonuses": [
                {
                    "id": 1,
                    "value": 1.14
                },
                {
                    "id": 2,
                    "value": 58.0
                }
            ],
            "required_ops_level": 38,
            "requirements": [
                {
                    "id": 0,
                    "type": "building",
                    "name": "Operations",
                    "value": 38
                },
                {
                    "id": 15,
                    "type": "building",
                    "name": "Shipyard",
                    "value": 38
                },
                {
                    "id": 37,
                    "type": "building",
                    "name": "Defense Platform D",
                    "value": 38
                }
            ],
            "build_costs": {
                "resources": [
                    {
                        "id": 2325683920,
                        "type": "Parsteel",
                        "value": 1156680000
                    },
                    {
                        "id": 743985951,
                        "type": "Tritanium",
                        "value": 22680000
                    }
                ],
                "materials": [
                    {
                        "id": 67391873,
                        "type": "3\u2605 Common Crystal",
                        "grade": 3,
                        "rarity": 1,
                        "value": 2100
                    },
                    {
                        "id": 2367328925,
                        "type": "3\u2605 Uncommon Crystal",
                        "grade": 3,
                        "rarity": 2,
                        "value": 310
                    }
                ],
                "others": []
            },
            "rewards": null
        },
        {
            "level": 39,
            "power": 11000,
            "increased_power": 750,
            "build_time": 11800800,
            "bonuses": [
                {
                    "id": 1,
                    "value": 1.17
                },
                {
                    "id": 2,
                    "value": 59.0
                }
            ],
            "required_ops_level": 39,
            "requirements": [
                {
                    "id": 0,
                    "type": "building",
                    "name": "Operations",
                    "value": 39
                },
                {
                    "id": 15,
                    "type": "building",
                    "name": "Shipyard",
                    "value": 39
                },
                {
                    "id": 37,
                    "type": "building",
                    "name": "Defense Platform D",
                    "value": 39
                }
            ],
            "build_costs": {
                "resources": [
                    {
                        "id": 2325683920,
                        "type": "Parsteel",
                        "value": 1973700000
                    },
                    {
                        "id": 743985951,
                        "type": "Tritanium",
                        "value": 38700000
                    }
                ],
                "materials": [
                    {
                        "id": 67391873,
                        "type": "3\u2605 Common Crystal",
                        "grade": 3,
                        "rarity": 1,
                        "value": 2500
                    },
                    {
                        "id": 2367328925,
                        "type": "3\u2605 Uncommon Crystal",
                        "grade": 3,
                        "rarity": 2,
                        "value": 360
                    }
                ],
                "others": []
            },
            "rewards": null
        },
        {
            "level": 40,
            "power": 12000,
            "increased_power": 1000,
            "build_time": 20943360,
            "bonuses": [
                {
                    "id": 1,
                    "value": 1.2
                },
                {
                    "id": 2,
                    "value": 60.0
                }
            ],
            "required_ops_level": 40,
            "requirements": [
                {
                    "id": 0,
                    "type": "building",
                    "name": "Operations",
                    "value": 40
                },
                {
                    "id": 15,
                    "type": "building",
                    "name": "Shipyard",
                    "value": 40
                }
            ],
            "build_costs": {
                "resources": [
                    {
                        "id": 2325683920,
                        "type": "Parsteel",
                        "value": 8596560000
                    },
                    {
                        "id": 743985951,
                        "type": "Tritanium",
                        "value": 60200000
                    }
                ],
                "materials": [
                    {
                        "id": 3919958966,
                        "type": "4\u2605 Common Crystal",
                        "grade": 4,
                        "rarity": 1,
                        "value": 10000
                    },
                    {
                        "id": 3909684597,
                        "type": "4\u2605 Uncommon Crystal",
                        "grade": 4,
                        "rarity": 2,
                        "value": 2500
                    }
                ],
                "others": []
            },
            "rewards": null
        },
        {
            "level": 41,
            "power": 13000,
            "increased_power": 1000,
            "build_time": 19628640,
            "bonuses": [
                {
                    "id": 1,
                    "value": 1.23
                },
                {
                    "id": 2,
                    "value": 61.0
                }
            ],
            "required_ops_level": 41,
            "requirements": [
                {
                    "id": 0,
                    "type": "building",
                    "name": "Operations",
                    "value": 41
                },
                {
                    "id": 15,
                    "type": "building",
                    "name": "Shipyard",
                    "value": 41
                }
            ],
            "build_costs": {
                "resources": [
                    {
                        "id": 2325683920,
                        "type": "Parsteel",
                        "value": 8772000000
                    },
                    {
                        "id": 743985951,
                        "type": "Tritanium",
                        "value": 86000000
                    }
                ],
                "materials": [
                    {
                        "id": 3919958966,
                        "type": "4\u2605 Common Crystal",
                        "grade": 4,
                        "rarity": 1,
                        "value": 15000
                    },
                    {
                        "id": 3909684597,
                        "type": "4\u2605 Uncommon Crystal",
                        "grade": 4,
                        "rarity": 2,
                        "value": 4000
                    }
                ],
                "others": []
            },
            "rewards": null
        },
        {
            "level": 42,
            "power": 14000,
            "increased_power": 1000,
            "build_time": 30170880,
            "bonuses": [
                {
                    "id": 1,
                    "value": 1.26
                },
                {
                    "id": 2,
                    "value": 62.0
                }
            ],
            "required_ops_level": 42,
            "requirements": [
                {
                    "id": 0,
                    "type": "building",
                    "name": "Operations",
                    "value": 42
                },
                {
                    "id": 15,
                    "type": "building",
                    "name": "Shipyard",
                    "value": 42
                },
                {
                    "id": 23,
                    "type": "building",
                    "name": "Armada Control Center",
                    "value": 30
                }
            ],
            "build_costs": {
                "resources": [
                    {
                        "id": 2325683920,
                        "type": "Parsteel",
                        "value": 13066200000
                    },
                    {
                        "id": 743985951,
                        "type": "Tritanium",
                        "value": 128100000
                    }
                ],
                "materials": [
                    {
                        "id": 3919958966,
                        "type": "4\u2605 Common Crystal",
                        "grade": 4,
                        "rarity": 1,
                        "value": 26000
                    },
                    {
                        "id": 3965052272,
                        "type": "4\u2605 Rare Crystal",
                        "grade": 4,
                        "rarity": 3,
                        "value": 1500
                    }
                ],
                "others": []
            },
            "rewards": null
        },
        {
            "level": 43,
            "power": 15250,
            "increased_power": 1250,
            "build_time": 39862080,
            "bonuses": [
                {
                    "id": 1,
                    "value": 1.29
                },
                {
                    "id": 2,
                    "value": 63.0
                }
            ],
            "required_ops_level": 43,
            "requirements": [
                {
                    "id": 0,
                    "type": "building",
                    "name": "Operations",
                    "value": 43
                },
                {
                    "id": 15,
                    "type": "building",
                    "name": "Shipyard",
                    "value": 43
                }
            ],
            "build_costs": {
                "resources": [
                    {
                        "id": 2325683920,
                        "type": "Parsteel",
                        "value": 18666000000
                    },
                    {
                        "id": 743985951,
                        "type": "Tritanium",
                        "value": 183000000
                    }
                ],
                "materials": [
                    {
                        "id": 3919958966,
                        "type": "4\u2605 Common Crystal",
                        "grade": 4,
                        "rarity": 1,
                        "value": 20000
                    },
                    {
                        "id": 3909684597,
                        "type": "4\u2605 Uncommon Crystal",
                        "grade": 4,
                        "rarity": 2,
                        "value": 6000
                    }
                ],
                "others": []
            },
            "rewards": null
        },
        {
            "level": 44,
            "power": 16500,
            "increased_power": 1250,
            "build_time": 52030080,
            "bonuses": [
                {
                    "id": 1,
                    "value": 1.32
                },
                {
                    "id": 2,
                    "value": 64.0
                }
            ],
            "required_ops_level": 44,
            "requirements": [
                {
                    "id": 0,
                    "type": "building",
                    "name": "Operations",
                    "value": 44
                },
                {
                    "id": 15,
                    "type": "building",
                    "name": "Shipyard",
                    "value": 44
                }
            ],
            "build_costs": {
                "resources": [
                    {
                        "id": 2325683920,
                        "type": "Parsteel",
                        "value": 27999000000
                    },
                    {
                        "id": 743985951,
                        "type": "Tritanium",
                        "value": 274500000
                    }
                ],
                "materials": [
                    {
                        "id": 3919958966,
                        "type": "4\u2605 Common Crystal",
                        "grade": 4,
                        "rarity": 1,
                        "value": 35000
                    },
                    {
                        "id": 3909684597,
                        "type": "4\u2605 Uncommon Crystal",
                        "grade": 4,
                        "rarity": 2,
                        "value": 8000
                    }
                ],
                "others": []
            },
            "rewards": null
        },
        {
            "level": 45,
            "power": 17750,
            "increased_power": 1250,
            "build_time": 67170240,
            "bonuses": [
                {
                    "id": 1,
                    "value": 1.35
                },
                {
                    "id": 2,
                    "value": 65.0
                }
            ],
            "required_ops_level": 45,
            "requirements": [
                {
                    "id": 0,
                    "type": "building",
                    "name": "Operations",
                    "value": 45
                },
                {
                    "id": 15,
                    "type": "building",
                    "name": "Shipyard",
                    "value": 45
                }
            ],
            "build_costs": {
                "resources": [
                    {
                        "id": 2325683920,
                        "type": "Parsteel",
                        "value": 39780000000
                    },
                    {
                        "id": 743985951,
                        "type": "Tritanium",
                        "value": 390000000
                    }
                ],
                "materials": [
                    {
                        "id": 3919958966,
                        "type": "4\u2605 Common Crystal",
                        "grade": 4,
                        "rarity": 1,
                        "value": 50000
                    },
                    {
                        "id": 3909684597,
                        "type": "4\u2605 Uncommon Crystal",
                        "grade": 4,
                        "rarity": 2,
                        "value": 12000
                    }
                ],
                "others": []
            },
            "rewards": null
        },
        {
            "level": 46,
            "power": 19000,
            "increased_power": 1250,
            "build_time": 85861440,
            "bonuses": [
                {
                    "id": 1,
                    "value": 1.38
                },
                {
                    "id": 2,
                    "value": 66.0
                }
            ],
            "required_ops_level": 46,
            "requirements": [
                {
                    "id": 0,
                    "type": "building",
                    "name": "Operations",
                    "value": 46
                },
                {
                    "id": 15,
                    "type": "building",
                    "name": "Shipyard",
                    "value": 46
                }
            ],
            "build_costs": {
                "resources": [
                    {
                        "id": 2325683920,
                        "type": "Parsteel",
                        "value": 54697500000
                    },
                    {
                        "id": 743985951,
                        "type": "Tritanium",
                        "value": 536250000
                    }
                ],
                "materials": [
                    {
                        "id": 3919958966,
                        "type": "4\u2605 Common Crystal",
                        "grade": 4,
                        "rarity": 1,
                        "value": 90000
                    },
                    {
                        "id": 3965052272,
                        "type": "4\u2605 Rare Crystal",
                        "grade": 4,
                        "rarity": 3,
                        "value": 4000
                    }
                ],
                "others": []
            },
            "rewards": null
        },
        {
            "level": 47,
            "power": 20500,
            "increased_power": 1500,
            "build_time": 108767520,
            "bonuses": [
                {
                    "id": 1,
                    "value": 1.41
                },
                {
                    "id": 2,
                    "value": 67.0
                }
            ],
            "required_ops_level": 47,
            "requirements": [
                {
                    "id": 0,
                    "type": "building",
                    "name": "Operations",
                    "value": 47
                },
                {
                    "id": 15,
                    "type": "building",
                    "name": "Shipyard",
                    "value": 47
                }
            ],
            "build_costs": {
                "resources": [
                    {
                        "id": 2325683920,
                        "type": "Parsteel",
                        "value": 79560000000
                    },
                    {
                        "id": 743985951,
                        "type": "Tritanium",
                        "value": 780000000
                    }
                ],
                "materials": [
                    {
                        "id": 3909684597,
                        "type": "4\u2605 Uncommon Crystal",
                        "grade": 4,
                        "rarity": 2,
                        "value": 16500
                    },
                    {
                        "id": 3965052272,
                        "type": "4\u2605 Rare Crystal",
                        "grade": 4,
                        "rarity": 3,
                        "value": 7500
                    }
                ],
                "others": []
            },
            "rewards": null
        },
        {
            "level": 48,
            "power": 22000,
            "increased_power": 1500,
            "build_time": 136651680,
            "bonuses": [
                {
                    "id": 1,
                    "value": 1.44
                },
                {
                    "id": 2,
                    "value": 68.0
                }
            ],
            "required_ops_level": 48,
            "requirements": [
                {
                    "id": 0,
                    "type": "building",
                    "name": "Operations",
                    "value": 48
                },
                {
                    "id": 15,
                    "type": "building",
                    "name": "Shipyard",
                    "value": 48
                }
            ],
            "build_costs": {
                "resources": [
                    {
                        "id": 2325683920,
                        "type": "Parsteel",
                        "value": 128520000000
                    },
                    {
                        "id": 743985951,
                        "type": "Tritanium",
                        "value": 1260000000
                    }
                ],
                "materials": [
                    {
                        "id": 3909684597,
                        "type": "4\u2605 Uncommon Crystal",
                        "grade": 4,
                        "rarity": 2,
                        "value": 5000
                    },
                    {
                        "id": 3965052272,
                        "type": "4\u2605 Rare Crystal",
                        "grade": 4,
                        "rarity": 3,
                        "value": 6000
                    }
                ],
                "others": []
            },
            "rewards": null
        },
        {
            "level": 49,
            "power": 23500,
            "increased_power": 1500,
            "build_time": 170380800,
            "bonuses": [
                {
                    "id": 1,
                    "value": 1.47
                },
                {
                    "id": 2,
                    "value": 69.0
                }
            ],
            "required_ops_level": 49,
            "requirements": [
                {
                    "id": 0,
                    "type": "building",
                    "name": "Operations",
                    "value": 49
                },
                {
                    "id": 15,
                    "type": "building",
                    "name": "Shipyard",
                    "value": 49
                }
            ],
            "build_costs": {
                "resources": [
                    {
                        "id": 2325683920,
                        "type": "Parsteel",
                        "value": 214200000000
                    },
                    {
                        "id": 743985951,
                        "type": "Tritanium",
                        "value": 2100000000
                    }
                ],
                "materials": [
                    {
                        "id": 3909684597,
                        "type": "4\u2605 Uncommon Crystal",
                        "grade": 4,
                        "rarity": 2,
                        "value": 8000
                    },
                    {
                        "id": 3965052272,
                        "type": "4\u2605 Rare Crystal",
                        "grade": 4,
                        "rarity": 3,
                        "value": 10000
                    }
                ],
                "others": []
            },
            "rewards": null
        },
        {
            "level": 50,
            "power": 25000,
            "increased_power": 1500,
            "build_time": 210942720,
            "bonuses": [
                {
                    "id": 1,
                    "value": 1.5
                },
                {
                    "id": 2,
                    "value": 70.0
                }
            ],
            "required_ops_level": 50,
            "requirements": [
                {
                    "id": 0,
                    "type": "building",
                    "name": "Operations",
                    "value": 50
                },
                {
                    "id": 15,
                    "type": "building",
                    "name": "Shipyard",
                    "value": 50
                }
            ],
            "build_costs": {
                "resources": [
                    {
                        "id": 2325683920,
                        "type": "Parsteel",
                        "value": 374850000000
                    },
                    {
                        "id": 743985951,
                        "type": "Tritanium",
                        "value": 3675000000
                    }
                ],
                "materials": [],
                "others": []
            },
            "rewards": null
        },
        {
            "level": 51,
            "power": 27000,
            "increased_power": 2000,
            "build_time": 223598880,
            "bonuses": [
                {
                    "id": 1,
                    "value": 1.53
                },
                {
                    "id": 2,
                    "value": 71.0
                }
            ],
            "required_ops_level": 51,
            "requirements": [
                {
                    "id": 0,
                    "type": "building",
                    "name": "Operations",
                    "value": 51
                },
                {
                    "id": 15,
                    "type": "building",
                    "name": "Shipyard",
                    "value": 51
                }
            ],
            "build_costs": {
                "resources": [
                    {
                        "id": 2325683920,
                        "type": "Parsteel",
                        "value": 1869660000000
                    },
                    {
                        "id": 743985951,
                        "type": "Tritanium",
                        "value": 7800000000
                    }
                ],
                "materials": [
                    {
                        "id": 3301222353,
                        "type": "5\u2605 Common Crystal",
                        "grade": 5,
                        "rarity": 1,
                        "value": 10800
                    },
                    {
                        "id": 1371250883,
                        "type": "5\u2605 Uncommon Crystal",
                        "grade": 5,
                        "rarity": 2,
                        "value": 3800
                    }
                ],
                "others": []
            },
            "rewards": null
        },
        {
            "level": 52,
            "power": 28500,
            "increased_power": 1500,
            "build_time": 237015360,
            "bonuses": [
                {
                    "id": 1,
                    "value": 1.56
                },
                {
                    "id": 2,
                    "value": 72.0
                }
            ],
            "required_ops_level": 52,
            "requirements": [
                {
                    "id": 0,
                    "type": "building",
                    "name": "Operations",
                    "value": 52
                },
                {
                    "id": 15,
                    "type": "building",
                    "name": "Shipyard",
                    "value": 52
                }
            ],
            "build_costs": {
                "resources": [
                    {
                        "id": 2325683920,
                        "type": "Parsteel",
                        "value": 3381300000000
                    },
                    {
                        "id": 743985951,
                        "type": "Tritanium",
                        "value": 13260000000
                    }
                ],
                "materials": [
                    {
                        "id": 3301222353,
                        "type": "5\u2605 Common Crystal",
                        "grade": 5,
                        "rarity": 1,
                        "value": 18800
                    },
                    {
                        "id": 1371250883,
                        "type": "5\u2605 Uncommon Crystal",
                        "grade": 5,
                        "rarity": 2,
                        "value": 8500
                    }
                ],
                "others": []
            },
            "rewards": null
        },
        {
            "level": 53,
            "power": 30500,
            "increased_power": 2000,
            "build_time": 251235360,
            "bonuses": [
                {
                    "id": 1,
                    "value": 1.59
                },
                {
                    "id": 2,
                    "value": 73.0
                }
            ],
            "required_ops_level": 53,
            "requirements": [
                {
                    "id": 0,
                    "type": "building",
                    "name": "Operations",
                    "value": 53
                },
                {
                    "id": 15,
                    "type": "building",
                    "name": "Shipyard",
                    "value": 53
                }
            ],
            "build_costs": {
                "resources": [
                    {
                        "id": 2325683920,
                        "type": "Parsteel",
                        "value": 5679360000000
                    },
                    {
                        "id": 743985951,
                        "type": "Tritanium",
                        "value": 23200000000
                    }
                ],
                "materials": [
                    {
                        "id": 3301222353,
                        "type": "5\u2605 Common Crystal",
                        "grade": 5,
                        "rarity": 1,
                        "value": 38000
                    },
                    {
                        "id": 1371250883,
                        "type": "5\u2605 Uncommon Crystal",
                        "grade": 5,
                        "rarity": 2,
                        "value": 31800
                    }
                ],
                "others": []
            },
            "rewards": null
        },
        {
            "level": 54,
            "power": 32500,
            "increased_power": 2000,
            "build_time": 266309280,
            "bonuses": [
                {
                    "id": 1,
                    "value": 1.62
                },
                {
                    "id": 2,
                    "value": 74.0
                }
            ],
            "required_ops_level": 54,
            "requirements": [
                {
                    "id": 0,
                    "type": "building",
                    "name": "Operations",
                    "value": 54
                },
                {
                    "id": 15,
                    "type": "building",
                    "name": "Shipyard",
                    "value": 54
                }
            ],
            "build_costs": {
                "resources": [
                    {
                        "id": 2325683920,
                        "type": "Parsteel",
                        "value": 8519040000000
                    },
                    {
                        "id": 743985951,
                        "type": "Tritanium",
                        "value": 34800000000
                    }
                ],
                "materials": [
                    {
                        "id": 3301222353,
                        "type": "5\u2605 Common Crystal",
                        "grade": 5,
                        "rarity": 1,
                        "value": 46500
                    },
                    {
                        "id": 3053746170,
                        "type": "5\u2605 Rare Crystal",
                        "grade": 5,
                        "rarity": 3,
                        "value": 8100
                    }
                ],
                "others": []
            },
            "rewards": null
        },
        {
            "level": 55,
            "power": 34500,
            "increased_power": 2000,
            "build_time": 282288960,
            "bonuses": [
                {
                    "id": 1,
                    "value": 1.65
                },
                {
                    "id": 2,
                    "value": 75.0
                }
            ],
            "required_ops_level": 55,
            "requirements": [
                {
                    "id": 0,
                    "type": "building",
                    "name": "Operations",
                    "value": 55
                },
                {
                    "id": 15,
                    "type": "building",
                    "name": "Shipyard",
                    "value": 55
                },
                {
                    "id": 23,
                    "type": "building",
                    "name": "Armada Control Center",
                    "value": 50
                }
            ],
            "build_costs": {
                "resources": [
                    {
                        "id": 2325683920,
                        "type": "Parsteel",
                        "value": 14479920000000
                    },
                    {
                        "id": 743985951,
                        "type": "Tritanium",
                        "value": 54600000000
                    }
                ],
                "materials": [
                    {
                        "id": 3301222353,
                        "type": "5\u2605 Common Crystal",
                        "grade": 5,
                        "rarity": 1,
                        "value": 62200
                    },
                    {
                        "id": 3053746170,
                        "type": "5\u2605 Rare Crystal",
                        "grade": 5,
                        "rarity": 3,
                        "value": 11900
                    }
                ],
                "others": []
            },
            "rewards": null
        },
        {
            "level": 56,
            "power": 36500,
            "increased_power": 2000,
            "build_time": 299226240,
            "bonuses": [
                {
                    "id": 1,
                    "value": 1.68
                },
                {
                    "id": 2,
                    "value": 76.0
                }
            ],
            "required_ops_level": 56,
            "requirements": [
                {
                    "id": 0,
                    "type": "building",
                    "name": "Operations",
                    "value": 56
                },
                {
                    "id": 15,
                    "type": "building",
                    "name": "Shipyard",
                    "value": 56
                },
                {
                    "id": 28,
                    "type": "building",
                    "name": "Defense Technologies",
                    "value": 55
                }
            ],
            "build_costs": {
                "resources": [
                    {
                        "id": 2325683920,
                        "type": "Parsteel",
                        "value": 22754160000000
                    },
                    {
                        "id": 743985951,
                        "type": "Tritanium",
                        "value": 85800000000
                    }
                ],
                "materials": [
                    {
                        "id": 3301222353,
                        "type": "5\u2605 Common Crystal",
                        "grade": 5,
                        "rarity": 1,
                        "value": 66800
                    },
                    {
                        "id": 3053746170,
                        "type": "5\u2605 Rare Crystal",
                        "grade": 5,
                        "rarity": 3,
                        "value": 19900
                    }
                ],
                "others": []
            },
            "rewards": null
        },
        {
            "level": 57,
            "power": 38500,
            "increased_power": 2000,
            "build_time": 317178720,
            "bonuses": [
                {
                    "id": 1,
                    "value": 1.71
                },
                {
                    "id": 2,
                    "value": 77.0
                }
            ],
            "required_ops_level": 57,
            "requirements": [
                {
                    "id": 0,
                    "type": "building",
                    "name": "Operations",
                    "value": 57
                },
                {
                    "id": 15,
                    "type": "building",
                    "name": "Shipyard",
                    "value": 57
                }
            ],
            "build_costs": {
                "resources": [
                    {
                        "id": 2325683920,
                        "type": "Parsteel",
                        "value": 35621664000000
                    },
                    {
                        "id": 743985951,
                        "type": "Tritanium",
                        "value": 134320000000
                    }
                ],
                "materials": [
                    {
                        "id": 1371250883,
                        "type": "5\u2605 Uncommon Crystal",
                        "grade": 5,
                        "rarity": 2,
                        "value": 51700
                    },
                    {
                        "id": 3053746170,
                        "type": "5\u2605 Rare Crystal",
                        "grade": 5,
                        "rarity": 3,
                        "value": 22700
                    }
                ],
                "others": []
            },
            "rewards": null
        },
        {
            "level": 58,
            "power": 41000,
            "increased_power": 2500,
            "build_time": 336209760,
            "bonuses": [
                {
                    "id": 1,
                    "value": 1.74
                },
                {
                    "id": 2,
                    "value": 78.0
                }
            ],
            "required_ops_level": 58,
            "requirements": [
                {
                    "id": 0,
                    "type": "building",
                    "name": "Operations",
                    "value": 58
                },
                {
                    "id": 15,
                    "type": "building",
                    "name": "Shipyard",
                    "value": 58
                }
            ],
            "build_costs": {
                "resources": [
                    {
                        "id": 2325683920,
                        "type": "Parsteel",
                        "value": 51466752000000
                    },
                    {
                        "id": 743985951,
                        "type": "Tritanium",
                        "value": 210240000000
                    }
                ],
                "materials": [
                    {
                        "id": 1371250883,
                        "type": "5\u2605 Uncommon Crystal",
                        "grade": 5,
                        "rarity": 2,
                        "value": 52600
                    },
                    {
                        "id": 3053746170,
                        "type": "5\u2605 Rare Crystal",
                        "grade": 5,
                        "rarity": 3,
                        "value": 18500
                    }
                ],
                "others": []
            },
            "rewards": null
        },
        {
            "level": 59,
            "power": 43500,
            "increased_power": 2500,
            "build_time": 356382720,
            "bonuses": [
                {
                    "id": 1,
                    "value": 1.77
                },
                {
                    "id": 2,
                    "value": 79.0
                }
            ],
            "required_ops_level": 59,
            "requirements": [
                {
                    "id": 0,
                    "type": "building",
                    "name": "Operations",
                    "value": 59
                },
                {
                    "id": 15,
                    "type": "building",
                    "name": "Shipyard",
                    "value": 59
                }
            ],
            "build_costs": {
                "resources": [
                    {
                        "id": 2325683920,
                        "type": "Parsteel",
                        "value": 77200128000000
                    },
                    {
                        "id": 743985951,
                        "type": "Tritanium",
                        "value": 315360000000
                    }
                ],
                "materials": [
                    {
                        "id": 3301222353,
                        "type": "5\u2605 Common Crystal",
                        "grade": 5,
                        "rarity": 1,
                        "value": 141900
                    },
                    {
                        "id": 3053746170,
                        "type": "5\u2605 Rare Crystal",
                        "grade": 5,
                        "rarity": 3,
                        "value": 26700
                    }
                ],
                "others": []
            },
            "rewards": null
        },
        {
            "level": 60,
            "power": 46000,
            "increased_power": 2500,
            "build_time": 377765280,
            "bonuses": [
                {
                    "id": 1,
                    "value": 1.8
                },
                {
                    "id": 2,
                    "value": 80.0
                }
            ],
            "required_ops_level": 60,
            "requirements": [
                {
                    "id": 0,
                    "type": "building",
                    "name": "Operations",
                    "value": 60
                },
                {
                    "id": 15,
                    "type": "building",
                    "name": "Shipyard",
                    "value": 60
                }
            ],
            "build_costs": {
                "resources": [
                    {
                        "id": 2325683920,
                        "type": "Parsteel",
                        "value": 120564000000000
                    },
                    {
                        "id": 743985951,
                        "type": "Tritanium",
                        "value": 492500000000
                    }
                ],
                "materials": [
                    {
                        "id": 1371250883,
                        "type": "5\u2605 Uncommon Crystal",
                        "grade": 5,
                        "rarity": 2,
                        "value": 93900
                    },
                    {
                        "id": 3053746170,
                        "type": "5\u2605 Rare Crystal",
                        "grade": 5,
                        "rarity": 3,
                        "value": 30500
                    }
                ],
                "others": []
            },
            "rewards": null
        }
    ]
}