{
    "id": 21,
    "name": "Drydock E",
    "description": "Ship E. Ships can be assigned, managed and upgraded via Ship Management. Every additional Drydock increases the amounts of Ships that can be deployed.",
    "group": 4,
    "start_level": 0,
    "bonuses": [
        {
            "id": 1,
            "name": "Repair Speed Bonus",
            "is_percentage": true
        },
        {
            "id": 2,
            "name": "Repair Cost Efficiency",
            "is_percentage": true
        }
    ],
    "levels": [
        {
            "level": 1,
            "power": 60,
            "increased_power": 60,
            "build_time": 1036800,
            "bonuses": [
                {
                    "id": 1,
                    "value": 0.0
                },
                {
                    "id": 2,
                    "value": 0.0
                }
            ],
            "required_ops_level": 39,
            "requirements": [
                {
                    "id": 2859913895,
                    "type": "research",
                    "name": "Fleet Commander",
                    "value": 4
                }
            ],
            "build_costs": {
                "resources": [
                    {
                        "id": 2325683920,
                        "type": "Parsteel",
                        "value": 6000000
                    }
                ],
                "materials": [
                    {
                        "id": 229186523,
                        "type": "2\u2605 Uncommon Crystal",
                        "grade": 2,
                        "rarity": 2,
                        "value": 3000
                    }
                ],
                "others": []
            },
            "rewards": null
        },
        {
            "level": 2,
            "power": 120,
            "increased_power": 60,
            "build_time": 180,
            "bonuses": [
                {
                    "id": 1,
                    "value": 0.0
                },
                {
                    "id": 2,
                    "value": 0.03
                }
            ],
            "required_ops_level": 39,
            "requirements": [
                {
                    "id": 0,
                    "type": "building",
                    "name": "Operations",
                    "value": 2
                }
            ],
            "build_costs": {
                "resources": [
                    {
                        "id": 2325683920,
                        "type": "Parsteel",
                        "value": 3250
                    }
                ],
                "materials": [],
                "others": []
            },
            "rewards": null
        },
        {
            "level": 3,
            "power": 190,
            "increased_power": 70,
            "build_time": 270,
            "bonuses": [
                {
                    "id": 1,
                    "value": 0.0
                },
                {
                    "id": 2,
                    "value": 0.05
                }
            ],
            "required_ops_level": 39,
            "requirements": [
                {
                    "id": 0,
                    "type": "building",
                    "name": "Operations",
                    "value": 3
                }
            ],
            "build_costs": {
                "resources": [
                    {
                        "id": 2325683920,
                        "type": "Parsteel",
                        "value": 3500
                    }
                ],
                "materials": [],
                "others": []
            },
            "rewards": null
        },
        {
            "level": 4,
            "power": 270,
            "increased_power": 80,
            "build_time": 390,
            "bonuses": [
                {
                    "id": 1,
                    "value": 0.0
                },
                {
                    "id": 2,
                    "value": 0.06
                }
            ],
            "required_ops_level": 39,
            "requirements": [
                {
                    "id": 0,
                    "type": "building",
                    "name": "Operations",
                    "value": 4
                }
            ],
            "build_costs": {
                "resources": [
                    {
                        "id": 2325683920,
                        "type": "Parsteel",
                        "value": 3750
                    }
                ],
                "materials": [],
                "others": []
            },
            "rewards": null
        },
        {
            "level": 5,
            "power": 370,
            "increased_power": 100,
            "build_time": 660,
            "bonuses": [
                {
                    "id": 1,
                    "value": 0.1
                },
                {
                    "id": 2,
                    "value": 0.08
                }
            ],
            "required_ops_level": 39,
            "requirements": [
                {
                    "id": 0,
                    "type": "building",
                    "name": "Operations",
                    "value": 5
                }
            ],
            "build_costs": {
                "resources": [
                    {
                        "id": 2325683920,
                        "type": "Parsteel",
                        "value": 4000
                    }
                ],
                "materials": [],
                "others": []
            },
            "rewards": null
        },
        {
            "level": 6,
            "power": 480,
            "increased_power": 110,
            "build_time": 1080,
            "bonuses": [
                {
                    "id": 1,
                    "value": 0.1
                },
                {
                    "id": 2,
                    "value": 0.09
                }
            ],
            "required_ops_level": 39,
            "requirements": [
                {
                    "id": 0,
                    "type": "building",
                    "name": "Operations",
                    "value": 6
                }
            ],
            "build_costs": {
                "resources": [
                    {
                        "id": 2325683920,
                        "type": "Parsteel",
                        "value": 4250
                    }
                ],
                "materials": [],
                "others": []
            },
            "rewards": null
        },
        {
            "level": 7,
            "power": 625,
            "increased_power": 145,
            "build_time": 2040,
            "bonuses": [
                {
                    "id": 1,
                    "value": 0.14
                },
                {
                    "id": 2,
                    "value": 0.11
                }
            ],
            "required_ops_level": 39,
            "requirements": [
                {
                    "id": 0,
                    "type": "building",
                    "name": "Operations",
                    "value": 7
                }
            ],
            "build_costs": {
                "resources": [
                    {
                        "id": 2325683920,
                        "type": "Parsteel",
                        "value": 4500
                    },
                    {
                        "id": 743985951,
                        "type": "Tritanium",
                        "value": 50
                    }
                ],
                "materials": [],
                "others": []
            },
            "rewards": null
        },
        {
            "level": 8,
            "power": 800,
            "increased_power": 175,
            "build_time": 2880,
            "bonuses": [
                {
                    "id": 1,
                    "value": 0.14
                },
                {
                    "id": 2,
                    "value": 0.12
                }
            ],
            "required_ops_level": 39,
            "requirements": [
                {
                    "id": 0,
                    "type": "building",
                    "name": "Operations",
                    "value": 8
                }
            ],
            "build_costs": {
                "resources": [
                    {
                        "id": 2325683920,
                        "type": "Parsteel",
                        "value": 4750
                    },
                    {
                        "id": 743985951,
                        "type": "Tritanium",
                        "value": 100
                    }
                ],
                "materials": [],
                "others": []
            },
            "rewards": null
        },
        {
            "level": 9,
            "power": 1000,
            "increased_power": 200,
            "build_time": 4440,
            "bonuses": [
                {
                    "id": 1,
                    "value": 0.14
                },
                {
                    "id": 2,
                    "value": 0.14
                }
            ],
            "required_ops_level": 39,
            "requirements": [
                {
                    "id": 0,
                    "type": "building",
                    "name": "Operations",
                    "value": 9
                }
            ],
            "build_costs": {
                "resources": [
                    {
                        "id": 2325683920,
                        "type": "Parsteel",
                        "value": 5000
                    },
                    {
                        "id": 743985951,
                        "type": "Tritanium",
                        "value": 200
                    }
                ],
                "materials": [],
                "others": []
            },
            "rewards": null
        },
        {
            "level": 10,
            "power": 1275,
            "increased_power": 275,
            "build_time": 4920,
            "bonuses": [
                {
                    "id": 1,
                    "value": 0.2
                },
                {
                    "id": 2,
                    "value": 0.15
                }
            ],
            "required_ops_level": 39,
            "requirements": [
                {
                    "id": 0,
                    "type": "building",
                    "name": "Operations",
                    "value": 10
                }
            ],
            "build_costs": {
                "resources": [
                    {
                        "id": 2325683920,
                        "type": "Parsteel",
                        "value": 7500
                    },
                    {
                        "id": 743985951,
                        "type": "Tritanium",
                        "value": 225
                    }
                ],
                "materials": [],
                "others": []
            },
            "rewards": null
        },
        {
            "level": 11,
            "power": 1600,
            "increased_power": 325,
            "build_time": 5100,
            "bonuses": [
                {
                    "id": 1,
                    "value": 0.2
                },
                {
                    "id": 2,
                    "value": 0.17
                }
            ],
            "required_ops_level": 39,
            "requirements": [
                {
                    "id": 0,
                    "type": "building",
                    "name": "Operations",
                    "value": 11
                }
            ],
            "build_costs": {
                "resources": [
                    {
                        "id": 2325683920,
                        "type": "Parsteel",
                        "value": 10880
                    },
                    {
                        "id": 743985951,
                        "type": "Tritanium",
                        "value": 300
                    }
                ],
                "materials": [],
                "others": []
            },
            "rewards": null
        },
        {
            "level": 12,
            "power": 2000,
            "increased_power": 400,
            "build_time": 9300,
            "bonuses": [
                {
                    "id": 1,
                    "value": 0.25
                },
                {
                    "id": 2,
                    "value": 0.19
                }
            ],
            "required_ops_level": 39,
            "requirements": [
                {
                    "id": 0,
                    "type": "building",
                    "name": "Operations",
                    "value": 12
                }
            ],
            "build_costs": {
                "resources": [
                    {
                        "id": 2325683920,
                        "type": "Parsteel",
                        "value": 14960
                    },
                    {
                        "id": 743985951,
                        "type": "Tritanium",
                        "value": 413
                    }
                ],
                "materials": [],
                "others": []
            },
            "rewards": null
        },
        {
            "level": 13,
            "power": 2400,
            "increased_power": 400,
            "build_time": 13800,
            "bonuses": [
                {
                    "id": 1,
                    "value": 0.25
                },
                {
                    "id": 2,
                    "value": 0.21
                }
            ],
            "required_ops_level": 39,
            "requirements": [
                {
                    "id": 0,
                    "type": "building",
                    "name": "Operations",
                    "value": 13
                }
            ],
            "build_costs": {
                "resources": [
                    {
                        "id": 2325683920,
                        "type": "Parsteel",
                        "value": 21760
                    },
                    {
                        "id": 743985951,
                        "type": "Tritanium",
                        "value": 600
                    }
                ],
                "materials": [],
                "others": []
            },
            "rewards": null
        },
        {
            "level": 14,
            "power": 2900,
            "increased_power": 500,
            "build_time": 19200,
            "bonuses": [
                {
                    "id": 1,
                    "value": 0.25
                },
                {
                    "id": 2,
                    "value": 0.23
                }
            ],
            "required_ops_level": 39,
            "requirements": [
                {
                    "id": 0,
                    "type": "building",
                    "name": "Operations",
                    "value": 14
                }
            ],
            "build_costs": {
                "resources": [
                    {
                        "id": 2325683920,
                        "type": "Parsteel",
                        "value": 29920
                    },
                    {
                        "id": 743985951,
                        "type": "Tritanium",
                        "value": 825
                    }
                ],
                "materials": [],
                "others": []
            },
            "rewards": null
        },
        {
            "level": 15,
            "power": 3500,
            "increased_power": 600,
            "build_time": 24480,
            "bonuses": [
                {
                    "id": 1,
                    "value": 0.35
                },
                {
                    "id": 2,
                    "value": 0.25
                }
            ],
            "required_ops_level": 39,
            "requirements": [
                {
                    "id": 0,
                    "type": "building",
                    "name": "Operations",
                    "value": 15
                }
            ],
            "build_costs": {
                "resources": [
                    {
                        "id": 2325683920,
                        "type": "Parsteel",
                        "value": 40800
                    },
                    {
                        "id": 743985951,
                        "type": "Tritanium",
                        "value": 1125
                    }
                ],
                "materials": [],
                "others": []
            },
            "rewards": null
        },
        {
            "level": 16,
            "power": 4200,
            "increased_power": 700,
            "build_time": 28800,
            "bonuses": [
                {
                    "id": 1,
                    "value": 0.35
                },
                {
                    "id": 2,
                    "value": 0.28
                }
            ],
            "required_ops_level": 39,
            "requirements": [
                {
                    "id": 0,
                    "type": "building",
                    "name": "Operations",
                    "value": 16
                }
            ],
            "build_costs": {
                "resources": [
                    {
                        "id": 2325683920,
                        "type": "Parsteel",
                        "value": 54400
                    },
                    {
                        "id": 743985951,
                        "type": "Tritanium",
                        "value": 1500
                    }
                ],
                "materials": [],
                "others": []
            },
            "rewards": null
        },
        {
            "level": 17,
            "power": 5000,
            "increased_power": 800,
            "build_time": 30960,
            "bonuses": [
                {
                    "id": 1,
                    "value": 0.42
                },
                {
                    "id": 2,
                    "value": 0.31
                }
            ],
            "required_ops_level": 39,
            "requirements": [
                {
                    "id": 0,
                    "type": "building",
                    "name": "Operations",
                    "value": 17
                }
            ],
            "build_costs": {
                "resources": [
                    {
                        "id": 2325683920,
                        "type": "Parsteel",
                        "value": 76160
                    },
                    {
                        "id": 743985951,
                        "type": "Tritanium",
                        "value": 2100
                    }
                ],
                "materials": [],
                "others": []
            },
            "rewards": null
        },
        {
            "level": 18,
            "power": 6000,
            "increased_power": 1000,
            "build_time": 47520,
            "bonuses": [
                {
                    "id": 1,
                    "value": 0.42
                },
                {
                    "id": 2,
                    "value": 0.34
                }
            ],
            "required_ops_level": 39,
            "requirements": [
                {
                    "id": 0,
                    "type": "building",
                    "name": "Operations",
                    "value": 18
                }
            ],
            "build_costs": {
                "resources": [
                    {
                        "id": 2325683920,
                        "type": "Parsteel",
                        "value": 108800
                    },
                    {
                        "id": 743985951,
                        "type": "Tritanium",
                        "value": 3000
                    }
                ],
                "materials": [],
                "others": []
            },
            "rewards": null
        },
        {
            "level": 19,
            "power": 7000,
            "increased_power": 1000,
            "build_time": 69120,
            "bonuses": [
                {
                    "id": 1,
                    "value": 0.42
                },
                {
                    "id": 2,
                    "value": 0.37
                }
            ],
            "required_ops_level": 39,
            "requirements": [
                {
                    "id": 0,
                    "type": "building",
                    "name": "Operations",
                    "value": 19
                }
            ],
            "build_costs": {
                "resources": [
                    {
                        "id": 2325683920,
                        "type": "Parsteel",
                        "value": 163200
                    },
                    {
                        "id": 743985951,
                        "type": "Tritanium",
                        "value": 4500
                    }
                ],
                "materials": [],
                "others": []
            },
            "rewards": null
        },
        {
            "level": 20,
            "power": 8000,
            "increased_power": 1000,
            "build_time": 104400,
            "bonuses": [
                {
                    "id": 1,
                    "value": 0.55
                },
                {
                    "id": 2,
                    "value": 0.4
                }
            ],
            "required_ops_level": 39,
            "requirements": [
                {
                    "id": 0,
                    "type": "building",
                    "name": "Operations",
                    "value": 20
                }
            ],
            "build_costs": {
                "resources": [
                    {
                        "id": 2325683920,
                        "type": "Parsteel",
                        "value": 231200
                    },
                    {
                        "id": 743985951,
                        "type": "Tritanium",
                        "value": 6375
                    }
                ],
                "materials": [],
                "others": []
            },
            "rewards": null
        },
        {
            "level": 21,
            "power": 9250,
            "increased_power": 1250,
            "build_time": 95040,
            "bonuses": [
                {
                    "id": 1,
                    "value": 0.55
                },
                {
                    "id": 2,
                    "value": 0.44
                }
            ],
            "required_ops_level": 39,
            "requirements": [
                {
                    "id": 0,
                    "type": "building",
                    "name": "Operations",
                    "value": 21
                }
            ],
            "build_costs": {
                "resources": [
                    {
                        "id": 2325683920,
                        "type": "Parsteel",
                        "value": 389232
                    },
                    {
                        "id": 743985951,
                        "type": "Tritanium",
                        "value": 10733
                    }
                ],
                "materials": [],
                "others": []
            },
            "rewards": null
        },
        {
            "level": 22,
            "power": 10750,
            "increased_power": 1500,
            "build_time": 148320,
            "bonuses": [
                {
                    "id": 1,
                    "value": 0.62
                },
                {
                    "id": 2,
                    "value": 0.48
                }
            ],
            "required_ops_level": 39,
            "requirements": [
                {
                    "id": 0,
                    "type": "building",
                    "name": "Operations",
                    "value": 22
                }
            ],
            "build_costs": {
                "resources": [
                    {
                        "id": 2325683920,
                        "type": "Parsteel",
                        "value": 605472
                    },
                    {
                        "id": 743985951,
                        "type": "Tritanium",
                        "value": 16695
                    }
                ],
                "materials": [],
                "others": []
            },
            "rewards": null
        },
        {
            "level": 23,
            "power": 12250,
            "increased_power": 1500,
            "build_time": 174960,
            "bonuses": [
                {
                    "id": 1,
                    "value": 0.62
                },
                {
                    "id": 2,
                    "value": 0.52
                }
            ],
            "required_ops_level": 39,
            "requirements": [
                {
                    "id": 0,
                    "type": "building",
                    "name": "Operations",
                    "value": 23
                }
            ],
            "build_costs": {
                "resources": [
                    {
                        "id": 2325683920,
                        "type": "Parsteel",
                        "value": 996336
                    },
                    {
                        "id": 743985951,
                        "type": "Tritanium",
                        "value": 27473
                    }
                ],
                "materials": [],
                "others": []
            },
            "rewards": null
        },
        {
            "level": 24,
            "power": 14000,
            "increased_power": 1750,
            "build_time": 214560,
            "bonuses": [
                {
                    "id": 1,
                    "value": 0.62
                },
                {
                    "id": 2,
                    "value": 0.56
                }
            ],
            "required_ops_level": 39,
            "requirements": [
                {
                    "id": 0,
                    "type": "building",
                    "name": "Operations",
                    "value": 24
                }
            ],
            "build_costs": {
                "resources": [
                    {
                        "id": 2325683920,
                        "type": "Parsteel",
                        "value": 1569984
                    },
                    {
                        "id": 743985951,
                        "type": "Tritanium",
                        "value": 43290
                    }
                ],
                "materials": [],
                "others": []
            },
            "rewards": null
        },
        {
            "level": 25,
            "power": 16000,
            "increased_power": 2000,
            "build_time": 198720,
            "bonuses": [
                {
                    "id": 1,
                    "value": 0.75
                },
                {
                    "id": 2,
                    "value": 0.6
                }
            ],
            "required_ops_level": 39,
            "requirements": [
                {
                    "id": 0,
                    "type": "building",
                    "name": "Operations",
                    "value": 25
                }
            ],
            "build_costs": {
                "resources": [
                    {
                        "id": 2325683920,
                        "type": "Parsteel",
                        "value": 2545920
                    },
                    {
                        "id": 743985951,
                        "type": "Tritanium",
                        "value": 70200
                    }
                ],
                "materials": [],
                "others": []
            },
            "rewards": null
        },
        {
            "level": 26,
            "power": 18000,
            "increased_power": 2000,
            "build_time": 269280,
            "bonuses": [
                {
                    "id": 1,
                    "value": 0.75
                },
                {
                    "id": 2,
                    "value": 0.64
                }
            ],
            "required_ops_level": 39,
            "requirements": [
                {
                    "id": 0,
                    "type": "building",
                    "name": "Operations",
                    "value": 26
                }
            ],
            "build_costs": {
                "resources": [
                    {
                        "id": 2325683920,
                        "type": "Parsteel",
                        "value": 3978000
                    },
                    {
                        "id": 743985951,
                        "type": "Tritanium",
                        "value": 109688
                    }
                ],
                "materials": [],
                "others": []
            },
            "rewards": null
        },
        {
            "level": 27,
            "power": 20500,
            "increased_power": 2500,
            "build_time": 306720,
            "bonuses": [
                {
                    "id": 1,
                    "value": 0.85
                },
                {
                    "id": 2,
                    "value": 0.68
                }
            ],
            "required_ops_level": 39,
            "requirements": [
                {
                    "id": 0,
                    "type": "building",
                    "name": "Operations",
                    "value": 27
                }
            ],
            "build_costs": {
                "resources": [
                    {
                        "id": 2325683920,
                        "type": "Parsteel",
                        "value": 6071040
                    },
                    {
                        "id": 743985951,
                        "type": "Tritanium",
                        "value": 167400
                    }
                ],
                "materials": [],
                "others": []
            },
            "rewards": null
        },
        {
            "level": 28,
            "power": 23000,
            "increased_power": 2500,
            "build_time": 355680,
            "bonuses": [
                {
                    "id": 1,
                    "value": 0.85
                },
                {
                    "id": 2,
                    "value": 0.72
                }
            ],
            "required_ops_level": 39,
            "requirements": [
                {
                    "id": 0,
                    "type": "building",
                    "name": "Operations",
                    "value": 28
                }
            ],
            "build_costs": {
                "resources": [
                    {
                        "id": 2325683920,
                        "type": "Parsteel",
                        "value": 9106560
                    },
                    {
                        "id": 743985951,
                        "type": "Tritanium",
                        "value": 251100
                    }
                ],
                "materials": [],
                "others": []
            },
            "rewards": null
        },
        {
            "level": 29,
            "power": 25500,
            "increased_power": 2500,
            "build_time": 393120,
            "bonuses": [
                {
                    "id": 1,
                    "value": 0.85
                },
                {
                    "id": 2,
                    "value": 0.76
                }
            ],
            "required_ops_level": 39,
            "requirements": [
                {
                    "id": 0,
                    "type": "building",
                    "name": "Operations",
                    "value": 29
                }
            ],
            "build_costs": {
                "resources": [
                    {
                        "id": 2325683920,
                        "type": "Parsteel",
                        "value": 14497600
                    },
                    {
                        "id": 743985951,
                        "type": "Tritanium",
                        "value": 399750
                    }
                ],
                "materials": [],
                "others": []
            },
            "rewards": null
        },
        {
            "level": 30,
            "power": 28500,
            "increased_power": 3000,
            "build_time": 426240,
            "bonuses": [
                {
                    "id": 1,
                    "value": 1.0
                },
                {
                    "id": 2,
                    "value": 0.8
                }
            ],
            "required_ops_level": 39,
            "requirements": [
                {
                    "id": 0,
                    "type": "building",
                    "name": "Operations",
                    "value": 30
                }
            ],
            "build_costs": {
                "resources": [
                    {
                        "id": 2325683920,
                        "type": "Parsteel",
                        "value": 21216000
                    },
                    {
                        "id": 743985951,
                        "type": "Tritanium",
                        "value": 585000
                    }
                ],
                "materials": [],
                "others": []
            },
            "rewards": null
        },
        {
            "level": 31,
            "power": 31500,
            "increased_power": 3000,
            "build_time": 558720,
            "bonuses": [
                {
                    "id": 1,
                    "value": 1.0
                },
                {
                    "id": 2,
                    "value": 0.84
                }
            ],
            "required_ops_level": 39,
            "requirements": [
                {
                    "id": 0,
                    "type": "building",
                    "name": "Operations",
                    "value": 31
                }
            ],
            "build_costs": {
                "resources": [
                    {
                        "id": 2325683920,
                        "type": "Parsteel",
                        "value": 33537600
                    },
                    {
                        "id": 743985951,
                        "type": "Tritanium",
                        "value": 924750
                    }
                ],
                "materials": [],
                "others": []
            },
            "rewards": null
        },
        {
            "level": 32,
            "power": 35000,
            "increased_power": 3500,
            "build_time": 545760,
            "bonuses": [
                {
                    "id": 1,
                    "value": 1.1
                },
                {
                    "id": 2,
                    "value": 0.88
                }
            ],
            "required_ops_level": 39,
            "requirements": [
                {
                    "id": 0,
                    "type": "building",
                    "name": "Operations",
                    "value": 32
                }
            ],
            "build_costs": {
                "resources": [
                    {
                        "id": 2325683920,
                        "type": "Parsteel",
                        "value": 48443200
                    },
                    {
                        "id": 743985951,
                        "type": "Tritanium",
                        "value": 1335750
                    }
                ],
                "materials": [],
                "others": []
            },
            "rewards": null
        },
        {
            "level": 33,
            "power": 38500,
            "increased_power": 3500,
            "build_time": 793440,
            "bonuses": [
                {
                    "id": 1,
                    "value": 1.1
                },
                {
                    "id": 2,
                    "value": 0.92
                }
            ],
            "required_ops_level": 39,
            "requirements": [
                {
                    "id": 0,
                    "type": "building",
                    "name": "Operations",
                    "value": 33
                }
            ],
            "build_costs": {
                "resources": [
                    {
                        "id": 2325683920,
                        "type": "Parsteel",
                        "value": 74936000
                    },
                    {
                        "id": 743985951,
                        "type": "Tritanium",
                        "value": 2066250
                    }
                ],
                "materials": [],
                "others": []
            },
            "rewards": null
        },
        {
            "level": 34,
            "power": 42500,
            "increased_power": 4000,
            "build_time": 1049760,
            "bonuses": [
                {
                    "id": 1,
                    "value": 1.1
                },
                {
                    "id": 2,
                    "value": 0.96
                }
            ],
            "required_ops_level": 39,
            "requirements": [
                {
                    "id": 0,
                    "type": "building",
                    "name": "Operations",
                    "value": 34
                }
            ],
            "build_costs": {
                "resources": [
                    {
                        "id": 2325683920,
                        "type": "Parsteel",
                        "value": 118320000
                    },
                    {
                        "id": 743985951,
                        "type": "Tritanium",
                        "value": 3262500
                    }
                ],
                "materials": [],
                "others": []
            },
            "rewards": null
        },
        {
            "level": 35,
            "power": 46500,
            "increased_power": 4000,
            "build_time": 1383840,
            "bonuses": [
                {
                    "id": 1,
                    "value": 1.3
                },
                {
                    "id": 2,
                    "value": 1.0
                }
            ],
            "required_ops_level": 39,
            "requirements": [
                {
                    "id": 0,
                    "type": "building",
                    "name": "Operations",
                    "value": 35
                }
            ],
            "build_costs": {
                "resources": [
                    {
                        "id": 2325683920,
                        "type": "Parsteel",
                        "value": 183110400
                    },
                    {
                        "id": 743985951,
                        "type": "Tritanium",
                        "value": 5049000
                    }
                ],
                "materials": [],
                "others": []
            },
            "rewards": null
        },
        {
            "level": 36,
            "power": 51000,
            "increased_power": 4500,
            "build_time": 1768320,
            "bonuses": [
                {
                    "id": 1,
                    "value": 1.3
                },
                {
                    "id": 2,
                    "value": 1.05
                }
            ],
            "required_ops_level": 39,
            "requirements": [
                {
                    "id": 0,
                    "type": "building",
                    "name": "Operations",
                    "value": 36
                }
            ],
            "build_costs": {
                "resources": [
                    {
                        "id": 2325683920,
                        "type": "Parsteel",
                        "value": 258019200
                    },
                    {
                        "id": 743985951,
                        "type": "Tritanium",
                        "value": 7114500
                    }
                ],
                "materials": [],
                "others": []
            },
            "rewards": null
        },
        {
            "level": 37,
            "power": 56000,
            "increased_power": 5000,
            "build_time": 1827360,
            "bonuses": [
                {
                    "id": 1,
                    "value": 1.4
                },
                {
                    "id": 2,
                    "value": 1.1
                }
            ],
            "required_ops_level": 39,
            "requirements": [
                {
                    "id": 0,
                    "type": "building",
                    "name": "Operations",
                    "value": 37
                }
            ],
            "build_costs": {
                "resources": [
                    {
                        "id": 2325683920,
                        "type": "Parsteel",
                        "value": 396576000
                    },
                    {
                        "id": 743985951,
                        "type": "Tritanium",
                        "value": 10935000
                    }
                ],
                "materials": [],
                "others": []
            },
            "rewards": null
        },
        {
            "level": 38,
            "power": 61000,
            "increased_power": 5000,
            "build_time": 2963520,
            "bonuses": [
                {
                    "id": 1,
                    "value": 1.4
                },
                {
                    "id": 2,
                    "value": 1.15
                }
            ],
            "required_ops_level": 39,
            "requirements": [
                {
                    "id": 0,
                    "type": "building",
                    "name": "Operations",
                    "value": 38
                }
            ],
            "build_costs": {
                "resources": [
                    {
                        "id": 2325683920,
                        "type": "Parsteel",
                        "value": 616896000
                    },
                    {
                        "id": 743985951,
                        "type": "Tritanium",
                        "value": 17010000
                    }
                ],
                "materials": [],
                "others": []
            },
            "rewards": null
        },
        {
            "level": 39,
            "power": 66000,
            "increased_power": 5000,
            "build_time": 3934080,
            "bonuses": [
                {
                    "id": 1,
                    "value": 1.4
                },
                {
                    "id": 2,
                    "value": 1.2
                }
            ],
            "required_ops_level": 39,
            "requirements": [
                {
                    "id": 0,
                    "type": "building",
                    "name": "Operations",
                    "value": 39
                }
            ],
            "build_costs": {
                "resources": [
                    {
                        "id": 2325683920,
                        "type": "Parsteel",
                        "value": 1052640000
                    },
                    {
                        "id": 743985951,
                        "type": "Tritanium",
                        "value": 29025000
                    }
                ],
                "materials": [],
                "others": []
            },
            "rewards": null
        },
        {
            "level": 40,
            "power": 72000,
            "increased_power": 6000,
            "build_time": 6981120,
            "bonuses": [
                {
                    "id": 1,
                    "value": 1.6
                },
                {
                    "id": 2,
                    "value": 1.25
                }
            ],
            "required_ops_level": 40,
            "requirements": [
                {
                    "id": 0,
                    "type": "building",
                    "name": "Operations",
                    "value": 40
                }
            ],
            "build_costs": {
                "resources": [
                    {
                        "id": 2325683920,
                        "type": "Parsteel",
                        "value": 4584832000
                    },
                    {
                        "id": 743985951,
                        "type": "Tritanium",
                        "value": 45150000
                    }
                ],
                "materials": [
                    {
                        "id": 3965052272,
                        "type": "4\u2605 Rare Crystal",
                        "grade": 4,
                        "rarity": 3,
                        "value": 800
                    }
                ],
                "others": []
            },
            "rewards": null
        },
        {
            "level": 41,
            "power": 78000,
            "increased_power": 6000,
            "build_time": 6543360,
            "bonuses": [
                {
                    "id": 1,
                    "value": 1.6
                },
                {
                    "id": 2,
                    "value": 1.3
                }
            ],
            "required_ops_level": 41,
            "requirements": [
                {
                    "id": 0,
                    "type": "building",
                    "name": "Operations",
                    "value": 41
                }
            ],
            "build_costs": {
                "resources": [
                    {
                        "id": 2325683920,
                        "type": "Parsteel",
                        "value": 4678400000
                    },
                    {
                        "id": 743985951,
                        "type": "Tritanium",
                        "value": 64500000
                    }
                ],
                "materials": [
                    {
                        "id": 3909684597,
                        "type": "4\u2605 Uncommon Crystal",
                        "grade": 4,
                        "rarity": 2,
                        "value": 3000
                    }
                ],
                "others": []
            },
            "rewards": null
        },
        {
            "level": 42,
            "power": 85000,
            "increased_power": 7000,
            "build_time": 10056960,
            "bonuses": [
                {
                    "id": 1,
                    "value": 1.7
                },
                {
                    "id": 2,
                    "value": 1.35
                }
            ],
            "required_ops_level": 42,
            "requirements": [
                {
                    "id": 0,
                    "type": "building",
                    "name": "Operations",
                    "value": 42
                },
                {
                    "id": 20,
                    "type": "building",
                    "name": "Drydock D",
                    "value": 42
                }
            ],
            "build_costs": {
                "resources": [
                    {
                        "id": 2325683920,
                        "type": "Parsteel",
                        "value": 6968640000
                    },
                    {
                        "id": 743985951,
                        "type": "Tritanium",
                        "value": 96075000
                    }
                ],
                "materials": [
                    {
                        "id": 3909684597,
                        "type": "4\u2605 Uncommon Crystal",
                        "grade": 4,
                        "rarity": 2,
                        "value": 3500
                    }
                ],
                "others": []
            },
            "rewards": null
        },
        {
            "level": 43,
            "power": 92000,
            "increased_power": 7000,
            "build_time": 13286880,
            "bonuses": [
                {
                    "id": 1,
                    "value": 1.7
                },
                {
                    "id": 2,
                    "value": 1.4
                }
            ],
            "required_ops_level": 43,
            "requirements": [
                {
                    "id": 0,
                    "type": "building",
                    "name": "Operations",
                    "value": 43
                }
            ],
            "build_costs": {
                "resources": [
                    {
                        "id": 2325683920,
                        "type": "Parsteel",
                        "value": 9955200000
                    },
                    {
                        "id": 743985951,
                        "type": "Tritanium",
                        "value": 137250000
                    }
                ],
                "materials": [
                    {
                        "id": 3909684597,
                        "type": "4\u2605 Uncommon Crystal",
                        "grade": 4,
                        "rarity": 2,
                        "value": 4000
                    }
                ],
                "others": []
            },
            "rewards": null
        },
        {
            "level": 44,
            "power": 99000,
            "increased_power": 7000,
            "build_time": 17343360,
            "bonuses": [
                {
                    "id": 1,
                    "value": 1.7
                },
                {
                    "id": 2,
                    "value": 1.45
                }
            ],
            "required_ops_level": 44,
            "requirements": [
                {
                    "id": 0,
                    "type": "building",
                    "name": "Operations",
                    "value": 44
                }
            ],
            "build_costs": {
                "resources": [
                    {
                        "id": 2325683920,
                        "type": "Parsteel",
                        "value": 14932800000
                    },
                    {
                        "id": 743985951,
                        "type": "Tritanium",
                        "value": 205875000
                    }
                ],
                "materials": [
                    {
                        "id": 3919958966,
                        "type": "4\u2605 Common Crystal",
                        "grade": 4,
                        "rarity": 1,
                        "value": 25000
                    },
                    {
                        "id": 3909684597,
                        "type": "4\u2605 Uncommon Crystal",
                        "grade": 4,
                        "rarity": 2,
                        "value": 4500
                    }
                ],
                "others": []
            },
            "rewards": null
        },
        {
            "level": 45,
            "power": 106000,
            "increased_power": 7000,
            "build_time": 22390560,
            "bonuses": [
                {
                    "id": 1,
                    "value": 2.0
                },
                {
                    "id": 2,
                    "value": 1.5
                }
            ],
            "required_ops_level": 45,
            "requirements": [
                {
                    "id": 0,
                    "type": "building",
                    "name": "Operations",
                    "value": 45
                }
            ],
            "build_costs": {
                "resources": [
                    {
                        "id": 2325683920,
                        "type": "Parsteel",
                        "value": 21216000000
                    },
                    {
                        "id": 743985951,
                        "type": "Tritanium",
                        "value": 292500000
                    }
                ],
                "materials": [
                    {
                        "id": 3919958966,
                        "type": "4\u2605 Common Crystal",
                        "grade": 4,
                        "rarity": 1,
                        "value": 40000
                    },
                    {
                        "id": 3909684597,
                        "type": "4\u2605 Uncommon Crystal",
                        "grade": 4,
                        "rarity": 2,
                        "value": 5000
                    }
                ],
                "others": []
            },
            "rewards": null
        },
        {
            "level": 46,
            "power": 114000,
            "increased_power": 8000,
            "build_time": 28620000,
            "bonuses": [
                {
                    "id": 1,
                    "value": 2.0
                },
                {
                    "id": 2,
                    "value": 1.55
                }
            ],
            "required_ops_level": 46,
            "requirements": [
                {
                    "id": 0,
                    "type": "building",
                    "name": "Operations",
                    "value": 46
                },
                {
                    "id": 20,
                    "type": "building",
                    "name": "Drydock D",
                    "value": 46
                }
            ],
            "build_costs": {
                "resources": [
                    {
                        "id": 2325683920,
                        "type": "Parsteel",
                        "value": 29172000000
                    },
                    {
                        "id": 743985951,
                        "type": "Tritanium",
                        "value": 402187500
                    }
                ],
                "materials": [
                    {
                        "id": 3909684597,
                        "type": "4\u2605 Uncommon Crystal",
                        "grade": 4,
                        "rarity": 2,
                        "value": 6000
                    }
                ],
                "others": []
            },
            "rewards": null
        },
        {
            "level": 47,
            "power": 123000,
            "increased_power": 9000,
            "build_time": 36256320,
            "bonuses": [
                {
                    "id": 1,
                    "value": 2.15
                },
                {
                    "id": 2,
                    "value": 1.6
                }
            ],
            "required_ops_level": 47,
            "requirements": [
                {
                    "id": 0,
                    "type": "building",
                    "name": "Operations",
                    "value": 47
                }
            ],
            "build_costs": {
                "resources": [
                    {
                        "id": 2325683920,
                        "type": "Parsteel",
                        "value": 42432000000
                    },
                    {
                        "id": 743985951,
                        "type": "Tritanium",
                        "value": 585000000
                    }
                ],
                "materials": [
                    {
                        "id": 3919958966,
                        "type": "4\u2605 Common Crystal",
                        "grade": 4,
                        "rarity": 1,
                        "value": 35000
                    },
                    {
                        "id": 3909684597,
                        "type": "4\u2605 Uncommon Crystal",
                        "grade": 4,
                        "rarity": 2,
                        "value": 6000
                    }
                ],
                "others": []
            },
            "rewards": null
        },
        {
            "level": 48,
            "power": 131000,
            "increased_power": 8000,
            "build_time": 45550080,
            "bonuses": [
                {
                    "id": 1,
                    "value": 2.15
                },
                {
                    "id": 2,
                    "value": 1.65
                }
            ],
            "required_ops_level": 48,
            "requirements": [
                {
                    "id": 0,
                    "type": "building",
                    "name": "Operations",
                    "value": 48
                }
            ],
            "build_costs": {
                "resources": [
                    {
                        "id": 2325683920,
                        "type": "Parsteel",
                        "value": 68544000000
                    },
                    {
                        "id": 743985951,
                        "type": "Tritanium",
                        "value": 945000000
                    }
                ],
                "materials": [
                    {
                        "id": 3919958966,
                        "type": "4\u2605 Common Crystal",
                        "grade": 4,
                        "rarity": 1,
                        "value": 65000
                    },
                    {
                        "id": 3909684597,
                        "type": "4\u2605 Uncommon Crystal",
                        "grade": 4,
                        "rarity": 2,
                        "value": 13000
                    }
                ],
                "others": []
            },
            "rewards": null
        },
        {
            "level": 49,
            "power": 141000,
            "increased_power": 10000,
            "build_time": 56793600,
            "bonuses": [
                {
                    "id": 1,
                    "value": 2.15
                },
                {
                    "id": 2,
                    "value": 1.7
                }
            ],
            "required_ops_level": 49,
            "requirements": [
                {
                    "id": 0,
                    "type": "building",
                    "name": "Operations",
                    "value": 49
                },
                {
                    "id": 20,
                    "type": "building",
                    "name": "Drydock D",
                    "value": 49
                }
            ],
            "build_costs": {
                "resources": [
                    {
                        "id": 2325683920,
                        "type": "Parsteel",
                        "value": 114240000000
                    },
                    {
                        "id": 743985951,
                        "type": "Tritanium",
                        "value": 1575000000
                    }
                ],
                "materials": [
                    {
                        "id": 3909684597,
                        "type": "4\u2605 Uncommon Crystal",
                        "grade": 4,
                        "rarity": 2,
                        "value": 10000
                    },
                    {
                        "id": 3965052272,
                        "type": "4\u2605 Rare Crystal",
                        "grade": 4,
                        "rarity": 3,
                        "value": 4500
                    }
                ],
                "others": []
            },
            "rewards": null
        },
        {
            "level": 50,
            "power": 150000,
            "increased_power": 9000,
            "build_time": 70313760,
            "bonuses": [
                {
                    "id": 1,
                    "value": 2.5
                },
                {
                    "id": 2,
                    "value": 1.75
                }
            ],
            "required_ops_level": 50,
            "requirements": [
                {
                    "id": 0,
                    "type": "building",
                    "name": "Operations",
                    "value": 50
                }
            ],
            "build_costs": {
                "resources": [
                    {
                        "id": 2325683920,
                        "type": "Parsteel",
                        "value": 199920000000
                    },
                    {
                        "id": 743985951,
                        "type": "Tritanium",
                        "value": 2756250000
                    }
                ],
                "materials": [],
                "others": []
            },
            "rewards": null
        },
        {
            "level": 51,
            "power": 161000,
            "increased_power": 11000,
            "build_time": 74532960,
            "bonuses": [
                {
                    "id": 1,
                    "value": 2.5
                },
                {
                    "id": 2,
                    "value": 1.8
                }
            ],
            "required_ops_level": 51,
            "requirements": [
                {
                    "id": 0,
                    "type": "building",
                    "name": "Operations",
                    "value": 51
                }
            ],
            "build_costs": {
                "resources": [
                    {
                        "id": 2325683920,
                        "type": "Parsteel",
                        "value": 997152000000
                    },
                    {
                        "id": 743985951,
                        "type": "Tritanium",
                        "value": 5850000000
                    }
                ],
                "materials": [
                    {
                        "id": 3301222353,
                        "type": "5\u2605 Common Crystal",
                        "grade": 5,
                        "rarity": 1,
                        "value": 27100
                    },
                    {
                        "id": 1371250883,
                        "type": "5\u2605 Uncommon Crystal",
                        "grade": 5,
                        "rarity": 2,
                        "value": 2600
                    }
                ],
                "others": []
            },
            "rewards": null
        },
        {
            "level": 52,
            "power": 171000,
            "increased_power": 10000,
            "build_time": 79005600,
            "bonuses": [
                {
                    "id": 1,
                    "value": 2.6
                },
                {
                    "id": 2,
                    "value": 1.85
                }
            ],
            "required_ops_level": 52,
            "requirements": [
                {
                    "id": 0,
                    "type": "building",
                    "name": "Operations",
                    "value": 52
                },
                {
                    "id": 20,
                    "type": "building",
                    "name": "Drydock D",
                    "value": 52
                }
            ],
            "build_costs": {
                "resources": [
                    {
                        "id": 2325683920,
                        "type": "Parsteel",
                        "value": 1803360000000
                    },
                    {
                        "id": 743985951,
                        "type": "Tritanium",
                        "value": 9945000000
                    }
                ],
                "materials": [
                    {
                        "id": 3301222353,
                        "type": "5\u2605 Common Crystal",
                        "grade": 5,
                        "rarity": 1,
                        "value": 46900
                    },
                    {
                        "id": 1371250883,
                        "type": "5\u2605 Uncommon Crystal",
                        "grade": 5,
                        "rarity": 2,
                        "value": 5700
                    }
                ],
                "others": []
            },
            "rewards": null
        },
        {
            "level": 53,
            "power": 182000,
            "increased_power": 11000,
            "build_time": 83744640,
            "bonuses": [
                {
                    "id": 1,
                    "value": 2.6
                },
                {
                    "id": 2,
                    "value": 1.9
                }
            ],
            "required_ops_level": 53,
            "requirements": [
                {
                    "id": 0,
                    "type": "building",
                    "name": "Operations",
                    "value": 53
                }
            ],
            "build_costs": {
                "resources": [
                    {
                        "id": 2325683920,
                        "type": "Parsteel",
                        "value": 3028992000000
                    },
                    {
                        "id": 743985951,
                        "type": "Tritanium",
                        "value": 17400000000
                    }
                ],
                "materials": [
                    {
                        "id": 3301222353,
                        "type": "5\u2605 Common Crystal",
                        "grade": 5,
                        "rarity": 1,
                        "value": 61900
                    },
                    {
                        "id": 1371250883,
                        "type": "5\u2605 Uncommon Crystal",
                        "grade": 5,
                        "rarity": 2,
                        "value": 20600
                    }
                ],
                "others": []
            },
            "rewards": null
        },
        {
            "level": 54,
            "power": 194000,
            "increased_power": 12000,
            "build_time": 88770240,
            "bonuses": [
                {
                    "id": 1,
                    "value": 2.6
                },
                {
                    "id": 2,
                    "value": 1.95
                }
            ],
            "required_ops_level": 54,
            "requirements": [
                {
                    "id": 0,
                    "type": "building",
                    "name": "Operations",
                    "value": 54
                }
            ],
            "build_costs": {
                "resources": [
                    {
                        "id": 2325683920,
                        "type": "Parsteel",
                        "value": 4543488000000
                    },
                    {
                        "id": 743985951,
                        "type": "Tritanium",
                        "value": 26100000000
                    }
                ],
                "materials": [
                    {
                        "id": 3301222353,
                        "type": "5\u2605 Common Crystal",
                        "grade": 5,
                        "rarity": 1,
                        "value": 98600
                    },
                    {
                        "id": 1371250883,
                        "type": "5\u2605 Uncommon Crystal",
                        "grade": 5,
                        "rarity": 2,
                        "value": 27400
                    }
                ],
                "others": []
            },
            "rewards": null
        },
        {
            "level": 55,
            "power": 205000,
            "increased_power": 11000,
            "build_time": 94096800,
            "bonuses": [
                {
                    "id": 1,
                    "value": 2.9
                },
                {
                    "id": 2,
                    "value": 2.0
                }
            ],
            "required_ops_level": 55,
            "requirements": [
                {
                    "id": 0,
                    "type": "building",
                    "name": "Operations",
                    "value": 55
                }
            ],
            "build_costs": {
                "resources": [
                    {
                        "id": 2325683920,
                        "type": "Parsteel",
                        "value": 7722624000000
                    },
                    {
                        "id": 743985951,
                        "type": "Tritanium",
                        "value": 40950000000
                    }
                ],
                "materials": [
                    {
                        "id": 3301222353,
                        "type": "5\u2605 Common Crystal",
                        "grade": 5,
                        "rarity": 1,
                        "value": 127600
                    },
                    {
                        "id": 3053746170,
                        "type": "5\u2605 Rare Crystal",
                        "grade": 5,
                        "rarity": 3,
                        "value": 8800
                    }
                ],
                "others": []
            },
            "rewards": null
        },
        {
            "level": 56,
            "power": 220000,
            "increased_power": 15000,
            "build_time": 99741600,
            "bonuses": [
                {
                    "id": 1,
                    "value": 2.9
                },
                {
                    "id": 2,
                    "value": 2.05
                }
            ],
            "required_ops_level": 56,
            "requirements": [
                {
                    "id": 0,
                    "type": "building",
                    "name": "Operations",
                    "value": 56
                }
            ],
            "build_costs": {
                "resources": [
                    {
                        "id": 2325683920,
                        "type": "Parsteel",
                        "value": 12135552000000
                    },
                    {
                        "id": 743985951,
                        "type": "Tritanium",
                        "value": 64350000000
                    }
                ],
                "materials": [
                    {
                        "id": 1371250883,
                        "type": "5\u2605 Uncommon Crystal",
                        "grade": 5,
                        "rarity": 2,
                        "value": 32600
                    },
                    {
                        "id": 3053746170,
                        "type": "5\u2605 Rare Crystal",
                        "grade": 5,
                        "rarity": 3,
                        "value": 7800
                    }
                ],
                "others": []
            },
            "rewards": null
        },
        {
            "level": 57,
            "power": 230000,
            "increased_power": 10000,
            "build_time": 105726240,
            "bonuses": [
                {
                    "id": 1,
                    "value": 2.9
                },
                {
                    "id": 2,
                    "value": 2.1
                }
            ],
            "required_ops_level": 57,
            "requirements": [
                {
                    "id": 0,
                    "type": "building",
                    "name": "Operations",
                    "value": 57
                }
            ],
            "build_costs": {
                "resources": [
                    {
                        "id": 2325683920,
                        "type": "Parsteel",
                        "value": 18998220800000
                    },
                    {
                        "id": 743985951,
                        "type": "Tritanium",
                        "value": 100740000000
                    }
                ],
                "materials": [
                    {
                        "id": 3301222353,
                        "type": "5\u2605 Common Crystal",
                        "grade": 5,
                        "rarity": 1,
                        "value": 127800
                    },
                    {
                        "id": 1371250883,
                        "type": "5\u2605 Uncommon Crystal",
                        "grade": 5,
                        "rarity": 2,
                        "value": 33600
                    }
                ],
                "others": []
            },
            "rewards": null
        },
        {
            "level": 58,
            "power": 245000,
            "increased_power": 15000,
            "build_time": 112069440,
            "bonuses": [
                {
                    "id": 1,
                    "value": 3.1
                },
                {
                    "id": 2,
                    "value": 2.15
                }
            ],
            "required_ops_level": 58,
            "requirements": [
                {
                    "id": 0,
                    "type": "building",
                    "name": "Operations",
                    "value": 58
                }
            ],
            "build_costs": {
                "resources": [
                    {
                        "id": 2325683920,
                        "type": "Parsteel",
                        "value": 27448934400000
                    },
                    {
                        "id": 743985951,
                        "type": "Tritanium",
                        "value": 157680000000
                    }
                ],
                "materials": [
                    {
                        "id": 3301222353,
                        "type": "5\u2605 Common Crystal",
                        "grade": 5,
                        "rarity": 1,
                        "value": 152500
                    },
                    {
                        "id": 3053746170,
                        "type": "5\u2605 Rare Crystal",
                        "grade": 5,
                        "rarity": 3,
                        "value": 6900
                    }
                ],
                "others": []
            },
            "rewards": null
        },
        {
            "level": 59,
            "power": 260000,
            "increased_power": 15000,
            "build_time": 118794240,
            "bonuses": [
                {
                    "id": 1,
                    "value": 3.1
                },
                {
                    "id": 2,
                    "value": 2.2
                }
            ],
            "required_ops_level": 59,
            "requirements": [
                {
                    "id": 0,
                    "type": "building",
                    "name": "Operations",
                    "value": 59
                },
                {
                    "id": 20,
                    "type": "building",
                    "name": "Drydock D",
                    "value": 59
                }
            ],
            "build_costs": {
                "resources": [
                    {
                        "id": 2325683920,
                        "type": "Parsteel",
                        "value": 41173401600000
                    },
                    {
                        "id": 743985951,
                        "type": "Tritanium",
                        "value": 236520000000
                    }
                ],
                "materials": [
                    {
                        "id": 3301222353,
                        "type": "5\u2605 Common Crystal",
                        "grade": 5,
                        "rarity": 1,
                        "value": 180500
                    },
                    {
                        "id": 1371250883,
                        "type": "5\u2605 Uncommon Crystal",
                        "grade": 5,
                        "rarity": 2,
                        "value": 45200
                    }
                ],
                "others": []
            },
            "rewards": null
        },
        {
            "level": 60,
            "power": 275000,
            "increased_power": 15000,
            "build_time": 125922240,
            "bonuses": [
                {
                    "id": 1,
                    "value": 3.5
                },
                {
                    "id": 2,
                    "value": 2.25
                }
            ],
            "required_ops_level": 60,
            "requirements": [
                {
                    "id": 0,
                    "type": "building",
                    "name": "Operations",
                    "value": 60
                }
            ],
            "build_costs": {
                "resources": [
                    {
                        "id": 2325683920,
                        "type": "Parsteel",
                        "value": 64300800000000
                    },
                    {
                        "id": 743985951,
                        "type": "Tritanium",
                        "value": 369375000000
                    }
                ],
                "materials": [
                    {
                        "id": 1371250883,
                        "type": "5\u2605 Uncommon Crystal",
                        "grade": 5,
                        "rarity": 2,
                        "value": 62600
                    },
                    {
                        "id": 3053746170,
                        "type": "5\u2605 Rare Crystal",
                        "grade": 5,
                        "rarity": 3,
                        "value": 12200
                    }
                ],
                "others": []
            },
            "rewards": null
        }
    ]
}