{
    "id": 34,
    "name": "Defense Platform A",
    "description": "Defense Platforms are the last line of Defense for the Station. Behind defending ships they provide additional fire support. Upgrade to increase the Platform's combat performance.",
    "group": 5,
    "start_level": 1,
    "bonuses": [
        {
            "id": 1,
            "name": "Power Level",
            "is_percentage": false
        }
    ],
    "levels": [
        {
            "level": 1,
            "power": 945,
            "increased_power": 945,
            "build_time": 0,
            "bonuses": [
                {
                    "id": 1,
                    "value": 1.0
                }
            ],
            "required_ops_level": 0,
            "requirements": [],
            "build_costs": {
                "resources": [],
                "materials": [],
                "others": []
            },
            "rewards": null
        },
        {
            "level": 2,
            "power": 989,
            "increased_power": 44,
            "build_time": 180,
            "bonuses": [
                {
                    "id": 1,
                    "value": 2.0
                }
            ],
            "required_ops_level": 13,
            "requirements": [
                {
                    "id": 17,
                    "type": "building",
                    "name": "Drydock A",
                    "value": 3
                },
                {
                    "id": 25,
                    "type": "building",
                    "name": "R&D Department",
                    "value": 13
                }
            ],
            "build_costs": {
                "resources": [
                    {
                        "id": 2325683920,
                        "type": "Parsteel",
                        "value": 5500
                    },
                    {
                        "id": 743985951,
                        "type": "Tritanium",
                        "value": 200
                    }
                ],
                "materials": [],
                "others": []
            },
            "rewards": null
        },
        {
            "level": 3,
            "power": 1168,
            "increased_power": 179,
            "build_time": 390,
            "bonuses": [
                {
                    "id": 1,
                    "value": 3.0
                }
            ],
            "required_ops_level": 13,
            "requirements": [
                {
                    "id": 17,
                    "type": "building",
                    "name": "Drydock A",
                    "value": 3
                },
                {
                    "id": 25,
                    "type": "building",
                    "name": "R&D Department",
                    "value": 13
                }
            ],
            "build_costs": {
                "resources": [
                    {
                        "id": 2325683920,
                        "type": "Parsteel",
                        "value": 6250
                    },
                    {
                        "id": 743985951,
                        "type": "Tritanium",
                        "value": 240
                    }
                ],
                "materials": [],
                "others": []
            },
            "rewards": null
        },
        {
            "level": 4,
            "power": 1400,
            "increased_power": 232,
            "build_time": 540,
            "bonuses": [
                {
                    "id": 1,
                    "value": 4.0
                }
            ],
            "required_ops_level": 13,
            "requirements": [
                {
                    "id": 17,
                    "type": "building",
                    "name": "Drydock A",
                    "value": 3
                },
                {
                    "id": 25,
                    "type": "building",
                    "name": "R&D Department",
                    "value": 13
                }
            ],
            "build_costs": {
                "resources": [
                    {
                        "id": 2325683920,
                        "type": "Parsteel",
                        "value": 7000
                    },
                    {
                        "id": 743985951,
                        "type": "Tritanium",
                        "value": 300
                    }
                ],
                "materials": [],
                "others": []
            },
            "rewards": null
        },
        {
            "level": 5,
            "power": 1801,
            "increased_power": 401,
            "build_time": 900,
            "bonuses": [
                {
                    "id": 1,
                    "value": 5.0
                }
            ],
            "required_ops_level": 13,
            "requirements": [
                {
                    "id": 17,
                    "type": "building",
                    "name": "Drydock A",
                    "value": 3
                },
                {
                    "id": 25,
                    "type": "building",
                    "name": "R&D Department",
                    "value": 13
                }
            ],
            "build_costs": {
                "resources": [
                    {
                        "id": 2325683920,
                        "type": "Parsteel",
                        "value": 7750
                    },
                    {
                        "id": 743985951,
                        "type": "Tritanium",
                        "value": 350
                    }
                ],
                "materials": [],
                "others": []
            },
            "rewards": null
        },
        {
            "level": 6,
            "power": 2374,
            "increased_power": 573,
            "build_time": 1560,
            "bonuses": [
                {
                    "id": 1,
                    "value": 6.0
                }
            ],
            "required_ops_level": 13,
            "requirements": [
                {
                    "id": 17,
                    "type": "building",
                    "name": "Drydock A",
                    "value": 5
                },
                {
                    "id": 25,
                    "type": "building",
                    "name": "R&D Department",
                    "value": 13
                }
            ],
            "build_costs": {
                "resources": [
                    {
                        "id": 2325683920,
                        "type": "Parsteel",
                        "value": 8500
                    },
                    {
                        "id": 743985951,
                        "type": "Tritanium",
                        "value": 400
                    }
                ],
                "materials": [],
                "others": []
            },
            "rewards": null
        },
        {
            "level": 7,
            "power": 3245,
            "increased_power": 871,
            "build_time": 2880,
            "bonuses": [
                {
                    "id": 1,
                    "value": 7.0
                }
            ],
            "required_ops_level": 13,
            "requirements": [
                {
                    "id": 17,
                    "type": "building",
                    "name": "Drydock A",
                    "value": 5
                },
                {
                    "id": 25,
                    "type": "building",
                    "name": "R&D Department",
                    "value": 13
                }
            ],
            "build_costs": {
                "resources": [
                    {
                        "id": 2325683920,
                        "type": "Parsteel",
                        "value": 9250
                    },
                    {
                        "id": 743985951,
                        "type": "Tritanium",
                        "value": 450
                    }
                ],
                "materials": [],
                "others": []
            },
            "rewards": null
        },
        {
            "level": 8,
            "power": 4767,
            "increased_power": 1522,
            "build_time": 4080,
            "bonuses": [
                {
                    "id": 1,
                    "value": 8.0
                }
            ],
            "required_ops_level": 13,
            "requirements": [
                {
                    "id": 17,
                    "type": "building",
                    "name": "Drydock A",
                    "value": 8
                }
            ],
            "build_costs": {
                "resources": [
                    {
                        "id": 2325683920,
                        "type": "Parsteel",
                        "value": 10000
                    },
                    {
                        "id": 743985951,
                        "type": "Tritanium",
                        "value": 500
                    }
                ],
                "materials": [],
                "others": []
            },
            "rewards": null
        },
        {
            "level": 9,
            "power": 6848,
            "increased_power": 2081,
            "build_time": 6300,
            "bonuses": [
                {
                    "id": 1,
                    "value": 9.0
                }
            ],
            "required_ops_level": 13,
            "requirements": [
                {
                    "id": 17,
                    "type": "building",
                    "name": "Drydock A",
                    "value": 9
                }
            ],
            "build_costs": {
                "resources": [
                    {
                        "id": 2325683920,
                        "type": "Parsteel",
                        "value": 11000
                    },
                    {
                        "id": 743985951,
                        "type": "Tritanium",
                        "value": 550
                    }
                ],
                "materials": [],
                "others": []
            },
            "rewards": null
        },
        {
            "level": 10,
            "power": 9090,
            "increased_power": 2242,
            "build_time": 6900,
            "bonuses": [
                {
                    "id": 1,
                    "value": 10.0
                }
            ],
            "required_ops_level": 13,
            "requirements": [
                {
                    "id": 17,
                    "type": "building",
                    "name": "Drydock A",
                    "value": 10
                }
            ],
            "build_costs": {
                "resources": [
                    {
                        "id": 2325683920,
                        "type": "Parsteel",
                        "value": 12500
                    },
                    {
                        "id": 743985951,
                        "type": "Tritanium",
                        "value": 300
                    }
                ],
                "materials": [],
                "others": []
            },
            "rewards": null
        },
        {
            "level": 11,
            "power": 10987,
            "increased_power": 1897,
            "build_time": 7200,
            "bonuses": [
                {
                    "id": 1,
                    "value": 11.0
                }
            ],
            "required_ops_level": 13,
            "requirements": [
                {
                    "id": 17,
                    "type": "building",
                    "name": "Drydock A",
                    "value": 11
                },
                {
                    "id": 18,
                    "type": "building",
                    "name": "Drydock B",
                    "value": 10
                }
            ],
            "build_costs": {
                "resources": [
                    {
                        "id": 2325683920,
                        "type": "Parsteel",
                        "value": 13600
                    },
                    {
                        "id": 743985951,
                        "type": "Tritanium",
                        "value": 400
                    },
                    {
                        "id": 2614028847,
                        "type": "Dilithium",
                        "value": 8
                    }
                ],
                "materials": [],
                "others": []
            },
            "rewards": null
        },
        {
            "level": 12,
            "power": 12747,
            "increased_power": 1760,
            "build_time": 12900,
            "bonuses": [
                {
                    "id": 1,
                    "value": 12.0
                }
            ],
            "required_ops_level": 13,
            "requirements": [
                {
                    "id": 17,
                    "type": "building",
                    "name": "Drydock A",
                    "value": 12
                }
            ],
            "build_costs": {
                "resources": [
                    {
                        "id": 2325683920,
                        "type": "Parsteel",
                        "value": 18700
                    },
                    {
                        "id": 743985951,
                        "type": "Tritanium",
                        "value": 550
                    },
                    {
                        "id": 2614028847,
                        "type": "Dilithium",
                        "value": 22
                    }
                ],
                "materials": [],
                "others": []
            },
            "rewards": null
        },
        {
            "level": 13,
            "power": 15003,
            "increased_power": 2256,
            "build_time": 19200,
            "bonuses": [
                {
                    "id": 1,
                    "value": 13.0
                }
            ],
            "required_ops_level": 13,
            "requirements": [
                {
                    "id": 17,
                    "type": "building",
                    "name": "Drydock A",
                    "value": 13
                }
            ],
            "build_costs": {
                "resources": [
                    {
                        "id": 2325683920,
                        "type": "Parsteel",
                        "value": 27200
                    },
                    {
                        "id": 743985951,
                        "type": "Tritanium",
                        "value": 800
                    },
                    {
                        "id": 2614028847,
                        "type": "Dilithium",
                        "value": 48
                    }
                ],
                "materials": [],
                "others": []
            },
            "rewards": null
        },
        {
            "level": 14,
            "power": 16798,
            "increased_power": 1795,
            "build_time": 26640,
            "bonuses": [
                {
                    "id": 1,
                    "value": 14.0
                }
            ],
            "required_ops_level": 14,
            "requirements": [
                {
                    "id": 17,
                    "type": "building",
                    "name": "Drydock A",
                    "value": 14
                }
            ],
            "build_costs": {
                "resources": [
                    {
                        "id": 2325683920,
                        "type": "Parsteel",
                        "value": 37400
                    },
                    {
                        "id": 743985951,
                        "type": "Tritanium",
                        "value": 1100
                    },
                    {
                        "id": 2614028847,
                        "type": "Dilithium",
                        "value": 88
                    }
                ],
                "materials": [],
                "others": []
            },
            "rewards": null
        },
        {
            "level": 15,
            "power": 17731,
            "increased_power": 933,
            "build_time": 34560,
            "bonuses": [
                {
                    "id": 1,
                    "value": 15.0
                }
            ],
            "required_ops_level": 15,
            "requirements": [
                {
                    "id": 17,
                    "type": "building",
                    "name": "Drydock A",
                    "value": 15
                }
            ],
            "build_costs": {
                "resources": [
                    {
                        "id": 2325683920,
                        "type": "Parsteel",
                        "value": 51000
                    },
                    {
                        "id": 743985951,
                        "type": "Tritanium",
                        "value": 1500
                    },
                    {
                        "id": 2614028847,
                        "type": "Dilithium",
                        "value": 150
                    }
                ],
                "materials": [],
                "others": []
            },
            "rewards": null
        },
        {
            "level": 16,
            "power": 21913,
            "increased_power": 4182,
            "build_time": 40320,
            "bonuses": [
                {
                    "id": 1,
                    "value": 16.0
                }
            ],
            "required_ops_level": 16,
            "requirements": [
                {
                    "id": 17,
                    "type": "building",
                    "name": "Drydock A",
                    "value": 16
                }
            ],
            "build_costs": {
                "resources": [
                    {
                        "id": 2325683920,
                        "type": "Parsteel",
                        "value": 68000
                    },
                    {
                        "id": 743985951,
                        "type": "Tritanium",
                        "value": 2000
                    },
                    {
                        "id": 2614028847,
                        "type": "Dilithium",
                        "value": 200
                    }
                ],
                "materials": [],
                "others": []
            },
            "rewards": null
        },
        {
            "level": 17,
            "power": 25344,
            "increased_power": 3431,
            "build_time": 43920,
            "bonuses": [
                {
                    "id": 1,
                    "value": 17.0
                }
            ],
            "required_ops_level": 17,
            "requirements": [
                {
                    "id": 17,
                    "type": "building",
                    "name": "Drydock A",
                    "value": 17
                }
            ],
            "build_costs": {
                "resources": [
                    {
                        "id": 2325683920,
                        "type": "Parsteel",
                        "value": 95200
                    },
                    {
                        "id": 743985951,
                        "type": "Tritanium",
                        "value": 2800
                    },
                    {
                        "id": 2614028847,
                        "type": "Dilithium",
                        "value": 280
                    }
                ],
                "materials": [
                    {
                        "id": 796037847,
                        "type": "2\u2605 Common Gas",
                        "grade": 2,
                        "rarity": 1,
                        "value": 25
                    }
                ],
                "others": []
            },
            "rewards": null
        },
        {
            "level": 18,
            "power": 27809,
            "increased_power": 2465,
            "build_time": 66960,
            "bonuses": [
                {
                    "id": 1,
                    "value": 18.0
                }
            ],
            "required_ops_level": 18,
            "requirements": [
                {
                    "id": 17,
                    "type": "building",
                    "name": "Drydock A",
                    "value": 18
                }
            ],
            "build_costs": {
                "resources": [
                    {
                        "id": 2325683920,
                        "type": "Parsteel",
                        "value": 136000
                    },
                    {
                        "id": 743985951,
                        "type": "Tritanium",
                        "value": 4000
                    },
                    {
                        "id": 2614028847,
                        "type": "Dilithium",
                        "value": 400
                    }
                ],
                "materials": [
                    {
                        "id": 796037847,
                        "type": "2\u2605 Common Gas",
                        "grade": 2,
                        "rarity": 1,
                        "value": 100
                    }
                ],
                "others": []
            },
            "rewards": null
        },
        {
            "level": 19,
            "power": 36536,
            "increased_power": 8727,
            "build_time": 97200,
            "bonuses": [
                {
                    "id": 1,
                    "value": 19.0
                }
            ],
            "required_ops_level": 19,
            "requirements": [
                {
                    "id": 17,
                    "type": "building",
                    "name": "Drydock A",
                    "value": 19
                },
                {
                    "id": 35,
                    "type": "building",
                    "name": "Defense Platform B",
                    "value": 19
                }
            ],
            "build_costs": {
                "resources": [
                    {
                        "id": 2325683920,
                        "type": "Parsteel",
                        "value": 204000
                    },
                    {
                        "id": 743985951,
                        "type": "Tritanium",
                        "value": 6000
                    },
                    {
                        "id": 2614028847,
                        "type": "Dilithium",
                        "value": 600
                    }
                ],
                "materials": [
                    {
                        "id": 796037847,
                        "type": "2\u2605 Common Gas",
                        "grade": 2,
                        "rarity": 1,
                        "value": 400
                    }
                ],
                "others": []
            },
            "rewards": null
        },
        {
            "level": 20,
            "power": 46253,
            "increased_power": 9717,
            "build_time": 146160,
            "bonuses": [
                {
                    "id": 1,
                    "value": 20.0
                }
            ],
            "required_ops_level": 20,
            "requirements": [
                {
                    "id": 17,
                    "type": "building",
                    "name": "Drydock A",
                    "value": 20
                },
                {
                    "id": 28,
                    "type": "building",
                    "name": "Defense Technologies",
                    "value": 20
                }
            ],
            "build_costs": {
                "resources": [
                    {
                        "id": 2325683920,
                        "type": "Parsteel",
                        "value": 289000
                    },
                    {
                        "id": 743985951,
                        "type": "Tritanium",
                        "value": 8500
                    },
                    {
                        "id": 2614028847,
                        "type": "Dilithium",
                        "value": 850
                    }
                ],
                "materials": [],
                "others": []
            },
            "rewards": null
        },
        {
            "level": 21,
            "power": 52964,
            "increased_power": 6711,
            "build_time": 133200,
            "bonuses": [
                {
                    "id": 1,
                    "value": 21.0
                }
            ],
            "required_ops_level": 21,
            "requirements": [
                {
                    "id": 17,
                    "type": "building",
                    "name": "Drydock A",
                    "value": 21
                }
            ],
            "build_costs": {
                "resources": [
                    {
                        "id": 2325683920,
                        "type": "Parsteel",
                        "value": 486540
                    },
                    {
                        "id": 743985951,
                        "type": "Tritanium",
                        "value": 14310
                    },
                    {
                        "id": 2614028847,
                        "type": "Dilithium",
                        "value": 1431
                    }
                ],
                "materials": [],
                "others": []
            },
            "rewards": null
        },
        {
            "level": 22,
            "power": 269086,
            "increased_power": 216122,
            "build_time": 207360,
            "bonuses": [
                {
                    "id": 1,
                    "value": 22.0
                }
            ],
            "required_ops_level": 22,
            "requirements": [
                {
                    "id": 17,
                    "type": "building",
                    "name": "Drydock A",
                    "value": 22
                }
            ],
            "build_costs": {
                "resources": [
                    {
                        "id": 2325683920,
                        "type": "Parsteel",
                        "value": 756840
                    },
                    {
                        "id": 743985951,
                        "type": "Tritanium",
                        "value": 22260
                    },
                    {
                        "id": 2614028847,
                        "type": "Dilithium",
                        "value": 2226
                    }
                ],
                "materials": [],
                "others": []
            },
            "rewards": null
        },
        {
            "level": 23,
            "power": 301149,
            "increased_power": 32063,
            "build_time": 244800,
            "bonuses": [
                {
                    "id": 1,
                    "value": 23.0
                }
            ],
            "required_ops_level": 23,
            "requirements": [
                {
                    "id": 17,
                    "type": "building",
                    "name": "Drydock A",
                    "value": 23
                }
            ],
            "build_costs": {
                "resources": [
                    {
                        "id": 2325683920,
                        "type": "Parsteel",
                        "value": 1245420
                    },
                    {
                        "id": 743985951,
                        "type": "Tritanium",
                        "value": 36630
                    },
                    {
                        "id": 2614028847,
                        "type": "Dilithium",
                        "value": 3663
                    }
                ],
                "materials": [],
                "others": []
            },
            "rewards": null
        },
        {
            "level": 24,
            "power": 337222,
            "increased_power": 36073,
            "build_time": 299520,
            "bonuses": [
                {
                    "id": 1,
                    "value": 24.0
                }
            ],
            "required_ops_level": 24,
            "requirements": [
                {
                    "id": 17,
                    "type": "building",
                    "name": "Drydock A",
                    "value": 24
                }
            ],
            "build_costs": {
                "resources": [
                    {
                        "id": 2325683920,
                        "type": "Parsteel",
                        "value": 1962480
                    },
                    {
                        "id": 743985951,
                        "type": "Tritanium",
                        "value": 57720
                    },
                    {
                        "id": 2614028847,
                        "type": "Dilithium",
                        "value": 5772
                    }
                ],
                "materials": [
                    {
                        "id": 3215442881,
                        "type": "3\u2605 Common Gas",
                        "grade": 3,
                        "rarity": 1,
                        "value": 150
                    }
                ],
                "others": []
            },
            "rewards": null
        },
        {
            "level": 25,
            "power": 366122,
            "increased_power": 28900,
            "build_time": 277920,
            "bonuses": [
                {
                    "id": 1,
                    "value": 25.0
                }
            ],
            "required_ops_level": 25,
            "requirements": [
                {
                    "id": 17,
                    "type": "building",
                    "name": "Drydock A",
                    "value": 25
                },
                {
                    "id": 28,
                    "type": "building",
                    "name": "Defense Technologies",
                    "value": 25
                }
            ],
            "build_costs": {
                "resources": [
                    {
                        "id": 2325683920,
                        "type": "Parsteel",
                        "value": 3182400
                    },
                    {
                        "id": 743985951,
                        "type": "Tritanium",
                        "value": 93600
                    },
                    {
                        "id": 2614028847,
                        "type": "Dilithium",
                        "value": 9360
                    }
                ],
                "materials": [
                    {
                        "id": 3215442881,
                        "type": "3\u2605 Common Gas",
                        "grade": 3,
                        "rarity": 1,
                        "value": 190
                    },
                    {
                        "id": 2599869530,
                        "type": "3\u2605 Uncommon Gas",
                        "grade": 3,
                        "rarity": 2,
                        "value": 1
                    }
                ],
                "others": []
            },
            "rewards": null
        },
        {
            "level": 26,
            "power": 399505,
            "increased_power": 33383,
            "build_time": 377280,
            "bonuses": [
                {
                    "id": 1,
                    "value": 26.0
                }
            ],
            "required_ops_level": 26,
            "requirements": [
                {
                    "id": 17,
                    "type": "building",
                    "name": "Drydock A",
                    "value": 26
                }
            ],
            "build_costs": {
                "resources": [
                    {
                        "id": 2325683920,
                        "type": "Parsteel",
                        "value": 4972500
                    },
                    {
                        "id": 743985951,
                        "type": "Tritanium",
                        "value": 146250
                    },
                    {
                        "id": 2614028847,
                        "type": "Dilithium",
                        "value": 14625
                    }
                ],
                "materials": [
                    {
                        "id": 3215442881,
                        "type": "3\u2605 Common Gas",
                        "grade": 3,
                        "rarity": 1,
                        "value": 230
                    },
                    {
                        "id": 2599869530,
                        "type": "3\u2605 Uncommon Gas",
                        "grade": 3,
                        "rarity": 2,
                        "value": 4
                    }
                ],
                "others": []
            },
            "rewards": null
        },
        {
            "level": 27,
            "power": 470121,
            "increased_power": 70616,
            "build_time": 429120,
            "bonuses": [
                {
                    "id": 1,
                    "value": 27.0
                }
            ],
            "required_ops_level": 27,
            "requirements": [
                {
                    "id": 17,
                    "type": "building",
                    "name": "Drydock A",
                    "value": 27
                }
            ],
            "build_costs": {
                "resources": [
                    {
                        "id": 2325683920,
                        "type": "Parsteel",
                        "value": 7588800
                    },
                    {
                        "id": 743985951,
                        "type": "Tritanium",
                        "value": 223200
                    },
                    {
                        "id": 2614028847,
                        "type": "Dilithium",
                        "value": 22320
                    }
                ],
                "materials": [
                    {
                        "id": 2599869530,
                        "type": "3\u2605 Uncommon Gas",
                        "grade": 3,
                        "rarity": 2,
                        "value": 10
                    }
                ],
                "others": []
            },
            "rewards": null
        },
        {
            "level": 28,
            "power": 573626,
            "increased_power": 103505,
            "build_time": 498240,
            "bonuses": [
                {
                    "id": 1,
                    "value": 28.0
                }
            ],
            "required_ops_level": 28,
            "requirements": [
                {
                    "id": 17,
                    "type": "building",
                    "name": "Drydock A",
                    "value": 28
                }
            ],
            "build_costs": {
                "resources": [
                    {
                        "id": 2325683920,
                        "type": "Parsteel",
                        "value": 11383200
                    },
                    {
                        "id": 743985951,
                        "type": "Tritanium",
                        "value": 334800
                    },
                    {
                        "id": 2614028847,
                        "type": "Dilithium",
                        "value": 33480
                    }
                ],
                "materials": [
                    {
                        "id": 3215442881,
                        "type": "3\u2605 Common Gas",
                        "grade": 3,
                        "rarity": 1,
                        "value": 360
                    },
                    {
                        "id": 2599869530,
                        "type": "3\u2605 Uncommon Gas",
                        "grade": 3,
                        "rarity": 2,
                        "value": 18
                    }
                ],
                "others": []
            },
            "rewards": null
        },
        {
            "level": 29,
            "power": 629786,
            "increased_power": 56160,
            "build_time": 550080,
            "bonuses": [
                {
                    "id": 1,
                    "value": 29.0
                }
            ],
            "required_ops_level": 29,
            "requirements": [
                {
                    "id": 17,
                    "type": "building",
                    "name": "Drydock A",
                    "value": 29
                }
            ],
            "build_costs": {
                "resources": [
                    {
                        "id": 2325683920,
                        "type": "Parsteel",
                        "value": 18122000
                    },
                    {
                        "id": 743985951,
                        "type": "Tritanium",
                        "value": 533000
                    },
                    {
                        "id": 2614028847,
                        "type": "Dilithium",
                        "value": 53300
                    }
                ],
                "materials": [
                    {
                        "id": 2599869530,
                        "type": "3\u2605 Uncommon Gas",
                        "grade": 3,
                        "rarity": 2,
                        "value": 30
                    }
                ],
                "others": []
            },
            "rewards": null
        },
        {
            "level": 30,
            "power": 698787,
            "increased_power": 69001,
            "build_time": 596160,
            "bonuses": [
                {
                    "id": 1,
                    "value": 30.0
                }
            ],
            "required_ops_level": 30,
            "requirements": [
                {
                    "id": 17,
                    "type": "building",
                    "name": "Drydock A",
                    "value": 30
                },
                {
                    "id": 28,
                    "type": "building",
                    "name": "Defense Technologies",
                    "value": 30
                }
            ],
            "build_costs": {
                "resources": [
                    {
                        "id": 2325683920,
                        "type": "Parsteel",
                        "value": 26520000
                    },
                    {
                        "id": 743985951,
                        "type": "Tritanium",
                        "value": 780000
                    },
                    {
                        "id": 2614028847,
                        "type": "Dilithium",
                        "value": 78000
                    }
                ],
                "materials": [
                    {
                        "id": 2599869530,
                        "type": "3\u2605 Uncommon Gas",
                        "grade": 3,
                        "rarity": 2,
                        "value": 45
                    }
                ],
                "others": []
            },
            "rewards": null
        },
        {
            "level": 31,
            "power": 801587,
            "increased_power": 102800,
            "build_time": 781920,
            "bonuses": [
                {
                    "id": 1,
                    "value": 31.0
                }
            ],
            "required_ops_level": 31,
            "requirements": [
                {
                    "id": 17,
                    "type": "building",
                    "name": "Drydock A",
                    "value": 31
                }
            ],
            "build_costs": {
                "resources": [
                    {
                        "id": 2325683920,
                        "type": "Parsteel",
                        "value": 41922000
                    },
                    {
                        "id": 743985951,
                        "type": "Tritanium",
                        "value": 1233000
                    },
                    {
                        "id": 2614028847,
                        "type": "Dilithium",
                        "value": 123300
                    }
                ],
                "materials": [
                    {
                        "id": 3215442881,
                        "type": "3\u2605 Common Gas",
                        "grade": 3,
                        "rarity": 1,
                        "value": 700
                    },
                    {
                        "id": 2599869530,
                        "type": "3\u2605 Uncommon Gas",
                        "grade": 3,
                        "rarity": 2,
                        "value": 65
                    }
                ],
                "others": []
            },
            "rewards": null
        },
        {
            "level": 32,
            "power": 972557,
            "increased_power": 170970,
            "build_time": 763200,
            "bonuses": [
                {
                    "id": 1,
                    "value": 32.0
                }
            ],
            "required_ops_level": 32,
            "requirements": [
                {
                    "id": 17,
                    "type": "building",
                    "name": "Drydock A",
                    "value": 32
                }
            ],
            "build_costs": {
                "resources": [
                    {
                        "id": 2325683920,
                        "type": "Parsteel",
                        "value": 60554000
                    },
                    {
                        "id": 743985951,
                        "type": "Tritanium",
                        "value": 1781000
                    },
                    {
                        "id": 2614028847,
                        "type": "Dilithium",
                        "value": 178100
                    }
                ],
                "materials": [
                    {
                        "id": 2599869530,
                        "type": "3\u2605 Uncommon Gas",
                        "grade": 3,
                        "rarity": 2,
                        "value": 87
                    }
                ],
                "others": []
            },
            "rewards": null
        },
        {
            "level": 33,
            "power": 1073511,
            "increased_power": 100954,
            "build_time": 1110240,
            "bonuses": [
                {
                    "id": 1,
                    "value": 33.0
                }
            ],
            "required_ops_level": 33,
            "requirements": [
                {
                    "id": 17,
                    "type": "building",
                    "name": "Drydock A",
                    "value": 33
                },
                {
                    "id": 28,
                    "type": "building",
                    "name": "Defense Technologies",
                    "value": 33
                }
            ],
            "build_costs": {
                "resources": [
                    {
                        "id": 2325683920,
                        "type": "Parsteel",
                        "value": 93670000
                    },
                    {
                        "id": 743985951,
                        "type": "Tritanium",
                        "value": 2755000
                    },
                    {
                        "id": 2614028847,
                        "type": "Dilithium",
                        "value": 275500
                    }
                ],
                "materials": [
                    {
                        "id": 2599869530,
                        "type": "3\u2605 Uncommon Gas",
                        "grade": 3,
                        "rarity": 2,
                        "value": 110
                    }
                ],
                "others": []
            },
            "rewards": null
        },
        {
            "level": 34,
            "power": 1182087,
            "increased_power": 108576,
            "build_time": 1470240,
            "bonuses": [
                {
                    "id": 1,
                    "value": 34.0
                }
            ],
            "required_ops_level": 34,
            "requirements": [
                {
                    "id": 17,
                    "type": "building",
                    "name": "Drydock A",
                    "value": 34
                }
            ],
            "build_costs": {
                "resources": [
                    {
                        "id": 2325683920,
                        "type": "Parsteel",
                        "value": 147900000
                    },
                    {
                        "id": 743985951,
                        "type": "Tritanium",
                        "value": 4350000
                    },
                    {
                        "id": 2614028847,
                        "type": "Dilithium",
                        "value": 435000
                    }
                ],
                "materials": [
                    {
                        "id": 3215442881,
                        "type": "3\u2605 Common Gas",
                        "grade": 3,
                        "rarity": 1,
                        "value": 1100
                    },
                    {
                        "id": 2599869530,
                        "type": "3\u2605 Uncommon Gas",
                        "grade": 3,
                        "rarity": 2,
                        "value": 140
                    }
                ],
                "others": []
            },
            "rewards": null
        },
        {
            "level": 35,
            "power": 1387136,
            "increased_power": 205049,
            "build_time": 1936800,
            "bonuses": [
                {
                    "id": 1,
                    "value": 35.0
                }
            ],
            "required_ops_level": 35,
            "requirements": [
                {
                    "id": 17,
                    "type": "building",
                    "name": "Drydock A",
                    "value": 35
                },
                {
                    "id": 28,
                    "type": "building",
                    "name": "Defense Technologies",
                    "value": 35
                }
            ],
            "build_costs": {
                "resources": [
                    {
                        "id": 2325683920,
                        "type": "Parsteel",
                        "value": 228888000
                    },
                    {
                        "id": 743985951,
                        "type": "Tritanium",
                        "value": 6732000
                    },
                    {
                        "id": 2614028847,
                        "type": "Dilithium",
                        "value": 673200
                    }
                ],
                "materials": [
                    {
                        "id": 2599869530,
                        "type": "3\u2605 Uncommon Gas",
                        "grade": 3,
                        "rarity": 2,
                        "value": 180
                    }
                ],
                "others": []
            },
            "rewards": null
        },
        {
            "level": 36,
            "power": 1575431,
            "increased_power": 188295,
            "build_time": 2475360,
            "bonuses": [
                {
                    "id": 1,
                    "value": 36.0
                }
            ],
            "required_ops_level": 36,
            "requirements": [
                {
                    "id": 17,
                    "type": "building",
                    "name": "Drydock A",
                    "value": 36
                }
            ],
            "build_costs": {
                "resources": [
                    {
                        "id": 2325683920,
                        "type": "Parsteel",
                        "value": 322524000
                    },
                    {
                        "id": 743985951,
                        "type": "Tritanium",
                        "value": 9486000
                    },
                    {
                        "id": 2614028847,
                        "type": "Dilithium",
                        "value": 948600
                    }
                ],
                "materials": [
                    {
                        "id": 3215442881,
                        "type": "3\u2605 Common Gas",
                        "grade": 3,
                        "rarity": 1,
                        "value": 1600
                    },
                    {
                        "id": 2599869530,
                        "type": "3\u2605 Uncommon Gas",
                        "grade": 3,
                        "rarity": 2,
                        "value": 220
                    }
                ],
                "others": []
            },
            "rewards": null
        },
        {
            "level": 37,
            "power": 1711390,
            "increased_power": 135959,
            "build_time": 2558880,
            "bonuses": [
                {
                    "id": 1,
                    "value": 37.0
                }
            ],
            "required_ops_level": 37,
            "requirements": [
                {
                    "id": 17,
                    "type": "building",
                    "name": "Drydock A",
                    "value": 37
                }
            ],
            "build_costs": {
                "resources": [
                    {
                        "id": 2325683920,
                        "type": "Parsteel",
                        "value": 495720000
                    },
                    {
                        "id": 743985951,
                        "type": "Tritanium",
                        "value": 14580000
                    },
                    {
                        "id": 2614028847,
                        "type": "Dilithium",
                        "value": 1458000
                    }
                ],
                "materials": [
                    {
                        "id": 3215442881,
                        "type": "3\u2605 Common Gas",
                        "grade": 3,
                        "rarity": 1,
                        "value": 1800
                    },
                    {
                        "id": 2599869530,
                        "type": "3\u2605 Uncommon Gas",
                        "grade": 3,
                        "rarity": 2,
                        "value": 260
                    }
                ],
                "others": []
            },
            "rewards": null
        },
        {
            "level": 38,
            "power": 1940043,
            "increased_power": 228653,
            "build_time": 4148640,
            "bonuses": [
                {
                    "id": 1,
                    "value": 38.0
                }
            ],
            "required_ops_level": 38,
            "requirements": [
                {
                    "id": 17,
                    "type": "building",
                    "name": "Drydock A",
                    "value": 38
                }
            ],
            "build_costs": {
                "resources": [
                    {
                        "id": 2325683920,
                        "type": "Parsteel",
                        "value": 771120000
                    },
                    {
                        "id": 743985951,
                        "type": "Tritanium",
                        "value": 22680000
                    },
                    {
                        "id": 2614028847,
                        "type": "Dilithium",
                        "value": 2268000
                    }
                ],
                "materials": [
                    {
                        "id": 3215442881,
                        "type": "3\u2605 Common Gas",
                        "grade": 3,
                        "rarity": 1,
                        "value": 2100
                    },
                    {
                        "id": 2599869530,
                        "type": "3\u2605 Uncommon Gas",
                        "grade": 3,
                        "rarity": 2,
                        "value": 310
                    }
                ],
                "others": []
            },
            "rewards": null
        },
        {
            "level": 39,
            "power": 2222894,
            "increased_power": 282851,
            "build_time": 5506560,
            "bonuses": [
                {
                    "id": 1,
                    "value": 39.0
                }
            ],
            "required_ops_level": 39,
            "requirements": [
                {
                    "id": 17,
                    "type": "building",
                    "name": "Drydock A",
                    "value": 39
                },
                {
                    "id": 28,
                    "type": "building",
                    "name": "Defense Technologies",
                    "value": 39
                }
            ],
            "build_costs": {
                "resources": [
                    {
                        "id": 2325683920,
                        "type": "Parsteel",
                        "value": 1315800000
                    },
                    {
                        "id": 743985951,
                        "type": "Tritanium",
                        "value": 38700000
                    },
                    {
                        "id": 2614028847,
                        "type": "Dilithium",
                        "value": 3870000
                    }
                ],
                "materials": [],
                "others": []
            },
            "rewards": null
        },
        {
            "level": 40,
            "power": 3368503,
            "increased_power": 1145609,
            "build_time": 9773280,
            "bonuses": [
                {
                    "id": 1,
                    "value": 40.0
                }
            ],
            "required_ops_level": 40,
            "requirements": [
                {
                    "id": 17,
                    "type": "building",
                    "name": "Drydock A",
                    "value": 40
                }
            ],
            "build_costs": {
                "resources": [
                    {
                        "id": 2325683920,
                        "type": "Parsteel",
                        "value": 5731040000
                    },
                    {
                        "id": 743985951,
                        "type": "Tritanium",
                        "value": 60200000
                    },
                    {
                        "id": 2614028847,
                        "type": "Dilithium",
                        "value": 6020000
                    }
                ],
                "materials": [
                    {
                        "id": 309421080,
                        "type": "4\u2605 Common Gas",
                        "grade": 4,
                        "rarity": 1,
                        "value": 12000
                    },
                    {
                        "id": 3628066968,
                        "type": "4\u2605 Uncommon Gas",
                        "grade": 4,
                        "rarity": 2,
                        "value": 1400
                    }
                ],
                "others": []
            },
            "rewards": null
        },
        {
            "level": 41,
            "power": 3656017,
            "increased_power": 287514,
            "build_time": 9159840,
            "bonuses": [
                {
                    "id": 1,
                    "value": 41.0
                }
            ],
            "required_ops_level": 41,
            "requirements": [
                {
                    "id": 17,
                    "type": "building",
                    "name": "Drydock A",
                    "value": 41
                }
            ],
            "build_costs": {
                "resources": [
                    {
                        "id": 2325683920,
                        "type": "Parsteel",
                        "value": 5848000000
                    },
                    {
                        "id": 743985951,
                        "type": "Tritanium",
                        "value": 86000000
                    },
                    {
                        "id": 2614028847,
                        "type": "Dilithium",
                        "value": 8600000
                    }
                ],
                "materials": [
                    {
                        "id": 309421080,
                        "type": "4\u2605 Common Gas",
                        "grade": 4,
                        "rarity": 1,
                        "value": 20000
                    },
                    {
                        "id": 3628066968,
                        "type": "4\u2605 Uncommon Gas",
                        "grade": 4,
                        "rarity": 2,
                        "value": 4000
                    }
                ],
                "others": []
            },
            "rewards": null
        },
        {
            "level": 42,
            "power": 3968193,
            "increased_power": 312176,
            "build_time": 14080320,
            "bonuses": [
                {
                    "id": 1,
                    "value": 42.0
                }
            ],
            "required_ops_level": 42,
            "requirements": [
                {
                    "id": 17,
                    "type": "building",
                    "name": "Drydock A",
                    "value": 42
                }
            ],
            "build_costs": {
                "resources": [
                    {
                        "id": 2325683920,
                        "type": "Parsteel",
                        "value": 8710800000
                    },
                    {
                        "id": 743985951,
                        "type": "Tritanium",
                        "value": 128100000
                    },
                    {
                        "id": 2614028847,
                        "type": "Dilithium",
                        "value": 12810000
                    }
                ],
                "materials": [
                    {
                        "id": 309421080,
                        "type": "4\u2605 Common Gas",
                        "grade": 4,
                        "rarity": 1,
                        "value": 25000
                    },
                    {
                        "id": 3628066968,
                        "type": "4\u2605 Uncommon Gas",
                        "grade": 4,
                        "rarity": 2,
                        "value": 6000
                    }
                ],
                "others": []
            },
            "rewards": null
        },
        {
            "level": 43,
            "power": 4307137,
            "increased_power": 338944,
            "build_time": 18601920,
            "bonuses": [
                {
                    "id": 1,
                    "value": 43.0
                }
            ],
            "required_ops_level": 43,
            "requirements": [
                {
                    "id": 17,
                    "type": "building",
                    "name": "Drydock A",
                    "value": 43
                }
            ],
            "build_costs": {
                "resources": [
                    {
                        "id": 2325683920,
                        "type": "Parsteel",
                        "value": 12444000000
                    },
                    {
                        "id": 743985951,
                        "type": "Tritanium",
                        "value": 183000000
                    },
                    {
                        "id": 2614028847,
                        "type": "Dilithium",
                        "value": 18300000
                    }
                ],
                "materials": [
                    {
                        "id": 3628066968,
                        "type": "4\u2605 Uncommon Gas",
                        "grade": 4,
                        "rarity": 2,
                        "value": 6000
                    },
                    {
                        "id": 810120542,
                        "type": "4\u2605 Rare Gas",
                        "grade": 4,
                        "rarity": 3,
                        "value": 750
                    }
                ],
                "others": []
            },
            "rewards": null
        },
        {
            "level": 44,
            "power": 4675185,
            "increased_power": 368048,
            "build_time": 24279840,
            "bonuses": [
                {
                    "id": 1,
                    "value": 44.0
                }
            ],
            "required_ops_level": 44,
            "requirements": [
                {
                    "id": 17,
                    "type": "building",
                    "name": "Drydock A",
                    "value": 44
                },
                {
                    "id": 28,
                    "type": "building",
                    "name": "Defense Technologies",
                    "value": 44
                }
            ],
            "build_costs": {
                "resources": [
                    {
                        "id": 2325683920,
                        "type": "Parsteel",
                        "value": 18666000000
                    },
                    {
                        "id": 743985951,
                        "type": "Tritanium",
                        "value": 274500000
                    },
                    {
                        "id": 2614028847,
                        "type": "Dilithium",
                        "value": 27450000
                    }
                ],
                "materials": [
                    {
                        "id": 810120542,
                        "type": "4\u2605 Rare Gas",
                        "grade": 4,
                        "rarity": 3,
                        "value": 500
                    }
                ],
                "others": []
            },
            "rewards": null
        },
        {
            "level": 45,
            "power": 5074843,
            "increased_power": 399658,
            "build_time": 31345920,
            "bonuses": [
                {
                    "id": 1,
                    "value": 45.0
                }
            ],
            "required_ops_level": 45,
            "requirements": [
                {
                    "id": 17,
                    "type": "building",
                    "name": "Drydock A",
                    "value": 45
                },
                {
                    "id": 28,
                    "type": "building",
                    "name": "Defense Technologies",
                    "value": 45
                }
            ],
            "build_costs": {
                "resources": [
                    {
                        "id": 2325683920,
                        "type": "Parsteel",
                        "value": 26520000000
                    },
                    {
                        "id": 743985951,
                        "type": "Tritanium",
                        "value": 390000000
                    },
                    {
                        "id": 2614028847,
                        "type": "Dilithium",
                        "value": 39000000
                    }
                ],
                "materials": [
                    {
                        "id": 309421080,
                        "type": "4\u2605 Common Gas",
                        "grade": 4,
                        "rarity": 1,
                        "value": 15000
                    },
                    {
                        "id": 810120542,
                        "type": "4\u2605 Rare Gas",
                        "grade": 4,
                        "rarity": 3,
                        "value": 1000
                    }
                ],
                "others": []
            },
            "rewards": null
        },
        {
            "level": 46,
            "power": 5508846,
            "increased_power": 434003,
            "build_time": 40068000,
            "bonuses": [
                {
                    "id": 1,
                    "value": 46.0
                }
            ],
            "required_ops_level": 46,
            "requirements": [
                {
                    "id": 17,
                    "type": "building",
                    "name": "Drydock A",
                    "value": 46
                },
                {
                    "id": 21,
                    "type": "building",
                    "name": "Drydock E",
                    "value": 46
                }
            ],
            "build_costs": {
                "resources": [
                    {
                        "id": 2325683920,
                        "type": "Parsteel",
                        "value": 36465000000
                    },
                    {
                        "id": 743985951,
                        "type": "Tritanium",
                        "value": 536250000
                    },
                    {
                        "id": 2614028847,
                        "type": "Dilithium",
                        "value": 53625000
                    }
                ],
                "materials": [
                    {
                        "id": 309421080,
                        "type": "4\u2605 Common Gas",
                        "grade": 4,
                        "rarity": 1,
                        "value": 30000
                    },
                    {
                        "id": 810120542,
                        "type": "4\u2605 Rare Gas",
                        "grade": 4,
                        "rarity": 3,
                        "value": 1800
                    }
                ],
                "others": []
            },
            "rewards": null
        },
        {
            "level": 47,
            "power": 5980155,
            "increased_power": 471309,
            "build_time": 50758560,
            "bonuses": [
                {
                    "id": 1,
                    "value": 47.0
                }
            ],
            "required_ops_level": 47,
            "requirements": [
                {
                    "id": 17,
                    "type": "building",
                    "name": "Drydock A",
                    "value": 47
                }
            ],
            "build_costs": {
                "resources": [
                    {
                        "id": 2325683920,
                        "type": "Parsteel",
                        "value": 53040000000
                    },
                    {
                        "id": 743985951,
                        "type": "Tritanium",
                        "value": 780000000
                    },
                    {
                        "id": 2614028847,
                        "type": "Dilithium",
                        "value": 78000000
                    }
                ],
                "materials": [
                    {
                        "id": 309421080,
                        "type": "4\u2605 Common Gas",
                        "grade": 4,
                        "rarity": 1,
                        "value": 45000
                    },
                    {
                        "id": 3628066968,
                        "type": "4\u2605 Uncommon Gas",
                        "grade": 4,
                        "rarity": 2,
                        "value": 2500
                    }
                ],
                "others": []
            },
            "rewards": null
        },
        {
            "level": 48,
            "power": 6492005,
            "increased_power": 511850,
            "build_time": 63770400,
            "bonuses": [
                {
                    "id": 1,
                    "value": 48.0
                }
            ],
            "required_ops_level": 48,
            "requirements": [
                {
                    "id": 17,
                    "type": "building",
                    "name": "Drydock A",
                    "value": 48
                }
            ],
            "build_costs": {
                "resources": [
                    {
                        "id": 2325683920,
                        "type": "Parsteel",
                        "value": 85680000000
                    },
                    {
                        "id": 743985951,
                        "type": "Tritanium",
                        "value": 1260000000
                    },
                    {
                        "id": 2614028847,
                        "type": "Dilithium",
                        "value": 126000000
                    }
                ],
                "materials": [
                    {
                        "id": 309421080,
                        "type": "4\u2605 Common Gas",
                        "grade": 4,
                        "rarity": 1,
                        "value": 75000
                    },
                    {
                        "id": 3628066968,
                        "type": "4\u2605 Uncommon Gas",
                        "grade": 4,
                        "rarity": 2,
                        "value": 4000
                    }
                ],
                "others": []
            },
            "rewards": null
        },
        {
            "level": 49,
            "power": 7047904,
            "increased_power": 555899,
            "build_time": 79511040,
            "bonuses": [
                {
                    "id": 1,
                    "value": 49.0
                }
            ],
            "required_ops_level": 49,
            "requirements": [
                {
                    "id": 17,
                    "type": "building",
                    "name": "Drydock A",
                    "value": 49
                },
                {
                    "id": 21,
                    "type": "building",
                    "name": "Drydock E",
                    "value": 49
                }
            ],
            "build_costs": {
                "resources": [
                    {
                        "id": 2325683920,
                        "type": "Parsteel",
                        "value": 142800000000
                    },
                    {
                        "id": 743985951,
                        "type": "Tritanium",
                        "value": 2100000000
                    },
                    {
                        "id": 2614028847,
                        "type": "Dilithium",
                        "value": 210000000
                    }
                ],
                "materials": [
                    {
                        "id": 3628066968,
                        "type": "4\u2605 Uncommon Gas",
                        "grade": 4,
                        "rarity": 2,
                        "value": 12000
                    },
                    {
                        "id": 810120542,
                        "type": "4\u2605 Rare Gas",
                        "grade": 4,
                        "rarity": 3,
                        "value": 4000
                    }
                ],
                "others": []
            },
            "rewards": null
        },
        {
            "level": 50,
            "power": 7651643,
            "increased_power": 603739,
            "build_time": 98439840,
            "bonuses": [
                {
                    "id": 1,
                    "value": 50.0
                }
            ],
            "required_ops_level": 50,
            "requirements": [
                {
                    "id": 17,
                    "type": "building",
                    "name": "Drydock A",
                    "value": 50
                }
            ],
            "build_costs": {
                "resources": [
                    {
                        "id": 2325683920,
                        "type": "Parsteel",
                        "value": 249900000000
                    },
                    {
                        "id": 743985951,
                        "type": "Tritanium",
                        "value": 3675000000
                    },
                    {
                        "id": 2614028847,
                        "type": "Dilithium",
                        "value": 367500000
                    }
                ],
                "materials": [],
                "others": []
            },
            "rewards": null
        },
        {
            "level": 51,
            "power": 8867688,
            "increased_power": 1216045,
            "build_time": 104346720,
            "bonuses": [
                {
                    "id": 1,
                    "value": 51.0
                }
            ],
            "required_ops_level": 51,
            "requirements": [
                {
                    "id": 17,
                    "type": "building",
                    "name": "Drydock A",
                    "value": 51
                }
            ],
            "build_costs": {
                "resources": [
                    {
                        "id": 2325683920,
                        "type": "Parsteel",
                        "value": 1246440000000
                    },
                    {
                        "id": 743985951,
                        "type": "Tritanium",
                        "value": 7800000000
                    },
                    {
                        "id": 2614028847,
                        "type": "Dilithium",
                        "value": 780000000
                    }
                ],
                "materials": [
                    {
                        "id": 1499705342,
                        "type": "5\u2605 Common Gas",
                        "grade": 5,
                        "rarity": 1,
                        "value": 21700
                    },
                    {
                        "id": 3329003172,
                        "type": "5\u2605 Uncommon Gas",
                        "grade": 5,
                        "rarity": 2,
                        "value": 1900
                    }
                ],
                "others": []
            },
            "rewards": null
        },
        {
            "level": 52,
            "power": 11438800,
            "increased_power": 2571112,
            "build_time": 110606400,
            "bonuses": [
                {
                    "id": 1,
                    "value": 52.0
                }
            ],
            "required_ops_level": 52,
            "requirements": [
                {
                    "id": 17,
                    "type": "building",
                    "name": "Drydock A",
                    "value": 52
                }
            ],
            "build_costs": {
                "resources": [
                    {
                        "id": 2325683920,
                        "type": "Parsteel",
                        "value": 2254200000000
                    },
                    {
                        "id": 743985951,
                        "type": "Tritanium",
                        "value": 13260000000
                    },
                    {
                        "id": 2614028847,
                        "type": "Dilithium",
                        "value": 1326000000
                    }
                ],
                "materials": [
                    {
                        "id": 1499705342,
                        "type": "5\u2605 Common Gas",
                        "grade": 5,
                        "rarity": 1,
                        "value": 37500
                    },
                    {
                        "id": 3329003172,
                        "type": "5\u2605 Uncommon Gas",
                        "grade": 5,
                        "rarity": 2,
                        "value": 4300
                    }
                ],
                "others": []
            },
            "rewards": null
        },
        {
            "level": 53,
            "power": 21353292,
            "increased_power": 9914492,
            "build_time": 117243360,
            "bonuses": [
                {
                    "id": 1,
                    "value": 53.0
                }
            ],
            "required_ops_level": 53,
            "requirements": [
                {
                    "id": 17,
                    "type": "building",
                    "name": "Drydock A",
                    "value": 53
                }
            ],
            "build_costs": {
                "resources": [
                    {
                        "id": 2325683920,
                        "type": "Parsteel",
                        "value": 3786240000000
                    },
                    {
                        "id": 743985951,
                        "type": "Tritanium",
                        "value": 23200000000
                    },
                    {
                        "id": 2614028847,
                        "type": "Dilithium",
                        "value": 2320000000
                    }
                ],
                "materials": [
                    {
                        "id": 1499705342,
                        "type": "5\u2605 Common Gas",
                        "grade": 5,
                        "rarity": 1,
                        "value": 88900
                    },
                    {
                        "id": 3329003172,
                        "type": "5\u2605 Uncommon Gas",
                        "grade": 5,
                        "rarity": 2,
                        "value": 15500
                    }
                ],
                "others": []
            },
            "rewards": null
        },
        {
            "level": 54,
            "power": 23802796,
            "increased_power": 2449504,
            "build_time": 124277760,
            "bonuses": [
                {
                    "id": 1,
                    "value": 54.0
                }
            ],
            "required_ops_level": 54,
            "requirements": [
                {
                    "id": 17,
                    "type": "building",
                    "name": "Drydock A",
                    "value": 54
                },
                {
                    "id": 28,
                    "type": "building",
                    "name": "Defense Technologies",
                    "value": 54
                }
            ],
            "build_costs": {
                "resources": [
                    {
                        "id": 2325683920,
                        "type": "Parsteel",
                        "value": 5679360000000
                    },
                    {
                        "id": 743985951,
                        "type": "Tritanium",
                        "value": 34800000000
                    },
                    {
                        "id": 2614028847,
                        "type": "Dilithium",
                        "value": 3480000000
                    }
                ],
                "materials": [
                    {
                        "id": 1499705342,
                        "type": "5\u2605 Common Gas",
                        "grade": 5,
                        "rarity": 1,
                        "value": 76500
                    },
                    {
                        "id": 768674708,
                        "type": "5\u2605 Rare Gas",
                        "grade": 5,
                        "rarity": 3,
                        "value": 7000
                    }
                ],
                "others": []
            },
            "rewards": null
        },
        {
            "level": 55,
            "power": 28672656,
            "increased_power": 4869860,
            "build_time": 131734080,
            "bonuses": [
                {
                    "id": 1,
                    "value": 55.0
                }
            ],
            "required_ops_level": 55,
            "requirements": [
                {
                    "id": 17,
                    "type": "building",
                    "name": "Drydock A",
                    "value": 55
                }
            ],
            "build_costs": {
                "resources": [
                    {
                        "id": 2325683920,
                        "type": "Parsteel",
                        "value": 9653280000000
                    },
                    {
                        "id": 743985951,
                        "type": "Tritanium",
                        "value": 54600000000
                    },
                    {
                        "id": 2614028847,
                        "type": "Dilithium",
                        "value": 5460000000
                    }
                ],
                "materials": [
                    {
                        "id": 3329003172,
                        "type": "5\u2605 Uncommon Gas",
                        "grade": 5,
                        "rarity": 2,
                        "value": 22300
                    },
                    {
                        "id": 768674708,
                        "type": "5\u2605 Rare Gas",
                        "grade": 5,
                        "rarity": 3,
                        "value": 8100
                    }
                ],
                "others": []
            },
            "rewards": null
        },
        {
            "level": 56,
            "power": 30396456,
            "increased_power": 1723800,
            "build_time": 139638240,
            "bonuses": [
                {
                    "id": 1,
                    "value": 56.0
                }
            ],
            "required_ops_level": 56,
            "requirements": [
                {
                    "id": 17,
                    "type": "building",
                    "name": "Drydock A",
                    "value": 56
                },
                {
                    "id": 21,
                    "type": "building",
                    "name": "Drydock E",
                    "value": 56
                }
            ],
            "build_costs": {
                "resources": [
                    {
                        "id": 2325683920,
                        "type": "Parsteel",
                        "value": 15169440000000
                    },
                    {
                        "id": 743985951,
                        "type": "Tritanium",
                        "value": 85800000000
                    },
                    {
                        "id": 2614028847,
                        "type": "Dilithium",
                        "value": 8580000000
                    }
                ],
                "materials": [
                    {
                        "id": 3329003172,
                        "type": "5\u2605 Uncommon Gas",
                        "grade": 5,
                        "rarity": 2,
                        "value": 27600
                    },
                    {
                        "id": 768674708,
                        "type": "5\u2605 Rare Gas",
                        "grade": 5,
                        "rarity": 3,
                        "value": 6600
                    }
                ],
                "others": []
            },
            "rewards": null
        },
        {
            "level": 57,
            "power": 36970858,
            "increased_power": 6574402,
            "build_time": 148017600,
            "bonuses": [
                {
                    "id": 1,
                    "value": 57.0
                }
            ],
            "required_ops_level": 57,
            "requirements": [
                {
                    "id": 17,
                    "type": "building",
                    "name": "Drydock A",
                    "value": 57
                }
            ],
            "build_costs": {
                "resources": [
                    {
                        "id": 2325683920,
                        "type": "Parsteel",
                        "value": 23747776000000
                    },
                    {
                        "id": 743985951,
                        "type": "Tritanium",
                        "value": 134320000000
                    },
                    {
                        "id": 2614028847,
                        "type": "Dilithium",
                        "value": 13432000000
                    }
                ],
                "materials": [
                    {
                        "id": 3329003172,
                        "type": "5\u2605 Uncommon Gas",
                        "grade": 5,
                        "rarity": 2,
                        "value": 32200
                    },
                    {
                        "id": 768674708,
                        "type": "5\u2605 Rare Gas",
                        "grade": 5,
                        "rarity": 3,
                        "value": 9500
                    }
                ],
                "others": []
            },
            "rewards": null
        },
        {
            "level": 58,
            "power": 42008434,
            "increased_power": 5037576,
            "build_time": 156898080,
            "bonuses": [
                {
                    "id": 1,
                    "value": 58.0
                }
            ],
            "required_ops_level": 58,
            "requirements": [
                {
                    "id": 17,
                    "type": "building",
                    "name": "Drydock A",
                    "value": 58
                }
            ],
            "build_costs": {
                "resources": [
                    {
                        "id": 2325683920,
                        "type": "Parsteel",
                        "value": 34311168000000
                    },
                    {
                        "id": 743985951,
                        "type": "Tritanium",
                        "value": 210240000000
                    },
                    {
                        "id": 2614028847,
                        "type": "Dilithium",
                        "value": 21024000000
                    }
                ],
                "materials": [
                    {
                        "id": 3329003172,
                        "type": "5\u2605 Uncommon Gas",
                        "grade": 5,
                        "rarity": 2,
                        "value": 27300
                    },
                    {
                        "id": 768674708,
                        "type": "5\u2605 Rare Gas",
                        "grade": 5,
                        "rarity": 3,
                        "value": 8600
                    }
                ],
                "others": []
            },
            "rewards": null
        },
        {
            "level": 59,
            "power": 48738122,
            "increased_power": 6729688,
            "build_time": 166311360,
            "bonuses": [
                {
                    "id": 1,
                    "value": 59.0
                }
            ],
            "required_ops_level": 59,
            "requirements": [
                {
                    "id": 17,
                    "type": "building",
                    "name": "Drydock A",
                    "value": 59
                },
                {
                    "id": 21,
                    "type": "building",
                    "name": "Drydock E",
                    "value": 59
                }
            ],
            "build_costs": {
                "resources": [
                    {
                        "id": 2325683920,
                        "type": "Parsteel",
                        "value": 51466752000000
                    },
                    {
                        "id": 743985951,
                        "type": "Tritanium",
                        "value": 315360000000
                    },
                    {
                        "id": 2614028847,
                        "type": "Dilithium",
                        "value": 31536000000
                    }
                ],
                "materials": [
                    {
                        "id": 3329003172,
                        "type": "5\u2605 Uncommon Gas",
                        "grade": 5,
                        "rarity": 2,
                        "value": 46900
                    },
                    {
                        "id": 768674708,
                        "type": "5\u2605 Rare Gas",
                        "grade": 5,
                        "rarity": 3,
                        "value": 4700
                    }
                ],
                "others": []
            },
            "rewards": null
        },
        {
            "level": 60,
            "power": 57192561,
            "increased_power": 8454439,
            "build_time": 176290560,
            "bonuses": [
                {
                    "id": 1,
                    "value": 60.0
                }
            ],
            "required_ops_level": 60,
            "requirements": [
                {
                    "id": 17,
                    "type": "building",
                    "name": "Drydock A",
                    "value": 60
                }
            ],
            "build_costs": {
                "resources": [
                    {
                        "id": 2325683920,
                        "type": "Parsteel",
                        "value": 80376000000000
                    },
                    {
                        "id": 743985951,
                        "type": "Tritanium",
                        "value": 492500000000
                    },
                    {
                        "id": 2614028847,
                        "type": "Dilithium",
                        "value": 49250000000
                    }
                ],
                "materials": [
                    {
                        "id": 3329003172,
                        "type": "5\u2605 Uncommon Gas",
                        "grade": 5,
                        "rarity": 2,
                        "value": 39100
                    },
                    {
                        "id": 768674708,
                        "type": "5\u2605 Rare Gas",
                        "grade": 5,
                        "rarity": 3,
                        "value": 15300
                    }
                ],
                "others": []
            },
            "rewards": null
        }
    ]
}