{
    "id": 41,
    "name": "Scrapyard",
    "description": "The Scrapyard lets you scrap ships for resources and materials. Upgrade to allow scrapping of more advanced ship classes, and to increase scrapping speed.",
    "group": 2,
    "start_level": 0,
    "bonuses": [
        {
            "id": 1,
            "name": "Ship Scrapping Speed",
            "is_percentage": true
        }
    ],
    "levels": [
        {
            "level": 1,
            "power": 20,
            "increased_power": 20,
            "build_time": 60,
            "bonuses": [
                {
                    "id": 1,
                    "value": 0.02
                }
            ],
            "required_ops_level": 20,
            "requirements": [
                {
                    "id": 3504568441,
                    "type": "research",
                    "name": "Unlock Scrapyard",
                    "value": 1
                }
            ],
            "build_costs": {
                "resources": [
                    {
                        "id": 2325683920,
                        "type": "Parsteel",
                        "value": 204
                    }
                ],
                "materials": [],
                "others": []
            },
            "rewards": null
        },
        {
            "level": 2,
            "power": 40,
            "increased_power": 20,
            "build_time": 240,
            "bonuses": [
                {
                    "id": 1,
                    "value": 0.03
                }
            ],
            "required_ops_level": 20,
            "requirements": [
                {
                    "id": 0,
                    "type": "building",
                    "name": "Operations",
                    "value": 2
                },
                {
                    "id": 15,
                    "type": "building",
                    "name": "Shipyard",
                    "value": 2
                }
            ],
            "build_costs": {
                "resources": [
                    {
                        "id": 2325683920,
                        "type": "Parsteel",
                        "value": 306
                    }
                ],
                "materials": [],
                "others": []
            },
            "rewards": null
        },
        {
            "level": 3,
            "power": 65,
            "increased_power": 25,
            "build_time": 540,
            "bonuses": [
                {
                    "id": 1,
                    "value": 0.05
                }
            ],
            "required_ops_level": 20,
            "requirements": [
                {
                    "id": 0,
                    "type": "building",
                    "name": "Operations",
                    "value": 3
                },
                {
                    "id": 15,
                    "type": "building",
                    "name": "Shipyard",
                    "value": 3
                }
            ],
            "build_costs": {
                "resources": [
                    {
                        "id": 2325683920,
                        "type": "Parsteel",
                        "value": 510
                    }
                ],
                "materials": [],
                "others": []
            },
            "rewards": null
        },
        {
            "level": 4,
            "power": 90,
            "increased_power": 25,
            "build_time": 780,
            "bonuses": [
                {
                    "id": 1,
                    "value": 0.06
                }
            ],
            "required_ops_level": 20,
            "requirements": [
                {
                    "id": 0,
                    "type": "building",
                    "name": "Operations",
                    "value": 4
                },
                {
                    "id": 15,
                    "type": "building",
                    "name": "Shipyard",
                    "value": 4
                }
            ],
            "build_costs": {
                "resources": [
                    {
                        "id": 2325683920,
                        "type": "Parsteel",
                        "value": 816
                    }
                ],
                "materials": [],
                "others": []
            },
            "rewards": null
        },
        {
            "level": 5,
            "power": 120,
            "increased_power": 30,
            "build_time": 1320,
            "bonuses": [
                {
                    "id": 1,
                    "value": 0.08
                }
            ],
            "required_ops_level": 20,
            "requirements": [
                {
                    "id": 0,
                    "type": "building",
                    "name": "Operations",
                    "value": 5
                },
                {
                    "id": 15,
                    "type": "building",
                    "name": "Shipyard",
                    "value": 5
                }
            ],
            "build_costs": {
                "resources": [
                    {
                        "id": 2325683920,
                        "type": "Parsteel",
                        "value": 1530
                    }
                ],
                "materials": [],
                "others": []
            },
            "rewards": null
        },
        {
            "level": 6,
            "power": 160,
            "increased_power": 40,
            "build_time": 2160,
            "bonuses": [
                {
                    "id": 1,
                    "value": 0.09
                }
            ],
            "required_ops_level": 20,
            "requirements": [
                {
                    "id": 0,
                    "type": "building",
                    "name": "Operations",
                    "value": 6
                },
                {
                    "id": 15,
                    "type": "building",
                    "name": "Shipyard",
                    "value": 6
                }
            ],
            "build_costs": {
                "resources": [
                    {
                        "id": 2325683920,
                        "type": "Parsteel",
                        "value": 2295
                    }
                ],
                "materials": [],
                "others": []
            },
            "rewards": null
        },
        {
            "level": 7,
            "power": 210,
            "increased_power": 50,
            "build_time": 4200,
            "bonuses": [
                {
                    "id": 1,
                    "value": 0.11
                }
            ],
            "required_ops_level": 20,
            "requirements": [
                {
                    "id": 0,
                    "type": "building",
                    "name": "Operations",
                    "value": 7
                },
                {
                    "id": 15,
                    "type": "building",
                    "name": "Shipyard",
                    "value": 7
                }
            ],
            "build_costs": {
                "resources": [
                    {
                        "id": 2325683920,
                        "type": "Parsteel",
                        "value": 3825
                    },
                    {
                        "id": 743985951,
                        "type": "Tritanium",
                        "value": 19
                    }
                ],
                "materials": [],
                "others": []
            },
            "rewards": null
        },
        {
            "level": 8,
            "power": 270,
            "increased_power": 60,
            "build_time": 6000,
            "bonuses": [
                {
                    "id": 1,
                    "value": 0.12
                }
            ],
            "required_ops_level": 20,
            "requirements": [
                {
                    "id": 0,
                    "type": "building",
                    "name": "Operations",
                    "value": 8
                },
                {
                    "id": 15,
                    "type": "building",
                    "name": "Shipyard",
                    "value": 8
                }
            ],
            "build_costs": {
                "resources": [
                    {
                        "id": 2325683920,
                        "type": "Parsteel",
                        "value": 6120
                    },
                    {
                        "id": 743985951,
                        "type": "Tritanium",
                        "value": 60
                    }
                ],
                "materials": [],
                "others": []
            },
            "rewards": null
        },
        {
            "level": 9,
            "power": 340,
            "increased_power": 70,
            "build_time": 9000,
            "bonuses": [
                {
                    "id": 1,
                    "value": 0.14
                }
            ],
            "required_ops_level": 20,
            "requirements": [
                {
                    "id": 0,
                    "type": "building",
                    "name": "Operations",
                    "value": 9
                },
                {
                    "id": 15,
                    "type": "building",
                    "name": "Shipyard",
                    "value": 9
                }
            ],
            "build_costs": {
                "resources": [
                    {
                        "id": 2325683920,
                        "type": "Parsteel",
                        "value": 10200
                    },
                    {
                        "id": 743985951,
                        "type": "Tritanium",
                        "value": 150
                    }
                ],
                "materials": [],
                "others": []
            },
            "rewards": null
        },
        {
            "level": 10,
            "power": 420,
            "increased_power": 80,
            "build_time": 9900,
            "bonuses": [
                {
                    "id": 1,
                    "value": 0.15
                }
            ],
            "required_ops_level": 20,
            "requirements": [
                {
                    "id": 0,
                    "type": "building",
                    "name": "Operations",
                    "value": 10
                },
                {
                    "id": 15,
                    "type": "building",
                    "name": "Shipyard",
                    "value": 10
                }
            ],
            "build_costs": {
                "resources": [
                    {
                        "id": 2325683920,
                        "type": "Parsteel",
                        "value": 15300
                    },
                    {
                        "id": 743985951,
                        "type": "Tritanium",
                        "value": 300
                    }
                ],
                "materials": [],
                "others": []
            },
            "rewards": null
        },
        {
            "level": 11,
            "power": 525,
            "increased_power": 105,
            "build_time": 10200,
            "bonuses": [
                {
                    "id": 1,
                    "value": 0.17
                }
            ],
            "required_ops_level": 20,
            "requirements": [
                {
                    "id": 0,
                    "type": "building",
                    "name": "Operations",
                    "value": 11
                },
                {
                    "id": 15,
                    "type": "building",
                    "name": "Shipyard",
                    "value": 11
                }
            ],
            "build_costs": {
                "resources": [
                    {
                        "id": 2325683920,
                        "type": "Parsteel",
                        "value": 20400
                    },
                    {
                        "id": 743985951,
                        "type": "Tritanium",
                        "value": 400
                    }
                ],
                "materials": [],
                "others": []
            },
            "rewards": null
        },
        {
            "level": 12,
            "power": 650,
            "increased_power": 125,
            "build_time": 18300,
            "bonuses": [
                {
                    "id": 1,
                    "value": 0.19
                }
            ],
            "required_ops_level": 20,
            "requirements": [
                {
                    "id": 0,
                    "type": "building",
                    "name": "Operations",
                    "value": 12
                },
                {
                    "id": 15,
                    "type": "building",
                    "name": "Shipyard",
                    "value": 12
                }
            ],
            "build_costs": {
                "resources": [
                    {
                        "id": 2325683920,
                        "type": "Parsteel",
                        "value": 28050
                    },
                    {
                        "id": 743985951,
                        "type": "Tritanium",
                        "value": 550
                    }
                ],
                "materials": [],
                "others": []
            },
            "rewards": null
        },
        {
            "level": 13,
            "power": 800,
            "increased_power": 150,
            "build_time": 27360,
            "bonuses": [
                {
                    "id": 1,
                    "value": 0.21
                }
            ],
            "required_ops_level": 20,
            "requirements": [
                {
                    "id": 0,
                    "type": "building",
                    "name": "Operations",
                    "value": 13
                },
                {
                    "id": 15,
                    "type": "building",
                    "name": "Shipyard",
                    "value": 13
                }
            ],
            "build_costs": {
                "resources": [
                    {
                        "id": 2325683920,
                        "type": "Parsteel",
                        "value": 40800
                    },
                    {
                        "id": 743985951,
                        "type": "Tritanium",
                        "value": 800
                    }
                ],
                "materials": [],
                "others": []
            },
            "rewards": null
        },
        {
            "level": 14,
            "power": 975,
            "increased_power": 175,
            "build_time": 38160,
            "bonuses": [
                {
                    "id": 1,
                    "value": 0.23
                }
            ],
            "required_ops_level": 20,
            "requirements": [
                {
                    "id": 0,
                    "type": "building",
                    "name": "Operations",
                    "value": 14
                },
                {
                    "id": 15,
                    "type": "building",
                    "name": "Shipyard",
                    "value": 14
                }
            ],
            "build_costs": {
                "resources": [
                    {
                        "id": 2325683920,
                        "type": "Parsteel",
                        "value": 56100
                    },
                    {
                        "id": 743985951,
                        "type": "Tritanium",
                        "value": 1100
                    }
                ],
                "materials": [],
                "others": []
            },
            "rewards": null
        },
        {
            "level": 15,
            "power": 1175,
            "increased_power": 200,
            "build_time": 48960,
            "bonuses": [
                {
                    "id": 1,
                    "value": 0.25
                }
            ],
            "required_ops_level": 20,
            "requirements": [
                {
                    "id": 0,
                    "type": "building",
                    "name": "Operations",
                    "value": 15
                },
                {
                    "id": 15,
                    "type": "building",
                    "name": "Shipyard",
                    "value": 15
                }
            ],
            "build_costs": {
                "resources": [
                    {
                        "id": 2325683920,
                        "type": "Parsteel",
                        "value": 76500
                    },
                    {
                        "id": 743985951,
                        "type": "Tritanium",
                        "value": 1500
                    }
                ],
                "materials": [],
                "others": []
            },
            "rewards": null
        },
        {
            "level": 16,
            "power": 1400,
            "increased_power": 225,
            "build_time": 58320,
            "bonuses": [
                {
                    "id": 1,
                    "value": 0.27
                }
            ],
            "required_ops_level": 20,
            "requirements": [
                {
                    "id": 0,
                    "type": "building",
                    "name": "Operations",
                    "value": 16
                },
                {
                    "id": 15,
                    "type": "building",
                    "name": "Shipyard",
                    "value": 16
                }
            ],
            "build_costs": {
                "resources": [
                    {
                        "id": 2325683920,
                        "type": "Parsteel",
                        "value": 102000
                    },
                    {
                        "id": 743985951,
                        "type": "Tritanium",
                        "value": 2000
                    }
                ],
                "materials": [],
                "others": []
            },
            "rewards": null
        },
        {
            "level": 17,
            "power": 1700,
            "increased_power": 300,
            "build_time": 62640,
            "bonuses": [
                {
                    "id": 1,
                    "value": 0.29
                }
            ],
            "required_ops_level": 20,
            "requirements": [
                {
                    "id": 0,
                    "type": "building",
                    "name": "Operations",
                    "value": 17
                },
                {
                    "id": 15,
                    "type": "building",
                    "name": "Shipyard",
                    "value": 17
                }
            ],
            "build_costs": {
                "resources": [
                    {
                        "id": 2325683920,
                        "type": "Parsteel",
                        "value": 142800
                    },
                    {
                        "id": 743985951,
                        "type": "Tritanium",
                        "value": 2800
                    }
                ],
                "materials": [],
                "others": []
            },
            "rewards": null
        },
        {
            "level": 18,
            "power": 2000,
            "increased_power": 300,
            "build_time": 95760,
            "bonuses": [
                {
                    "id": 1,
                    "value": 0.31
                }
            ],
            "required_ops_level": 20,
            "requirements": [
                {
                    "id": 0,
                    "type": "building",
                    "name": "Operations",
                    "value": 18
                },
                {
                    "id": 15,
                    "type": "building",
                    "name": "Shipyard",
                    "value": 18
                }
            ],
            "build_costs": {
                "resources": [
                    {
                        "id": 2325683920,
                        "type": "Parsteel",
                        "value": 204000
                    },
                    {
                        "id": 743985951,
                        "type": "Tritanium",
                        "value": 4000
                    }
                ],
                "materials": [],
                "others": []
            },
            "rewards": null
        },
        {
            "level": 19,
            "power": 2300,
            "increased_power": 300,
            "build_time": 138960,
            "bonuses": [
                {
                    "id": 1,
                    "value": 0.33
                }
            ],
            "required_ops_level": 20,
            "requirements": [
                {
                    "id": 0,
                    "type": "building",
                    "name": "Operations",
                    "value": 19
                },
                {
                    "id": 15,
                    "type": "building",
                    "name": "Shipyard",
                    "value": 19
                }
            ],
            "build_costs": {
                "resources": [
                    {
                        "id": 2325683920,
                        "type": "Parsteel",
                        "value": 306000
                    },
                    {
                        "id": 743985951,
                        "type": "Tritanium",
                        "value": 6000
                    }
                ],
                "materials": [],
                "others": []
            },
            "rewards": null
        },
        {
            "level": 20,
            "power": 2700,
            "increased_power": 400,
            "build_time": 208800,
            "bonuses": [
                {
                    "id": 1,
                    "value": 0.35
                }
            ],
            "required_ops_level": 20,
            "requirements": [
                {
                    "id": 0,
                    "type": "building",
                    "name": "Operations",
                    "value": 20
                },
                {
                    "id": 15,
                    "type": "building",
                    "name": "Shipyard",
                    "value": 20
                }
            ],
            "build_costs": {
                "resources": [
                    {
                        "id": 2325683920,
                        "type": "Parsteel",
                        "value": 433500
                    },
                    {
                        "id": 743985951,
                        "type": "Tritanium",
                        "value": 8500
                    }
                ],
                "materials": [],
                "others": []
            },
            "rewards": null
        },
        {
            "level": 21,
            "power": 3100,
            "increased_power": 400,
            "build_time": 190800,
            "bonuses": [
                {
                    "id": 1,
                    "value": 0.38
                }
            ],
            "required_ops_level": 21,
            "requirements": [
                {
                    "id": 0,
                    "type": "building",
                    "name": "Operations",
                    "value": 21
                },
                {
                    "id": 15,
                    "type": "building",
                    "name": "Shipyard",
                    "value": 21
                }
            ],
            "build_costs": {
                "resources": [
                    {
                        "id": 2325683920,
                        "type": "Parsteel",
                        "value": 729810
                    },
                    {
                        "id": 743985951,
                        "type": "Tritanium",
                        "value": 14310
                    }
                ],
                "materials": [],
                "others": []
            },
            "rewards": null
        },
        {
            "level": 22,
            "power": 3600,
            "increased_power": 500,
            "build_time": 296640,
            "bonuses": [
                {
                    "id": 1,
                    "value": 0.4
                }
            ],
            "required_ops_level": 22,
            "requirements": [
                {
                    "id": 0,
                    "type": "building",
                    "name": "Operations",
                    "value": 22
                },
                {
                    "id": 15,
                    "type": "building",
                    "name": "Shipyard",
                    "value": 22
                }
            ],
            "build_costs": {
                "resources": [
                    {
                        "id": 2325683920,
                        "type": "Parsteel",
                        "value": 1135260
                    },
                    {
                        "id": 743985951,
                        "type": "Tritanium",
                        "value": 22260
                    }
                ],
                "materials": [],
                "others": []
            },
            "rewards": null
        },
        {
            "level": 23,
            "power": 4100,
            "increased_power": 500,
            "build_time": 349920,
            "bonuses": [
                {
                    "id": 1,
                    "value": 0.43
                }
            ],
            "required_ops_level": 23,
            "requirements": [
                {
                    "id": 0,
                    "type": "building",
                    "name": "Operations",
                    "value": 23
                },
                {
                    "id": 15,
                    "type": "building",
                    "name": "Shipyard",
                    "value": 23
                }
            ],
            "build_costs": {
                "resources": [
                    {
                        "id": 2325683920,
                        "type": "Parsteel",
                        "value": 1868130
                    },
                    {
                        "id": 743985951,
                        "type": "Tritanium",
                        "value": 36630
                    }
                ],
                "materials": [],
                "others": []
            },
            "rewards": null
        },
        {
            "level": 24,
            "power": 4700,
            "increased_power": 600,
            "build_time": 429120,
            "bonuses": [
                {
                    "id": 1,
                    "value": 0.45
                }
            ],
            "required_ops_level": 24,
            "requirements": [
                {
                    "id": 0,
                    "type": "building",
                    "name": "Operations",
                    "value": 24
                },
                {
                    "id": 15,
                    "type": "building",
                    "name": "Shipyard",
                    "value": 24
                }
            ],
            "build_costs": {
                "resources": [
                    {
                        "id": 2325683920,
                        "type": "Parsteel",
                        "value": 2943720
                    },
                    {
                        "id": 743985951,
                        "type": "Tritanium",
                        "value": 57720
                    }
                ],
                "materials": [],
                "others": []
            },
            "rewards": null
        },
        {
            "level": 25,
            "power": 5250,
            "increased_power": 550,
            "build_time": 397440,
            "bonuses": [
                {
                    "id": 1,
                    "value": 0.48
                }
            ],
            "required_ops_level": 25,
            "requirements": [
                {
                    "id": 0,
                    "type": "building",
                    "name": "Operations",
                    "value": 25
                },
                {
                    "id": 15,
                    "type": "building",
                    "name": "Shipyard",
                    "value": 25
                }
            ],
            "build_costs": {
                "resources": [
                    {
                        "id": 2325683920,
                        "type": "Parsteel",
                        "value": 4773600
                    },
                    {
                        "id": 743985951,
                        "type": "Tritanium",
                        "value": 93600
                    }
                ],
                "materials": [],
                "others": []
            },
            "rewards": null
        },
        {
            "level": 26,
            "power": 6000,
            "increased_power": 750,
            "build_time": 538560,
            "bonuses": [
                {
                    "id": 1,
                    "value": 0.5
                }
            ],
            "required_ops_level": 26,
            "requirements": [
                {
                    "id": 0,
                    "type": "building",
                    "name": "Operations",
                    "value": 26
                },
                {
                    "id": 15,
                    "type": "building",
                    "name": "Shipyard",
                    "value": 26
                }
            ],
            "build_costs": {
                "resources": [
                    {
                        "id": 2325683920,
                        "type": "Parsteel",
                        "value": 7458750
                    },
                    {
                        "id": 743985951,
                        "type": "Tritanium",
                        "value": 146250
                    }
                ],
                "materials": [],
                "others": []
            },
            "rewards": null
        },
        {
            "level": 27,
            "power": 6750,
            "increased_power": 750,
            "build_time": 613440,
            "bonuses": [
                {
                    "id": 1,
                    "value": 0.53
                }
            ],
            "required_ops_level": 27,
            "requirements": [
                {
                    "id": 0,
                    "type": "building",
                    "name": "Operations",
                    "value": 27
                },
                {
                    "id": 15,
                    "type": "building",
                    "name": "Shipyard",
                    "value": 27
                }
            ],
            "build_costs": {
                "resources": [
                    {
                        "id": 2325683920,
                        "type": "Parsteel",
                        "value": 11383200
                    },
                    {
                        "id": 743985951,
                        "type": "Tritanium",
                        "value": 223200
                    }
                ],
                "materials": [],
                "others": []
            },
            "rewards": null
        },
        {
            "level": 28,
            "power": 7500,
            "increased_power": 750,
            "build_time": 712800,
            "bonuses": [
                {
                    "id": 1,
                    "value": 0.55
                }
            ],
            "required_ops_level": 28,
            "requirements": [
                {
                    "id": 0,
                    "type": "building",
                    "name": "Operations",
                    "value": 28
                },
                {
                    "id": 15,
                    "type": "building",
                    "name": "Shipyard",
                    "value": 28
                }
            ],
            "build_costs": {
                "resources": [
                    {
                        "id": 2325683920,
                        "type": "Parsteel",
                        "value": 17074800
                    },
                    {
                        "id": 743985951,
                        "type": "Tritanium",
                        "value": 334800
                    }
                ],
                "materials": [],
                "others": []
            },
            "rewards": null
        },
        {
            "level": 29,
            "power": 8500,
            "increased_power": 1000,
            "build_time": 784800,
            "bonuses": [
                {
                    "id": 1,
                    "value": 0.58
                }
            ],
            "required_ops_level": 29,
            "requirements": [
                {
                    "id": 0,
                    "type": "building",
                    "name": "Operations",
                    "value": 29
                },
                {
                    "id": 15,
                    "type": "building",
                    "name": "Shipyard",
                    "value": 29
                }
            ],
            "build_costs": {
                "resources": [
                    {
                        "id": 2325683920,
                        "type": "Parsteel",
                        "value": 27183000
                    },
                    {
                        "id": 743985951,
                        "type": "Tritanium",
                        "value": 533000
                    }
                ],
                "materials": [],
                "others": []
            },
            "rewards": null
        },
        {
            "level": 30,
            "power": 9500,
            "increased_power": 1000,
            "build_time": 851040,
            "bonuses": [
                {
                    "id": 1,
                    "value": 0.6
                }
            ],
            "required_ops_level": 30,
            "requirements": [
                {
                    "id": 0,
                    "type": "building",
                    "name": "Operations",
                    "value": 30
                },
                {
                    "id": 15,
                    "type": "building",
                    "name": "Shipyard",
                    "value": 30
                }
            ],
            "build_costs": {
                "resources": [
                    {
                        "id": 2325683920,
                        "type": "Parsteel",
                        "value": 39780000
                    },
                    {
                        "id": 743985951,
                        "type": "Tritanium",
                        "value": 780000
                    }
                ],
                "materials": [],
                "others": []
            },
            "rewards": null
        },
        {
            "level": 31,
            "power": 10500,
            "increased_power": 1000,
            "build_time": 1117440,
            "bonuses": [
                {
                    "id": 1,
                    "value": 0.63
                }
            ],
            "required_ops_level": 31,
            "requirements": [
                {
                    "id": 0,
                    "type": "building",
                    "name": "Operations",
                    "value": 31
                },
                {
                    "id": 15,
                    "type": "building",
                    "name": "Shipyard",
                    "value": 31
                }
            ],
            "build_costs": {
                "resources": [
                    {
                        "id": 2325683920,
                        "type": "Parsteel",
                        "value": 62883000
                    },
                    {
                        "id": 743985951,
                        "type": "Tritanium",
                        "value": 1233000
                    }
                ],
                "materials": [],
                "others": []
            },
            "rewards": null
        },
        {
            "level": 32,
            "power": 11750,
            "increased_power": 1250,
            "build_time": 1091520,
            "bonuses": [
                {
                    "id": 1,
                    "value": 0.66
                }
            ],
            "required_ops_level": 32,
            "requirements": [
                {
                    "id": 0,
                    "type": "building",
                    "name": "Operations",
                    "value": 32
                },
                {
                    "id": 15,
                    "type": "building",
                    "name": "Shipyard",
                    "value": 32
                }
            ],
            "build_costs": {
                "resources": [
                    {
                        "id": 2325683920,
                        "type": "Parsteel",
                        "value": 90831000
                    },
                    {
                        "id": 743985951,
                        "type": "Tritanium",
                        "value": 1781000
                    }
                ],
                "materials": [],
                "others": []
            },
            "rewards": null
        },
        {
            "level": 33,
            "power": 13000,
            "increased_power": 1250,
            "build_time": 1585440,
            "bonuses": [
                {
                    "id": 1,
                    "value": 0.69
                }
            ],
            "required_ops_level": 33,
            "requirements": [
                {
                    "id": 0,
                    "type": "building",
                    "name": "Operations",
                    "value": 33
                },
                {
                    "id": 15,
                    "type": "building",
                    "name": "Shipyard",
                    "value": 33
                }
            ],
            "build_costs": {
                "resources": [
                    {
                        "id": 2325683920,
                        "type": "Parsteel",
                        "value": 140505000
                    },
                    {
                        "id": 743985951,
                        "type": "Tritanium",
                        "value": 2755000
                    }
                ],
                "materials": [],
                "others": []
            },
            "rewards": null
        },
        {
            "level": 34,
            "power": 14250,
            "increased_power": 1250,
            "build_time": 2099520,
            "bonuses": [
                {
                    "id": 1,
                    "value": 0.72
                }
            ],
            "required_ops_level": 34,
            "requirements": [
                {
                    "id": 0,
                    "type": "building",
                    "name": "Operations",
                    "value": 34
                },
                {
                    "id": 15,
                    "type": "building",
                    "name": "Shipyard",
                    "value": 34
                }
            ],
            "build_costs": {
                "resources": [
                    {
                        "id": 2325683920,
                        "type": "Parsteel",
                        "value": 221850000
                    },
                    {
                        "id": 743985951,
                        "type": "Tritanium",
                        "value": 4350000
                    }
                ],
                "materials": [],
                "others": []
            },
            "rewards": null
        },
        {
            "level": 35,
            "power": 15500,
            "increased_power": 1250,
            "build_time": 2767680,
            "bonuses": [
                {
                    "id": 1,
                    "value": 0.75
                }
            ],
            "required_ops_level": 35,
            "requirements": [
                {
                    "id": 0,
                    "type": "building",
                    "name": "Operations",
                    "value": 35
                },
                {
                    "id": 15,
                    "type": "building",
                    "name": "Shipyard",
                    "value": 35
                }
            ],
            "build_costs": {
                "resources": [
                    {
                        "id": 2325683920,
                        "type": "Parsteel",
                        "value": 343332000
                    },
                    {
                        "id": 743985951,
                        "type": "Tritanium",
                        "value": 6732000
                    }
                ],
                "materials": [],
                "others": []
            },
            "rewards": null
        },
        {
            "level": 36,
            "power": 17000,
            "increased_power": 1500,
            "build_time": 3536640,
            "bonuses": [
                {
                    "id": 1,
                    "value": 0.78
                }
            ],
            "required_ops_level": 36,
            "requirements": [
                {
                    "id": 0,
                    "type": "building",
                    "name": "Operations",
                    "value": 36
                },
                {
                    "id": 15,
                    "type": "building",
                    "name": "Shipyard",
                    "value": 36
                }
            ],
            "build_costs": {
                "resources": [
                    {
                        "id": 2325683920,
                        "type": "Parsteel",
                        "value": 483786000
                    },
                    {
                        "id": 743985951,
                        "type": "Tritanium",
                        "value": 9486000
                    }
                ],
                "materials": [],
                "others": []
            },
            "rewards": null
        },
        {
            "level": 37,
            "power": 18750,
            "increased_power": 1750,
            "build_time": 3654720,
            "bonuses": [
                {
                    "id": 1,
                    "value": 0.81
                }
            ],
            "required_ops_level": 37,
            "requirements": [
                {
                    "id": 0,
                    "type": "building",
                    "name": "Operations",
                    "value": 37
                },
                {
                    "id": 15,
                    "type": "building",
                    "name": "Shipyard",
                    "value": 37
                }
            ],
            "build_costs": {
                "resources": [
                    {
                        "id": 2325683920,
                        "type": "Parsteel",
                        "value": 743580000
                    },
                    {
                        "id": 743985951,
                        "type": "Tritanium",
                        "value": 14580000
                    }
                ],
                "materials": [],
                "others": []
            },
            "rewards": null
        },
        {
            "level": 38,
            "power": 20500,
            "increased_power": 1750,
            "build_time": 5927040,
            "bonuses": [
                {
                    "id": 1,
                    "value": 0.84
                }
            ],
            "required_ops_level": 38,
            "requirements": [
                {
                    "id": 0,
                    "type": "building",
                    "name": "Operations",
                    "value": 38
                },
                {
                    "id": 15,
                    "type": "building",
                    "name": "Shipyard",
                    "value": 38
                }
            ],
            "build_costs": {
                "resources": [
                    {
                        "id": 2325683920,
                        "type": "Parsteel",
                        "value": 1156680000
                    },
                    {
                        "id": 743985951,
                        "type": "Tritanium",
                        "value": 22680000
                    }
                ],
                "materials": [],
                "others": []
            },
            "rewards": null
        },
        {
            "level": 39,
            "power": 22000,
            "increased_power": 1500,
            "build_time": 7866720,
            "bonuses": [
                {
                    "id": 1,
                    "value": 0.87
                }
            ],
            "required_ops_level": 39,
            "requirements": [
                {
                    "id": 0,
                    "type": "building",
                    "name": "Operations",
                    "value": 39
                },
                {
                    "id": 15,
                    "type": "building",
                    "name": "Shipyard",
                    "value": 39
                }
            ],
            "build_costs": {
                "resources": [
                    {
                        "id": 2325683920,
                        "type": "Parsteel",
                        "value": 1973700000
                    },
                    {
                        "id": 743985951,
                        "type": "Tritanium",
                        "value": 38700000
                    }
                ],
                "materials": [],
                "others": []
            },
            "rewards": null
        },
        {
            "level": 40,
            "power": 24000,
            "increased_power": 2000,
            "build_time": 13962240,
            "bonuses": [
                {
                    "id": 1,
                    "value": 0.9
                }
            ],
            "required_ops_level": 40,
            "requirements": [
                {
                    "id": 0,
                    "type": "building",
                    "name": "Operations",
                    "value": 40
                },
                {
                    "id": 15,
                    "type": "building",
                    "name": "Shipyard",
                    "value": 40
                }
            ],
            "build_costs": {
                "resources": [
                    {
                        "id": 2325683920,
                        "type": "Parsteel",
                        "value": 8596560000
                    },
                    {
                        "id": 743985951,
                        "type": "Tritanium",
                        "value": 60200000
                    }
                ],
                "materials": [
                    {
                        "id": 3919958966,
                        "type": "4\u2605 Common Crystal",
                        "grade": 4,
                        "rarity": 1,
                        "value": 1000
                    }
                ],
                "others": []
            },
            "rewards": null
        },
        {
            "level": 41,
            "power": 26000,
            "increased_power": 2000,
            "build_time": 13085280,
            "bonuses": [
                {
                    "id": 1,
                    "value": 0.95
                }
            ],
            "required_ops_level": 41,
            "requirements": [
                {
                    "id": 0,
                    "type": "building",
                    "name": "Operations",
                    "value": 41
                },
                {
                    "id": 15,
                    "type": "building",
                    "name": "Shipyard",
                    "value": 41
                }
            ],
            "build_costs": {
                "resources": [
                    {
                        "id": 2325683920,
                        "type": "Parsteel",
                        "value": 8772000000
                    },
                    {
                        "id": 743985951,
                        "type": "Tritanium",
                        "value": 86000000
                    }
                ],
                "materials": [
                    {
                        "id": 3919958966,
                        "type": "4\u2605 Common Crystal",
                        "grade": 4,
                        "rarity": 1,
                        "value": 1500
                    }
                ],
                "others": []
            },
            "rewards": null
        },
        {
            "level": 42,
            "power": 28000,
            "increased_power": 2000,
            "build_time": 20113920,
            "bonuses": [
                {
                    "id": 1,
                    "value": 1.0
                }
            ],
            "required_ops_level": 42,
            "requirements": [
                {
                    "id": 0,
                    "type": "building",
                    "name": "Operations",
                    "value": 42
                },
                {
                    "id": 15,
                    "type": "building",
                    "name": "Shipyard",
                    "value": 42
                }
            ],
            "build_costs": {
                "resources": [
                    {
                        "id": 2325683920,
                        "type": "Parsteel",
                        "value": 13066200000
                    },
                    {
                        "id": 743985951,
                        "type": "Tritanium",
                        "value": 128100000
                    }
                ],
                "materials": [
                    {
                        "id": 3919958966,
                        "type": "4\u2605 Common Crystal",
                        "grade": 4,
                        "rarity": 1,
                        "value": 2000
                    }
                ],
                "others": []
            },
            "rewards": null
        },
        {
            "level": 43,
            "power": 30500,
            "increased_power": 2500,
            "build_time": 26575200,
            "bonuses": [
                {
                    "id": 1,
                    "value": 1.05
                }
            ],
            "required_ops_level": 43,
            "requirements": [
                {
                    "id": 0,
                    "type": "building",
                    "name": "Operations",
                    "value": 43
                },
                {
                    "id": 15,
                    "type": "building",
                    "name": "Shipyard",
                    "value": 43
                }
            ],
            "build_costs": {
                "resources": [
                    {
                        "id": 2325683920,
                        "type": "Parsteel",
                        "value": 18666000000
                    },
                    {
                        "id": 743985951,
                        "type": "Tritanium",
                        "value": 183000000
                    }
                ],
                "materials": [
                    {
                        "id": 3919958966,
                        "type": "4\u2605 Common Crystal",
                        "grade": 4,
                        "rarity": 1,
                        "value": 2500
                    }
                ],
                "others": []
            },
            "rewards": null
        },
        {
            "level": 44,
            "power": 33000,
            "increased_power": 2500,
            "build_time": 34686720,
            "bonuses": [
                {
                    "id": 1,
                    "value": 1.1
                }
            ],
            "required_ops_level": 44,
            "requirements": [
                {
                    "id": 0,
                    "type": "building",
                    "name": "Operations",
                    "value": 44
                },
                {
                    "id": 15,
                    "type": "building",
                    "name": "Shipyard",
                    "value": 44
                }
            ],
            "build_costs": {
                "resources": [
                    {
                        "id": 2325683920,
                        "type": "Parsteel",
                        "value": 27999000000
                    },
                    {
                        "id": 743985951,
                        "type": "Tritanium",
                        "value": 274500000
                    }
                ],
                "materials": [
                    {
                        "id": 3919958966,
                        "type": "4\u2605 Common Crystal",
                        "grade": 4,
                        "rarity": 1,
                        "value": 3000
                    }
                ],
                "others": []
            },
            "rewards": null
        },
        {
            "level": 45,
            "power": 35500,
            "increased_power": 2500,
            "build_time": 44779680,
            "bonuses": [
                {
                    "id": 1,
                    "value": 1.15
                }
            ],
            "required_ops_level": 45,
            "requirements": [
                {
                    "id": 0,
                    "type": "building",
                    "name": "Operations",
                    "value": 45
                },
                {
                    "id": 15,
                    "type": "building",
                    "name": "Shipyard",
                    "value": 45
                }
            ],
            "build_costs": {
                "resources": [
                    {
                        "id": 2325683920,
                        "type": "Parsteel",
                        "value": 39780000000
                    },
                    {
                        "id": 743985951,
                        "type": "Tritanium",
                        "value": 390000000
                    }
                ],
                "materials": [
                    {
                        "id": 3919958966,
                        "type": "4\u2605 Common Crystal",
                        "grade": 4,
                        "rarity": 1,
                        "value": 3500
                    }
                ],
                "others": []
            },
            "rewards": null
        },
        {
            "level": 46,
            "power": 38000,
            "increased_power": 2500,
            "build_time": 57241440,
            "bonuses": [
                {
                    "id": 1,
                    "value": 1.2
                }
            ],
            "required_ops_level": 46,
            "requirements": [
                {
                    "id": 0,
                    "type": "building",
                    "name": "Operations",
                    "value": 46
                },
                {
                    "id": 15,
                    "type": "building",
                    "name": "Shipyard",
                    "value": 46
                }
            ],
            "build_costs": {
                "resources": [
                    {
                        "id": 2325683920,
                        "type": "Parsteel",
                        "value": 54697500000
                    },
                    {
                        "id": 743985951,
                        "type": "Tritanium",
                        "value": 536250000
                    }
                ],
                "materials": [
                    {
                        "id": 3919958966,
                        "type": "4\u2605 Common Crystal",
                        "grade": 4,
                        "rarity": 1,
                        "value": 4000
                    }
                ],
                "others": []
            },
            "rewards": null
        },
        {
            "level": 47,
            "power": 41000,
            "increased_power": 3000,
            "build_time": 72511200,
            "bonuses": [
                {
                    "id": 1,
                    "value": 1.25
                }
            ],
            "required_ops_level": 47,
            "requirements": [
                {
                    "id": 0,
                    "type": "building",
                    "name": "Operations",
                    "value": 47
                },
                {
                    "id": 15,
                    "type": "building",
                    "name": "Shipyard",
                    "value": 47
                }
            ],
            "build_costs": {
                "resources": [
                    {
                        "id": 2325683920,
                        "type": "Parsteel",
                        "value": 79560000000
                    },
                    {
                        "id": 743985951,
                        "type": "Tritanium",
                        "value": 780000000
                    }
                ],
                "materials": [
                    {
                        "id": 3919958966,
                        "type": "4\u2605 Common Crystal",
                        "grade": 4,
                        "rarity": 1,
                        "value": 4500
                    }
                ],
                "others": []
            },
            "rewards": null
        },
        {
            "level": 48,
            "power": 44000,
            "increased_power": 3000,
            "build_time": 91101600,
            "bonuses": [
                {
                    "id": 1,
                    "value": 1.3
                }
            ],
            "required_ops_level": 48,
            "requirements": [
                {
                    "id": 0,
                    "type": "building",
                    "name": "Operations",
                    "value": 48
                },
                {
                    "id": 15,
                    "type": "building",
                    "name": "Shipyard",
                    "value": 48
                }
            ],
            "build_costs": {
                "resources": [
                    {
                        "id": 2325683920,
                        "type": "Parsteel",
                        "value": 128520000000
                    },
                    {
                        "id": 743985951,
                        "type": "Tritanium",
                        "value": 1260000000
                    }
                ],
                "materials": [
                    {
                        "id": 3919958966,
                        "type": "4\u2605 Common Crystal",
                        "grade": 4,
                        "rarity": 1,
                        "value": 5000
                    }
                ],
                "others": []
            },
            "rewards": null
        },
        {
            "level": 49,
            "power": 47000,
            "increased_power": 3000,
            "build_time": 113587200,
            "bonuses": [
                {
                    "id": 1,
                    "value": 1.35
                }
            ],
            "required_ops_level": 49,
            "requirements": [
                {
                    "id": 0,
                    "type": "building",
                    "name": "Operations",
                    "value": 49
                },
                {
                    "id": 15,
                    "type": "building",
                    "name": "Shipyard",
                    "value": 49
                }
            ],
            "build_costs": {
                "resources": [
                    {
                        "id": 2325683920,
                        "type": "Parsteel",
                        "value": 214200000000
                    },
                    {
                        "id": 743985951,
                        "type": "Tritanium",
                        "value": 2100000000
                    }
                ],
                "materials": [
                    {
                        "id": 3919958966,
                        "type": "4\u2605 Common Crystal",
                        "grade": 4,
                        "rarity": 1,
                        "value": 5500
                    }
                ],
                "others": []
            },
            "rewards": null
        },
        {
            "level": 50,
            "power": 50000,
            "increased_power": 3000,
            "build_time": 140627520,
            "bonuses": [
                {
                    "id": 1,
                    "value": 1.4
                }
            ],
            "required_ops_level": 50,
            "requirements": [
                {
                    "id": 0,
                    "type": "building",
                    "name": "Operations",
                    "value": 50
                },
                {
                    "id": 15,
                    "type": "building",
                    "name": "Shipyard",
                    "value": 50
                }
            ],
            "build_costs": {
                "resources": [
                    {
                        "id": 2325683920,
                        "type": "Parsteel",
                        "value": 374850000000
                    },
                    {
                        "id": 743985951,
                        "type": "Tritanium",
                        "value": 3675000000
                    }
                ],
                "materials": [],
                "others": []
            },
            "rewards": null
        },
        {
            "level": 51,
            "power": 53500,
            "increased_power": 3500,
            "build_time": 149065920,
            "bonuses": [
                {
                    "id": 1,
                    "value": 1.45
                }
            ],
            "required_ops_level": 51,
            "requirements": [
                {
                    "id": 0,
                    "type": "building",
                    "name": "Operations",
                    "value": 51
                },
                {
                    "id": 15,
                    "type": "building",
                    "name": "Shipyard",
                    "value": 51
                }
            ],
            "build_costs": {
                "resources": [
                    {
                        "id": 2325683920,
                        "type": "Parsteel",
                        "value": 1869660000000
                    },
                    {
                        "id": 743985951,
                        "type": "Tritanium",
                        "value": 7800000000
                    }
                ],
                "materials": [
                    {
                        "id": 3301222353,
                        "type": "5\u2605 Common Crystal",
                        "grade": 5,
                        "rarity": 1,
                        "value": 5400
                    }
                ],
                "others": []
            },
            "rewards": null
        },
        {
            "level": 52,
            "power": 57000,
            "increased_power": 3500,
            "build_time": 158009760,
            "bonuses": [
                {
                    "id": 1,
                    "value": 1.5
                }
            ],
            "required_ops_level": 52,
            "requirements": [
                {
                    "id": 0,
                    "type": "building",
                    "name": "Operations",
                    "value": 52
                },
                {
                    "id": 15,
                    "type": "building",
                    "name": "Shipyard",
                    "value": 52
                }
            ],
            "build_costs": {
                "resources": [
                    {
                        "id": 2325683920,
                        "type": "Parsteel",
                        "value": 3381300000000
                    },
                    {
                        "id": 743985951,
                        "type": "Tritanium",
                        "value": 13260000000
                    }
                ],
                "materials": [
                    {
                        "id": 3301222353,
                        "type": "5\u2605 Common Crystal",
                        "grade": 5,
                        "rarity": 1,
                        "value": 9400
                    }
                ],
                "others": []
            },
            "rewards": null
        },
        {
            "level": 53,
            "power": 61000,
            "increased_power": 4000,
            "build_time": 167490720,
            "bonuses": [
                {
                    "id": 1,
                    "value": 1.55
                }
            ],
            "required_ops_level": 53,
            "requirements": [
                {
                    "id": 0,
                    "type": "building",
                    "name": "Operations",
                    "value": 53
                },
                {
                    "id": 15,
                    "type": "building",
                    "name": "Shipyard",
                    "value": 53
                }
            ],
            "build_costs": {
                "resources": [
                    {
                        "id": 2325683920,
                        "type": "Parsteel",
                        "value": 5679360000000
                    },
                    {
                        "id": 743985951,
                        "type": "Tritanium",
                        "value": 23200000000
                    }
                ],
                "materials": [
                    {
                        "id": 3301222353,
                        "type": "5\u2605 Common Crystal",
                        "grade": 5,
                        "rarity": 1,
                        "value": 10200
                    }
                ],
                "others": []
            },
            "rewards": null
        },
        {
            "level": 54,
            "power": 65000,
            "increased_power": 4000,
            "build_time": 177540480,
            "bonuses": [
                {
                    "id": 1,
                    "value": 1.6
                }
            ],
            "required_ops_level": 54,
            "requirements": [
                {
                    "id": 0,
                    "type": "building",
                    "name": "Operations",
                    "value": 54
                },
                {
                    "id": 15,
                    "type": "building",
                    "name": "Shipyard",
                    "value": 54
                }
            ],
            "build_costs": {
                "resources": [
                    {
                        "id": 2325683920,
                        "type": "Parsteel",
                        "value": 8519040000000
                    },
                    {
                        "id": 743985951,
                        "type": "Tritanium",
                        "value": 34800000000
                    }
                ],
                "materials": [
                    {
                        "id": 3301222353,
                        "type": "5\u2605 Common Crystal",
                        "grade": 5,
                        "rarity": 1,
                        "value": 19500
                    }
                ],
                "others": []
            },
            "rewards": null
        },
        {
            "level": 55,
            "power": 69000,
            "increased_power": 4000,
            "build_time": 188192160,
            "bonuses": [
                {
                    "id": 1,
                    "value": 1.65
                }
            ],
            "required_ops_level": 55,
            "requirements": [
                {
                    "id": 0,
                    "type": "building",
                    "name": "Operations",
                    "value": 55
                },
                {
                    "id": 15,
                    "type": "building",
                    "name": "Shipyard",
                    "value": 55
                }
            ],
            "build_costs": {
                "resources": [
                    {
                        "id": 2325683920,
                        "type": "Parsteel",
                        "value": 14479920000000
                    },
                    {
                        "id": 743985951,
                        "type": "Tritanium",
                        "value": 54600000000
                    }
                ],
                "materials": [
                    {
                        "id": 3301222353,
                        "type": "5\u2605 Common Crystal",
                        "grade": 5,
                        "rarity": 1,
                        "value": 23900
                    }
                ],
                "others": []
            },
            "rewards": null
        },
        {
            "level": 56,
            "power": 73000,
            "increased_power": 4000,
            "build_time": 199483200,
            "bonuses": [
                {
                    "id": 1,
                    "value": 1.7
                }
            ],
            "required_ops_level": 56,
            "requirements": [
                {
                    "id": 0,
                    "type": "building",
                    "name": "Operations",
                    "value": 56
                },
                {
                    "id": 15,
                    "type": "building",
                    "name": "Shipyard",
                    "value": 56
                }
            ],
            "build_costs": {
                "resources": [
                    {
                        "id": 2325683920,
                        "type": "Parsteel",
                        "value": 22754160000000
                    },
                    {
                        "id": 743985951,
                        "type": "Tritanium",
                        "value": 85800000000
                    }
                ],
                "materials": [
                    {
                        "id": 3301222353,
                        "type": "5\u2605 Common Crystal",
                        "grade": 5,
                        "rarity": 1,
                        "value": 31900
                    }
                ],
                "others": []
            },
            "rewards": null
        },
        {
            "level": 57,
            "power": 77000,
            "increased_power": 4000,
            "build_time": 211452480,
            "bonuses": [
                {
                    "id": 1,
                    "value": 1.75
                }
            ],
            "required_ops_level": 57,
            "requirements": [
                {
                    "id": 0,
                    "type": "building",
                    "name": "Operations",
                    "value": 57
                },
                {
                    "id": 15,
                    "type": "building",
                    "name": "Shipyard",
                    "value": 57
                }
            ],
            "build_costs": {
                "resources": [
                    {
                        "id": 2325683920,
                        "type": "Parsteel",
                        "value": 35621664000000
                    },
                    {
                        "id": 743985951,
                        "type": "Tritanium",
                        "value": 134320000000
                    }
                ],
                "materials": [
                    {
                        "id": 3301222353,
                        "type": "5\u2605 Common Crystal",
                        "grade": 5,
                        "rarity": 1,
                        "value": 34200
                    }
                ],
                "others": []
            },
            "rewards": null
        },
        {
            "level": 58,
            "power": 82000,
            "increased_power": 5000,
            "build_time": 224140320,
            "bonuses": [
                {
                    "id": 1,
                    "value": 1.8
                }
            ],
            "required_ops_level": 58,
            "requirements": [
                {
                    "id": 0,
                    "type": "building",
                    "name": "Operations",
                    "value": 58
                },
                {
                    "id": 15,
                    "type": "building",
                    "name": "Shipyard",
                    "value": 58
                }
            ],
            "build_costs": {
                "resources": [
                    {
                        "id": 2325683920,
                        "type": "Parsteel",
                        "value": 51466752000000
                    },
                    {
                        "id": 743985951,
                        "type": "Tritanium",
                        "value": 210240000000
                    }
                ],
                "materials": [
                    {
                        "id": 3301222353,
                        "type": "5\u2605 Common Crystal",
                        "grade": 5,
                        "rarity": 1,
                        "value": 35500
                    }
                ],
                "others": []
            },
            "rewards": null
        },
        {
            "level": 59,
            "power": 87000,
            "increased_power": 5000,
            "build_time": 237588480,
            "bonuses": [
                {
                    "id": 1,
                    "value": 1.85
                }
            ],
            "required_ops_level": 59,
            "requirements": [
                {
                    "id": 0,
                    "type": "building",
                    "name": "Operations",
                    "value": 59
                },
                {
                    "id": 15,
                    "type": "building",
                    "name": "Shipyard",
                    "value": 59
                }
            ],
            "build_costs": {
                "resources": [
                    {
                        "id": 2325683920,
                        "type": "Parsteel",
                        "value": 77200128000000
                    },
                    {
                        "id": 743985951,
                        "type": "Tritanium",
                        "value": 315360000000
                    }
                ],
                "materials": [
                    {
                        "id": 3301222353,
                        "type": "5\u2605 Common Crystal",
                        "grade": 5,
                        "rarity": 1,
                        "value": 37800
                    }
                ],
                "others": []
            },
            "rewards": null
        },
        {
            "level": 60,
            "power": 92000,
            "increased_power": 5000,
            "build_time": 251843040,
            "bonuses": [
                {
                    "id": 1,
                    "value": 1.9
                }
            ],
            "required_ops_level": 60,
            "requirements": [
                {
                    "id": 0,
                    "type": "building",
                    "name": "Operations",
                    "value": 60
                },
                {
                    "id": 15,
                    "type": "building",
                    "name": "Shipyard",
                    "value": 60
                }
            ],
            "build_costs": {
                "resources": [
                    {
                        "id": 2325683920,
                        "type": "Parsteel",
                        "value": 120564000000000
                    },
                    {
                        "id": 743985951,
                        "type": "Tritanium",
                        "value": 492500000000
                    }
                ],
                "materials": [
                    {
                        "id": 3301222353,
                        "type": "5\u2605 Common Crystal",
                        "grade": 5,
                        "rarity": 1,
                        "value": 47800
                    }
                ],
                "others": []
            },
            "rewards": null
        }
    ]
}