{
    "id": 65,
    "name": "Dilithium Generator G",
    "description": "Produces Dilithium, a crystalline mineral required when building buildings and advanced ship components. Upgrading Dilithium Generators increases the amount of Dilithium that is produced.",
    "group": 8,
    "start_level": 0,
    "bonuses": [
        {
            "id": 1,
            "name": "Dilithium Production",
            "is_percentage": false
        },
        {
            "id": 2,
            "name": "Dilithium Storage",
            "is_percentage": false
        }
    ],
    "levels": [
        {
            "level": 1,
            "power": 10,
            "increased_power": 10,
            "build_time": 45,
            "bonuses": [
                {
                    "id": 1,
                    "value": 2.0
                },
                {
                    "id": 2,
                    "value": 1.0
                }
            ],
            "required_ops_level": 50,
            "requirements": [
                {
                    "id": 0,
                    "type": "building",
                    "name": "Operations",
                    "value": 50
                },
                {
                    "id": 63,
                    "type": "building",
                    "name": "Dilithium Generator E",
                    "value": 1
                }
            ],
            "build_costs": {
                "resources": [
                    {
                        "id": 2325683920,
                        "type": "Parsteel",
                        "value": 400
                    },
                    {
                        "id": 743985951,
                        "type": "Tritanium",
                        "value": 300
                    }
                ],
                "materials": [],
                "others": []
            },
            "rewards": null
        },
        {
            "level": 2,
            "power": 20,
            "increased_power": 10,
            "build_time": 120,
            "bonuses": [
                {
                    "id": 1,
                    "value": 4.0
                },
                {
                    "id": 2,
                    "value": 2.0
                }
            ],
            "required_ops_level": 50,
            "requirements": [
                {
                    "id": 0,
                    "type": "building",
                    "name": "Operations",
                    "value": 2
                },
                {
                    "id": 63,
                    "type": "building",
                    "name": "Dilithium Generator E",
                    "value": 2
                }
            ],
            "build_costs": {
                "resources": [
                    {
                        "id": 2325683920,
                        "type": "Parsteel",
                        "value": 500
                    },
                    {
                        "id": 743985951,
                        "type": "Tritanium",
                        "value": 350
                    }
                ],
                "materials": [],
                "others": []
            },
            "rewards": null
        },
        {
            "level": 3,
            "power": 32,
            "increased_power": 12,
            "build_time": 210,
            "bonuses": [
                {
                    "id": 1,
                    "value": 6.0
                },
                {
                    "id": 2,
                    "value": 6.0
                }
            ],
            "required_ops_level": 50,
            "requirements": [
                {
                    "id": 0,
                    "type": "building",
                    "name": "Operations",
                    "value": 3
                },
                {
                    "id": 63,
                    "type": "building",
                    "name": "Dilithium Generator E",
                    "value": 3
                }
            ],
            "build_costs": {
                "resources": [
                    {
                        "id": 2325683920,
                        "type": "Parsteel",
                        "value": 600
                    },
                    {
                        "id": 743985951,
                        "type": "Tritanium",
                        "value": 400
                    }
                ],
                "materials": [],
                "others": []
            },
            "rewards": null
        },
        {
            "level": 4,
            "power": 45,
            "increased_power": 13,
            "build_time": 300,
            "bonuses": [
                {
                    "id": 1,
                    "value": 8.0
                },
                {
                    "id": 2,
                    "value": 13.0
                }
            ],
            "required_ops_level": 50,
            "requirements": [
                {
                    "id": 0,
                    "type": "building",
                    "name": "Operations",
                    "value": 4
                },
                {
                    "id": 63,
                    "type": "building",
                    "name": "Dilithium Generator E",
                    "value": 4
                }
            ],
            "build_costs": {
                "resources": [
                    {
                        "id": 2325683920,
                        "type": "Parsteel",
                        "value": 700
                    },
                    {
                        "id": 743985951,
                        "type": "Tritanium",
                        "value": 450
                    }
                ],
                "materials": [],
                "others": []
            },
            "rewards": null
        },
        {
            "level": 5,
            "power": 60,
            "increased_power": 15,
            "build_time": 540,
            "bonuses": [
                {
                    "id": 1,
                    "value": 12.0
                },
                {
                    "id": 2,
                    "value": 24.0
                }
            ],
            "required_ops_level": 50,
            "requirements": [
                {
                    "id": 0,
                    "type": "building",
                    "name": "Operations",
                    "value": 5
                },
                {
                    "id": 63,
                    "type": "building",
                    "name": "Dilithium Generator E",
                    "value": 5
                }
            ],
            "build_costs": {
                "resources": [
                    {
                        "id": 2325683920,
                        "type": "Parsteel",
                        "value": 800
                    },
                    {
                        "id": 743985951,
                        "type": "Tritanium",
                        "value": 500
                    }
                ],
                "materials": [],
                "others": []
            },
            "rewards": null
        },
        {
            "level": 6,
            "power": 80,
            "increased_power": 20,
            "build_time": 900,
            "bonuses": [
                {
                    "id": 1,
                    "value": 15.0
                },
                {
                    "id": 2,
                    "value": 36.0
                }
            ],
            "required_ops_level": 50,
            "requirements": [
                {
                    "id": 0,
                    "type": "building",
                    "name": "Operations",
                    "value": 6
                },
                {
                    "id": 63,
                    "type": "building",
                    "name": "Dilithium Generator E",
                    "value": 6
                }
            ],
            "build_costs": {
                "resources": [
                    {
                        "id": 2325683920,
                        "type": "Parsteel",
                        "value": 1000
                    },
                    {
                        "id": 743985951,
                        "type": "Tritanium",
                        "value": 550
                    }
                ],
                "materials": [],
                "others": []
            },
            "rewards": null
        },
        {
            "level": 7,
            "power": 100,
            "increased_power": 20,
            "build_time": 1680,
            "bonuses": [
                {
                    "id": 1,
                    "value": 17.0
                },
                {
                    "id": 2,
                    "value": 48.0
                }
            ],
            "required_ops_level": 50,
            "requirements": [
                {
                    "id": 0,
                    "type": "building",
                    "name": "Operations",
                    "value": 7
                },
                {
                    "id": 63,
                    "type": "building",
                    "name": "Dilithium Generator E",
                    "value": 7
                }
            ],
            "build_costs": {
                "resources": [
                    {
                        "id": 2325683920,
                        "type": "Parsteel",
                        "value": 1200
                    },
                    {
                        "id": 743985951,
                        "type": "Tritanium",
                        "value": 600
                    }
                ],
                "materials": [],
                "others": []
            },
            "rewards": null
        },
        {
            "level": 8,
            "power": 130,
            "increased_power": 30,
            "build_time": 2400,
            "bonuses": [
                {
                    "id": 1,
                    "value": 20.0
                },
                {
                    "id": 2,
                    "value": 64.0
                }
            ],
            "required_ops_level": 50,
            "requirements": [
                {
                    "id": 0,
                    "type": "building",
                    "name": "Operations",
                    "value": 8
                },
                {
                    "id": 63,
                    "type": "building",
                    "name": "Dilithium Generator E",
                    "value": 8
                }
            ],
            "build_costs": {
                "resources": [
                    {
                        "id": 2325683920,
                        "type": "Parsteel",
                        "value": 1400
                    },
                    {
                        "id": 743985951,
                        "type": "Tritanium",
                        "value": 650
                    }
                ],
                "materials": [],
                "others": []
            },
            "rewards": null
        },
        {
            "level": 9,
            "power": 170,
            "increased_power": 40,
            "build_time": 3600,
            "bonuses": [
                {
                    "id": 1,
                    "value": 22.0
                },
                {
                    "id": 2,
                    "value": 79.0
                }
            ],
            "required_ops_level": 50,
            "requirements": [
                {
                    "id": 0,
                    "type": "building",
                    "name": "Operations",
                    "value": 9
                },
                {
                    "id": 63,
                    "type": "building",
                    "name": "Dilithium Generator E",
                    "value": 9
                }
            ],
            "build_costs": {
                "resources": [
                    {
                        "id": 2325683920,
                        "type": "Parsteel",
                        "value": 1600
                    },
                    {
                        "id": 743985951,
                        "type": "Tritanium",
                        "value": 700
                    }
                ],
                "materials": [],
                "others": []
            },
            "rewards": null
        },
        {
            "level": 10,
            "power": 210,
            "increased_power": 40,
            "build_time": 3960,
            "bonuses": [
                {
                    "id": 1,
                    "value": 37.0
                },
                {
                    "id": 2,
                    "value": 150.0
                }
            ],
            "required_ops_level": 50,
            "requirements": [
                {
                    "id": 0,
                    "type": "building",
                    "name": "Operations",
                    "value": 10
                },
                {
                    "id": 63,
                    "type": "building",
                    "name": "Dilithium Generator E",
                    "value": 10
                }
            ],
            "build_costs": {
                "resources": [
                    {
                        "id": 2325683920,
                        "type": "Parsteel",
                        "value": 2000
                    },
                    {
                        "id": 743985951,
                        "type": "Tritanium",
                        "value": 1500
                    }
                ],
                "materials": [],
                "others": []
            },
            "rewards": null
        },
        {
            "level": 11,
            "power": 260,
            "increased_power": 50,
            "build_time": 4080,
            "bonuses": [
                {
                    "id": 1,
                    "value": 40.0
                },
                {
                    "id": 2,
                    "value": 170.0
                }
            ],
            "required_ops_level": 50,
            "requirements": [
                {
                    "id": 0,
                    "type": "building",
                    "name": "Operations",
                    "value": 11
                },
                {
                    "id": 63,
                    "type": "building",
                    "name": "Dilithium Generator E",
                    "value": 11
                }
            ],
            "build_costs": {
                "resources": [
                    {
                        "id": 2325683920,
                        "type": "Parsteel",
                        "value": 2720
                    },
                    {
                        "id": 743985951,
                        "type": "Tritanium",
                        "value": 2000
                    }
                ],
                "materials": [],
                "others": []
            },
            "rewards": null
        },
        {
            "level": 12,
            "power": 330,
            "increased_power": 70,
            "build_time": 7500,
            "bonuses": [
                {
                    "id": 1,
                    "value": 44.0
                },
                {
                    "id": 2,
                    "value": 195.0
                }
            ],
            "required_ops_level": 50,
            "requirements": [
                {
                    "id": 0,
                    "type": "building",
                    "name": "Operations",
                    "value": 12
                },
                {
                    "id": 63,
                    "type": "building",
                    "name": "Dilithium Generator E",
                    "value": 12
                }
            ],
            "build_costs": {
                "resources": [
                    {
                        "id": 2325683920,
                        "type": "Parsteel",
                        "value": 3740
                    },
                    {
                        "id": 743985951,
                        "type": "Tritanium",
                        "value": 2750
                    }
                ],
                "materials": [],
                "others": []
            },
            "rewards": null
        },
        {
            "level": 13,
            "power": 400,
            "increased_power": 70,
            "build_time": 11100,
            "bonuses": [
                {
                    "id": 1,
                    "value": 48.0
                },
                {
                    "id": 2,
                    "value": 230.0
                }
            ],
            "required_ops_level": 50,
            "requirements": [
                {
                    "id": 0,
                    "type": "building",
                    "name": "Operations",
                    "value": 13
                },
                {
                    "id": 63,
                    "type": "building",
                    "name": "Dilithium Generator E",
                    "value": 13
                }
            ],
            "build_costs": {
                "resources": [
                    {
                        "id": 2325683920,
                        "type": "Parsteel",
                        "value": 5440
                    },
                    {
                        "id": 743985951,
                        "type": "Tritanium",
                        "value": 4000
                    }
                ],
                "materials": [],
                "others": []
            },
            "rewards": null
        },
        {
            "level": 14,
            "power": 490,
            "increased_power": 90,
            "build_time": 15300,
            "bonuses": [
                {
                    "id": 1,
                    "value": 52.0
                },
                {
                    "id": 2,
                    "value": 280.0
                }
            ],
            "required_ops_level": 50,
            "requirements": [
                {
                    "id": 0,
                    "type": "building",
                    "name": "Operations",
                    "value": 14
                },
                {
                    "id": 63,
                    "type": "building",
                    "name": "Dilithium Generator E",
                    "value": 14
                }
            ],
            "build_costs": {
                "resources": [
                    {
                        "id": 2325683920,
                        "type": "Parsteel",
                        "value": 7480
                    },
                    {
                        "id": 743985951,
                        "type": "Tritanium",
                        "value": 5500
                    }
                ],
                "materials": [],
                "others": []
            },
            "rewards": null
        },
        {
            "level": 15,
            "power": 575,
            "increased_power": 85,
            "build_time": 19800,
            "bonuses": [
                {
                    "id": 1,
                    "value": 61.0
                },
                {
                    "id": 2,
                    "value": 355.0
                }
            ],
            "required_ops_level": 50,
            "requirements": [
                {
                    "id": 0,
                    "type": "building",
                    "name": "Operations",
                    "value": 15
                },
                {
                    "id": 63,
                    "type": "building",
                    "name": "Dilithium Generator E",
                    "value": 15
                }
            ],
            "build_costs": {
                "resources": [
                    {
                        "id": 2325683920,
                        "type": "Parsteel",
                        "value": 10200
                    },
                    {
                        "id": 743985951,
                        "type": "Tritanium",
                        "value": 7500
                    }
                ],
                "materials": [],
                "others": []
            },
            "rewards": null
        },
        {
            "level": 16,
            "power": 700,
            "increased_power": 125,
            "build_time": 23040,
            "bonuses": [
                {
                    "id": 1,
                    "value": 66.0
                },
                {
                    "id": 2,
                    "value": 410.0
                }
            ],
            "required_ops_level": 50,
            "requirements": [
                {
                    "id": 0,
                    "type": "building",
                    "name": "Operations",
                    "value": 16
                },
                {
                    "id": 63,
                    "type": "building",
                    "name": "Dilithium Generator E",
                    "value": 16
                }
            ],
            "build_costs": {
                "resources": [
                    {
                        "id": 2325683920,
                        "type": "Parsteel",
                        "value": 13600
                    },
                    {
                        "id": 743985951,
                        "type": "Tritanium",
                        "value": 10000
                    }
                ],
                "materials": [],
                "others": []
            },
            "rewards": null
        },
        {
            "level": 17,
            "power": 825,
            "increased_power": 125,
            "build_time": 25200,
            "bonuses": [
                {
                    "id": 1,
                    "value": 70.0
                },
                {
                    "id": 2,
                    "value": 460.0
                }
            ],
            "required_ops_level": 50,
            "requirements": [
                {
                    "id": 0,
                    "type": "building",
                    "name": "Operations",
                    "value": 17
                },
                {
                    "id": 63,
                    "type": "building",
                    "name": "Dilithium Generator E",
                    "value": 17
                }
            ],
            "build_costs": {
                "resources": [
                    {
                        "id": 2325683920,
                        "type": "Parsteel",
                        "value": 19040
                    },
                    {
                        "id": 743985951,
                        "type": "Tritanium",
                        "value": 14000
                    }
                ],
                "materials": [],
                "others": []
            },
            "rewards": null
        },
        {
            "level": 18,
            "power": 975,
            "increased_power": 150,
            "build_time": 38160,
            "bonuses": [
                {
                    "id": 1,
                    "value": 74.0
                },
                {
                    "id": 2,
                    "value": 530.0
                }
            ],
            "required_ops_level": 50,
            "requirements": [
                {
                    "id": 0,
                    "type": "building",
                    "name": "Operations",
                    "value": 18
                },
                {
                    "id": 63,
                    "type": "building",
                    "name": "Dilithium Generator E",
                    "value": 18
                }
            ],
            "build_costs": {
                "resources": [
                    {
                        "id": 2325683920,
                        "type": "Parsteel",
                        "value": 27200
                    },
                    {
                        "id": 743985951,
                        "type": "Tritanium",
                        "value": 20000
                    }
                ],
                "materials": [],
                "others": []
            },
            "rewards": null
        },
        {
            "level": 19,
            "power": 1150,
            "increased_power": 175,
            "build_time": 55440,
            "bonuses": [
                {
                    "id": 1,
                    "value": 78.0
                },
                {
                    "id": 2,
                    "value": 590.0
                }
            ],
            "required_ops_level": 50,
            "requirements": [
                {
                    "id": 0,
                    "type": "building",
                    "name": "Operations",
                    "value": 19
                },
                {
                    "id": 63,
                    "type": "building",
                    "name": "Dilithium Generator E",
                    "value": 19
                }
            ],
            "build_costs": {
                "resources": [
                    {
                        "id": 2325683920,
                        "type": "Parsteel",
                        "value": 40800
                    },
                    {
                        "id": 743985951,
                        "type": "Tritanium",
                        "value": 30000
                    }
                ],
                "materials": [],
                "others": []
            },
            "rewards": null
        },
        {
            "level": 20,
            "power": 1350,
            "increased_power": 200,
            "build_time": 83520,
            "bonuses": [
                {
                    "id": 1,
                    "value": 98.0
                },
                {
                    "id": 2,
                    "value": 780.0
                }
            ],
            "required_ops_level": 50,
            "requirements": [
                {
                    "id": 0,
                    "type": "building",
                    "name": "Operations",
                    "value": 20
                },
                {
                    "id": 63,
                    "type": "building",
                    "name": "Dilithium Generator E",
                    "value": 20
                }
            ],
            "build_costs": {
                "resources": [
                    {
                        "id": 2325683920,
                        "type": "Parsteel",
                        "value": 57800
                    },
                    {
                        "id": 743985951,
                        "type": "Tritanium",
                        "value": 42500
                    }
                ],
                "materials": [],
                "others": []
            },
            "rewards": null
        },
        {
            "level": 21,
            "power": 1600,
            "increased_power": 250,
            "build_time": 76320,
            "bonuses": [
                {
                    "id": 1,
                    "value": 105.0
                },
                {
                    "id": 2,
                    "value": 860.0
                }
            ],
            "required_ops_level": 50,
            "requirements": [
                {
                    "id": 0,
                    "type": "building",
                    "name": "Operations",
                    "value": 21
                },
                {
                    "id": 63,
                    "type": "building",
                    "name": "Dilithium Generator E",
                    "value": 21
                }
            ],
            "build_costs": {
                "resources": [
                    {
                        "id": 2325683920,
                        "type": "Parsteel",
                        "value": 97308
                    },
                    {
                        "id": 743985951,
                        "type": "Tritanium",
                        "value": 71550
                    }
                ],
                "materials": [],
                "others": []
            },
            "rewards": null
        },
        {
            "level": 22,
            "power": 1800,
            "increased_power": 200,
            "build_time": 118800,
            "bonuses": [
                {
                    "id": 1,
                    "value": 110.0
                },
                {
                    "id": 2,
                    "value": 900.0
                }
            ],
            "required_ops_level": 50,
            "requirements": [
                {
                    "id": 0,
                    "type": "building",
                    "name": "Operations",
                    "value": 22
                },
                {
                    "id": 63,
                    "type": "building",
                    "name": "Dilithium Generator E",
                    "value": 22
                }
            ],
            "build_costs": {
                "resources": [
                    {
                        "id": 2325683920,
                        "type": "Parsteel",
                        "value": 151368
                    },
                    {
                        "id": 743985951,
                        "type": "Tritanium",
                        "value": 111300
                    }
                ],
                "materials": [],
                "others": []
            },
            "rewards": null
        },
        {
            "level": 23,
            "power": 2100,
            "increased_power": 300,
            "build_time": 139680,
            "bonuses": [
                {
                    "id": 1,
                    "value": 115.0
                },
                {
                    "id": 2,
                    "value": 970.0
                }
            ],
            "required_ops_level": 50,
            "requirements": [
                {
                    "id": 0,
                    "type": "building",
                    "name": "Operations",
                    "value": 23
                },
                {
                    "id": 63,
                    "type": "building",
                    "name": "Dilithium Generator E",
                    "value": 23
                }
            ],
            "build_costs": {
                "resources": [
                    {
                        "id": 2325683920,
                        "type": "Parsteel",
                        "value": 249084
                    },
                    {
                        "id": 743985951,
                        "type": "Tritanium",
                        "value": 183150
                    }
                ],
                "materials": [],
                "others": []
            },
            "rewards": null
        },
        {
            "level": 24,
            "power": 2300,
            "increased_power": 200,
            "build_time": 171360,
            "bonuses": [
                {
                    "id": 1,
                    "value": 120.0
                },
                {
                    "id": 2,
                    "value": 1010.0
                }
            ],
            "required_ops_level": 50,
            "requirements": [
                {
                    "id": 0,
                    "type": "building",
                    "name": "Operations",
                    "value": 24
                },
                {
                    "id": 63,
                    "type": "building",
                    "name": "Dilithium Generator E",
                    "value": 24
                }
            ],
            "build_costs": {
                "resources": [
                    {
                        "id": 2325683920,
                        "type": "Parsteel",
                        "value": 392496
                    },
                    {
                        "id": 743985951,
                        "type": "Tritanium",
                        "value": 288600
                    }
                ],
                "materials": [],
                "others": []
            },
            "rewards": null
        },
        {
            "level": 25,
            "power": 2700,
            "increased_power": 400,
            "build_time": 158400,
            "bonuses": [
                {
                    "id": 1,
                    "value": 145.0
                },
                {
                    "id": 2,
                    "value": 1250.0
                }
            ],
            "required_ops_level": 50,
            "requirements": [
                {
                    "id": 0,
                    "type": "building",
                    "name": "Operations",
                    "value": 25
                },
                {
                    "id": 63,
                    "type": "building",
                    "name": "Dilithium Generator E",
                    "value": 25
                }
            ],
            "build_costs": {
                "resources": [
                    {
                        "id": 2325683920,
                        "type": "Parsteel",
                        "value": 636480
                    },
                    {
                        "id": 743985951,
                        "type": "Tritanium",
                        "value": 468000
                    }
                ],
                "materials": [],
                "others": []
            },
            "rewards": null
        },
        {
            "level": 26,
            "power": 3000,
            "increased_power": 300,
            "build_time": 216000,
            "bonuses": [
                {
                    "id": 1,
                    "value": 150.0
                },
                {
                    "id": 2,
                    "value": 1290.0
                }
            ],
            "required_ops_level": 50,
            "requirements": [
                {
                    "id": 0,
                    "type": "building",
                    "name": "Operations",
                    "value": 26
                },
                {
                    "id": 63,
                    "type": "building",
                    "name": "Dilithium Generator E",
                    "value": 26
                }
            ],
            "build_costs": {
                "resources": [
                    {
                        "id": 2325683920,
                        "type": "Parsteel",
                        "value": 994500
                    },
                    {
                        "id": 743985951,
                        "type": "Tritanium",
                        "value": 731250
                    }
                ],
                "materials": [],
                "others": []
            },
            "rewards": null
        },
        {
            "level": 27,
            "power": 3400,
            "increased_power": 400,
            "build_time": 244800,
            "bonuses": [
                {
                    "id": 1,
                    "value": 155.0
                },
                {
                    "id": 2,
                    "value": 1360.0
                }
            ],
            "required_ops_level": 50,
            "requirements": [
                {
                    "id": 0,
                    "type": "building",
                    "name": "Operations",
                    "value": 27
                },
                {
                    "id": 63,
                    "type": "building",
                    "name": "Dilithium Generator E",
                    "value": 27
                }
            ],
            "build_costs": {
                "resources": [
                    {
                        "id": 2325683920,
                        "type": "Parsteel",
                        "value": 1517760
                    },
                    {
                        "id": 743985951,
                        "type": "Tritanium",
                        "value": 1116000
                    }
                ],
                "materials": [],
                "others": []
            },
            "rewards": null
        },
        {
            "level": 28,
            "power": 3800,
            "increased_power": 400,
            "build_time": 285120,
            "bonuses": [
                {
                    "id": 1,
                    "value": 160.0
                },
                {
                    "id": 2,
                    "value": 1400.0
                }
            ],
            "required_ops_level": 50,
            "requirements": [
                {
                    "id": 0,
                    "type": "building",
                    "name": "Operations",
                    "value": 28
                },
                {
                    "id": 63,
                    "type": "building",
                    "name": "Dilithium Generator E",
                    "value": 28
                }
            ],
            "build_costs": {
                "resources": [
                    {
                        "id": 2325683920,
                        "type": "Parsteel",
                        "value": 2276640
                    },
                    {
                        "id": 743985951,
                        "type": "Tritanium",
                        "value": 1674000
                    }
                ],
                "materials": [],
                "others": []
            },
            "rewards": null
        },
        {
            "level": 29,
            "power": 4300,
            "increased_power": 500,
            "build_time": 313920,
            "bonuses": [
                {
                    "id": 1,
                    "value": 165.0
                },
                {
                    "id": 2,
                    "value": 1475.0
                }
            ],
            "required_ops_level": 50,
            "requirements": [
                {
                    "id": 0,
                    "type": "building",
                    "name": "Operations",
                    "value": 29
                },
                {
                    "id": 63,
                    "type": "building",
                    "name": "Dilithium Generator E",
                    "value": 29
                }
            ],
            "build_costs": {
                "resources": [
                    {
                        "id": 2325683920,
                        "type": "Parsteel",
                        "value": 3624400
                    },
                    {
                        "id": 743985951,
                        "type": "Tritanium",
                        "value": 2665000
                    }
                ],
                "materials": [],
                "others": []
            },
            "rewards": null
        },
        {
            "level": 30,
            "power": 4700,
            "increased_power": 400,
            "build_time": 339840,
            "bonuses": [
                {
                    "id": 1,
                    "value": 195.0
                },
                {
                    "id": 2,
                    "value": 1750.0
                }
            ],
            "required_ops_level": 50,
            "requirements": [
                {
                    "id": 0,
                    "type": "building",
                    "name": "Operations",
                    "value": 30
                },
                {
                    "id": 63,
                    "type": "building",
                    "name": "Dilithium Generator E",
                    "value": 30
                }
            ],
            "build_costs": {
                "resources": [
                    {
                        "id": 2325683920,
                        "type": "Parsteel",
                        "value": 5304000
                    },
                    {
                        "id": 743985951,
                        "type": "Tritanium",
                        "value": 3900000
                    }
                ],
                "materials": [],
                "others": []
            },
            "rewards": null
        },
        {
            "level": 31,
            "power": 5250,
            "increased_power": 550,
            "build_time": 446400,
            "bonuses": [
                {
                    "id": 1,
                    "value": 205.0
                },
                {
                    "id": 2,
                    "value": 1850.0
                }
            ],
            "required_ops_level": 50,
            "requirements": [
                {
                    "id": 0,
                    "type": "building",
                    "name": "Operations",
                    "value": 31
                },
                {
                    "id": 63,
                    "type": "building",
                    "name": "Dilithium Generator E",
                    "value": 31
                }
            ],
            "build_costs": {
                "resources": [
                    {
                        "id": 2325683920,
                        "type": "Parsteel",
                        "value": 8384400
                    },
                    {
                        "id": 743985951,
                        "type": "Tritanium",
                        "value": 6165000
                    }
                ],
                "materials": [],
                "others": []
            },
            "rewards": null
        },
        {
            "level": 32,
            "power": 5750,
            "increased_power": 500,
            "build_time": 436320,
            "bonuses": [
                {
                    "id": 1,
                    "value": 210.0
                },
                {
                    "id": 2,
                    "value": 2052.0
                }
            ],
            "required_ops_level": 50,
            "requirements": [
                {
                    "id": 0,
                    "type": "building",
                    "name": "Operations",
                    "value": 32
                },
                {
                    "id": 63,
                    "type": "building",
                    "name": "Dilithium Generator E",
                    "value": 32
                }
            ],
            "build_costs": {
                "resources": [
                    {
                        "id": 2325683920,
                        "type": "Parsteel",
                        "value": 12110800
                    },
                    {
                        "id": 743985951,
                        "type": "Tritanium",
                        "value": 8905000
                    }
                ],
                "materials": [],
                "others": []
            },
            "rewards": null
        },
        {
            "level": 33,
            "power": 6500,
            "increased_power": 750,
            "build_time": 633600,
            "bonuses": [
                {
                    "id": 1,
                    "value": 215.0
                },
                {
                    "id": 2,
                    "value": 2233.0
                }
            ],
            "required_ops_level": 50,
            "requirements": [
                {
                    "id": 0,
                    "type": "building",
                    "name": "Operations",
                    "value": 33
                },
                {
                    "id": 63,
                    "type": "building",
                    "name": "Dilithium Generator E",
                    "value": 33
                }
            ],
            "build_costs": {
                "resources": [
                    {
                        "id": 2325683920,
                        "type": "Parsteel",
                        "value": 18734000
                    },
                    {
                        "id": 743985951,
                        "type": "Tritanium",
                        "value": 13775000
                    }
                ],
                "materials": [],
                "others": []
            },
            "rewards": null
        },
        {
            "level": 34,
            "power": 7000,
            "increased_power": 500,
            "build_time": 839520,
            "bonuses": [
                {
                    "id": 1,
                    "value": 225.0
                },
                {
                    "id": 2,
                    "value": 2349.0
                }
            ],
            "required_ops_level": 50,
            "requirements": [
                {
                    "id": 0,
                    "type": "building",
                    "name": "Operations",
                    "value": 34
                },
                {
                    "id": 63,
                    "type": "building",
                    "name": "Dilithium Generator E",
                    "value": 34
                }
            ],
            "build_costs": {
                "resources": [
                    {
                        "id": 2325683920,
                        "type": "Parsteel",
                        "value": 29580000
                    },
                    {
                        "id": 743985951,
                        "type": "Tritanium",
                        "value": 21750000
                    }
                ],
                "materials": [],
                "others": []
            },
            "rewards": null
        },
        {
            "level": 35,
            "power": 7750,
            "increased_power": 750,
            "build_time": 1107360,
            "bonuses": [
                {
                    "id": 1,
                    "value": 260.0
                },
                {
                    "id": 2,
                    "value": 2914.0
                }
            ],
            "required_ops_level": 50,
            "requirements": [
                {
                    "id": 0,
                    "type": "building",
                    "name": "Operations",
                    "value": 35
                },
                {
                    "id": 63,
                    "type": "building",
                    "name": "Dilithium Generator E",
                    "value": 35
                }
            ],
            "build_costs": {
                "resources": [
                    {
                        "id": 2325683920,
                        "type": "Parsteel",
                        "value": 45777600
                    },
                    {
                        "id": 743985951,
                        "type": "Tritanium",
                        "value": 33660000
                    }
                ],
                "materials": [],
                "others": []
            },
            "rewards": null
        },
        {
            "level": 36,
            "power": 8500,
            "increased_power": 750,
            "build_time": 1414080,
            "bonuses": [
                {
                    "id": 1,
                    "value": 265.0
                },
                {
                    "id": 2,
                    "value": 3159.0
                }
            ],
            "required_ops_level": 50,
            "requirements": [
                {
                    "id": 0,
                    "type": "building",
                    "name": "Operations",
                    "value": 36
                },
                {
                    "id": 63,
                    "type": "building",
                    "name": "Dilithium Generator E",
                    "value": 36
                }
            ],
            "build_costs": {
                "resources": [
                    {
                        "id": 2325683920,
                        "type": "Parsteel",
                        "value": 64504800
                    },
                    {
                        "id": 743985951,
                        "type": "Tritanium",
                        "value": 47430000
                    }
                ],
                "materials": [],
                "others": []
            },
            "rewards": null
        },
        {
            "level": 37,
            "power": 9250,
            "increased_power": 750,
            "build_time": 1461600,
            "bonuses": [
                {
                    "id": 1,
                    "value": 275.0
                },
                {
                    "id": 2,
                    "value": 3292.0
                }
            ],
            "required_ops_level": 50,
            "requirements": [
                {
                    "id": 0,
                    "type": "building",
                    "name": "Operations",
                    "value": 37
                },
                {
                    "id": 63,
                    "type": "building",
                    "name": "Dilithium Generator E",
                    "value": 37
                }
            ],
            "build_costs": {
                "resources": [
                    {
                        "id": 2325683920,
                        "type": "Parsteel",
                        "value": 99144000
                    },
                    {
                        "id": 743985951,
                        "type": "Tritanium",
                        "value": 72900000
                    }
                ],
                "materials": [],
                "others": []
            },
            "rewards": null
        },
        {
            "level": 38,
            "power": 10250,
            "increased_power": 1000,
            "build_time": 2370240,
            "bonuses": [
                {
                    "id": 1,
                    "value": 280.0
                },
                {
                    "id": 2,
                    "value": 3586.0
                }
            ],
            "required_ops_level": 50,
            "requirements": [
                {
                    "id": 0,
                    "type": "building",
                    "name": "Operations",
                    "value": 38
                },
                {
                    "id": 63,
                    "type": "building",
                    "name": "Dilithium Generator E",
                    "value": 38
                }
            ],
            "build_costs": {
                "resources": [
                    {
                        "id": 2325683920,
                        "type": "Parsteel",
                        "value": 154224000
                    },
                    {
                        "id": 743985951,
                        "type": "Tritanium",
                        "value": 113400000
                    }
                ],
                "materials": [],
                "others": []
            },
            "rewards": null
        },
        {
            "level": 39,
            "power": 11000,
            "increased_power": 750,
            "build_time": 3146400,
            "bonuses": [
                {
                    "id": 1,
                    "value": 290.0
                },
                {
                    "id": 2,
                    "value": 3978.0
                }
            ],
            "required_ops_level": 50,
            "requirements": [
                {
                    "id": 0,
                    "type": "building",
                    "name": "Operations",
                    "value": 39
                },
                {
                    "id": 63,
                    "type": "building",
                    "name": "Dilithium Generator E",
                    "value": 39
                }
            ],
            "build_costs": {
                "resources": [
                    {
                        "id": 2325683920,
                        "type": "Parsteel",
                        "value": 263160000
                    },
                    {
                        "id": 743985951,
                        "type": "Tritanium",
                        "value": 193500000
                    }
                ],
                "materials": [],
                "others": []
            },
            "rewards": null
        },
        {
            "level": 40,
            "power": 12000,
            "increased_power": 1000,
            "build_time": 5584320,
            "bonuses": [
                {
                    "id": 1,
                    "value": 365.0
                },
                {
                    "id": 2,
                    "value": 5011.0
                }
            ],
            "required_ops_level": 50,
            "requirements": [
                {
                    "id": 0,
                    "type": "building",
                    "name": "Operations",
                    "value": 40
                },
                {
                    "id": 63,
                    "type": "building",
                    "name": "Dilithium Generator E",
                    "value": 40
                }
            ],
            "build_costs": {
                "resources": [
                    {
                        "id": 2325683920,
                        "type": "Parsteel",
                        "value": 1146208000
                    },
                    {
                        "id": 743985951,
                        "type": "Tritanium",
                        "value": 301000000
                    }
                ],
                "materials": [],
                "others": []
            },
            "rewards": null
        },
        {
            "level": 41,
            "power": 13000,
            "increased_power": 1000,
            "build_time": 5234400,
            "bonuses": [
                {
                    "id": 1,
                    "value": 370.0
                },
                {
                    "id": 2,
                    "value": 5486.0
                }
            ],
            "required_ops_level": 50,
            "requirements": [
                {
                    "id": 0,
                    "type": "building",
                    "name": "Operations",
                    "value": 41
                },
                {
                    "id": 63,
                    "type": "building",
                    "name": "Dilithium Generator E",
                    "value": 41
                }
            ],
            "build_costs": {
                "resources": [
                    {
                        "id": 2325683920,
                        "type": "Parsteel",
                        "value": 1169600000
                    },
                    {
                        "id": 743985951,
                        "type": "Tritanium",
                        "value": 430000000
                    }
                ],
                "materials": [],
                "others": []
            },
            "rewards": null
        },
        {
            "level": 42,
            "power": 14000,
            "increased_power": 1000,
            "build_time": 8045280,
            "bonuses": [
                {
                    "id": 1,
                    "value": 380.0
                },
                {
                    "id": 2,
                    "value": 6199.0
                }
            ],
            "required_ops_level": 50,
            "requirements": [
                {
                    "id": 0,
                    "type": "building",
                    "name": "Operations",
                    "value": 42
                },
                {
                    "id": 63,
                    "type": "building",
                    "name": "Dilithium Generator E",
                    "value": 42
                }
            ],
            "build_costs": {
                "resources": [
                    {
                        "id": 2325683920,
                        "type": "Parsteel",
                        "value": 1742160000
                    },
                    {
                        "id": 743985951,
                        "type": "Tritanium",
                        "value": 640500000
                    }
                ],
                "materials": [],
                "others": []
            },
            "rewards": null
        },
        {
            "level": 43,
            "power": 15250,
            "increased_power": 1250,
            "build_time": 10630080,
            "bonuses": [
                {
                    "id": 1,
                    "value": 390.0
                },
                {
                    "id": 2,
                    "value": 6335.0
                }
            ],
            "required_ops_level": 50,
            "requirements": [
                {
                    "id": 0,
                    "type": "building",
                    "name": "Operations",
                    "value": 43
                },
                {
                    "id": 63,
                    "type": "building",
                    "name": "Dilithium Generator E",
                    "value": 43
                }
            ],
            "build_costs": {
                "resources": [
                    {
                        "id": 2325683920,
                        "type": "Parsteel",
                        "value": 2488800000
                    },
                    {
                        "id": 743985951,
                        "type": "Tritanium",
                        "value": 915000000
                    }
                ],
                "materials": [],
                "others": []
            },
            "rewards": null
        },
        {
            "level": 44,
            "power": 16500,
            "increased_power": 1250,
            "build_time": 13874400,
            "bonuses": [
                {
                    "id": 1,
                    "value": 400.0
                },
                {
                    "id": 2,
                    "value": 7200.0
                }
            ],
            "required_ops_level": 50,
            "requirements": [
                {
                    "id": 0,
                    "type": "building",
                    "name": "Operations",
                    "value": 44
                },
                {
                    "id": 63,
                    "type": "building",
                    "name": "Dilithium Generator E",
                    "value": 44
                }
            ],
            "build_costs": {
                "resources": [
                    {
                        "id": 2325683920,
                        "type": "Parsteel",
                        "value": 3733200000
                    },
                    {
                        "id": 743985951,
                        "type": "Tritanium",
                        "value": 1372500000
                    }
                ],
                "materials": [],
                "others": []
            },
            "rewards": null
        },
        {
            "level": 45,
            "power": 17750,
            "increased_power": 1250,
            "build_time": 17912160,
            "bonuses": [
                {
                    "id": 1,
                    "value": 465.0
                },
                {
                    "id": 2,
                    "value": 9394.0
                }
            ],
            "required_ops_level": 50,
            "requirements": [
                {
                    "id": 0,
                    "type": "building",
                    "name": "Operations",
                    "value": 45
                },
                {
                    "id": 63,
                    "type": "building",
                    "name": "Dilithium Generator E",
                    "value": 45
                }
            ],
            "build_costs": {
                "resources": [
                    {
                        "id": 2325683920,
                        "type": "Parsteel",
                        "value": 5304000000
                    },
                    {
                        "id": 743985951,
                        "type": "Tritanium",
                        "value": 1950000000
                    }
                ],
                "materials": [],
                "others": []
            },
            "rewards": null
        },
        {
            "level": 46,
            "power": 19000,
            "increased_power": 1250,
            "build_time": 22896000,
            "bonuses": [
                {
                    "id": 1,
                    "value": 475.0
                },
                {
                    "id": 2,
                    "value": 9619.0
                }
            ],
            "required_ops_level": 50,
            "requirements": [
                {
                    "id": 0,
                    "type": "building",
                    "name": "Operations",
                    "value": 46
                },
                {
                    "id": 63,
                    "type": "building",
                    "name": "Dilithium Generator E",
                    "value": 46
                }
            ],
            "build_costs": {
                "resources": [
                    {
                        "id": 2325683920,
                        "type": "Parsteel",
                        "value": 7293000000
                    },
                    {
                        "id": 743985951,
                        "type": "Tritanium",
                        "value": 2681250000
                    }
                ],
                "materials": [],
                "others": []
            },
            "rewards": null
        },
        {
            "level": 47,
            "power": 20500,
            "increased_power": 1500,
            "build_time": 29004480,
            "bonuses": [
                {
                    "id": 1,
                    "value": 485.0
                },
                {
                    "id": 2,
                    "value": 9844.0
                }
            ],
            "required_ops_level": 50,
            "requirements": [
                {
                    "id": 0,
                    "type": "building",
                    "name": "Operations",
                    "value": 47
                },
                {
                    "id": 63,
                    "type": "building",
                    "name": "Dilithium Generator E",
                    "value": 47
                }
            ],
            "build_costs": {
                "resources": [
                    {
                        "id": 2325683920,
                        "type": "Parsteel",
                        "value": 10608000000
                    },
                    {
                        "id": 743985951,
                        "type": "Tritanium",
                        "value": 3900000000
                    }
                ],
                "materials": [],
                "others": []
            },
            "rewards": null
        },
        {
            "level": 48,
            "power": 22000,
            "increased_power": 1500,
            "build_time": 36440640,
            "bonuses": [
                {
                    "id": 1,
                    "value": 495.0
                },
                {
                    "id": 2,
                    "value": 10013.0
                }
            ],
            "required_ops_level": 50,
            "requirements": [
                {
                    "id": 0,
                    "type": "building",
                    "name": "Operations",
                    "value": 48
                },
                {
                    "id": 63,
                    "type": "building",
                    "name": "Dilithium Generator E",
                    "value": 48
                }
            ],
            "build_costs": {
                "resources": [
                    {
                        "id": 2325683920,
                        "type": "Parsteel",
                        "value": 17136000000
                    },
                    {
                        "id": 743985951,
                        "type": "Tritanium",
                        "value": 6300000000
                    }
                ],
                "materials": [],
                "others": []
            },
            "rewards": null
        },
        {
            "level": 49,
            "power": 23500,
            "increased_power": 1500,
            "build_time": 45434880,
            "bonuses": [
                {
                    "id": 1,
                    "value": 510.0
                },
                {
                    "id": 2,
                    "value": 10350.0
                }
            ],
            "required_ops_level": 50,
            "requirements": [
                {
                    "id": 0,
                    "type": "building",
                    "name": "Operations",
                    "value": 49
                },
                {
                    "id": 63,
                    "type": "building",
                    "name": "Dilithium Generator E",
                    "value": 49
                }
            ],
            "build_costs": {
                "resources": [
                    {
                        "id": 2325683920,
                        "type": "Parsteel",
                        "value": 28560000000
                    },
                    {
                        "id": 743985951,
                        "type": "Tritanium",
                        "value": 10500000000
                    }
                ],
                "materials": [],
                "others": []
            },
            "rewards": null
        },
        {
            "level": 50,
            "power": 25000,
            "increased_power": 1500,
            "build_time": 56250720,
            "bonuses": [
                {
                    "id": 1,
                    "value": 620.0
                },
                {
                    "id": 2,
                    "value": 12600.0
                }
            ],
            "required_ops_level": 50,
            "requirements": [
                {
                    "id": 0,
                    "type": "building",
                    "name": "Operations",
                    "value": 50
                },
                {
                    "id": 63,
                    "type": "building",
                    "name": "Dilithium Generator E",
                    "value": 50
                }
            ],
            "build_costs": {
                "resources": [
                    {
                        "id": 2325683920,
                        "type": "Parsteel",
                        "value": 49980000000
                    },
                    {
                        "id": 743985951,
                        "type": "Tritanium",
                        "value": 18375000000
                    }
                ],
                "materials": [],
                "others": []
            },
            "rewards": null
        },
        {
            "level": 51,
            "power": 27000,
            "increased_power": 2000,
            "build_time": 59626080,
            "bonuses": [
                {
                    "id": 1,
                    "value": 635.0
                },
                {
                    "id": 2,
                    "value": 12891.0
                }
            ],
            "required_ops_level": 51,
            "requirements": [
                {
                    "id": 0,
                    "type": "building",
                    "name": "Operations",
                    "value": 51
                },
                {
                    "id": 63,
                    "type": "building",
                    "name": "Dilithium Generator E",
                    "value": 51
                }
            ],
            "build_costs": {
                "resources": [
                    {
                        "id": 2325683920,
                        "type": "Parsteel",
                        "value": 249288000000
                    },
                    {
                        "id": 743985951,
                        "type": "Tritanium",
                        "value": 39000000000
                    }
                ],
                "materials": [],
                "others": []
            },
            "rewards": null
        },
        {
            "level": 52,
            "power": 28500,
            "increased_power": 1500,
            "build_time": 63204480,
            "bonuses": [
                {
                    "id": 1,
                    "value": 650.0
                },
                {
                    "id": 2,
                    "value": 13195.0
                }
            ],
            "required_ops_level": 52,
            "requirements": [
                {
                    "id": 0,
                    "type": "building",
                    "name": "Operations",
                    "value": 52
                },
                {
                    "id": 63,
                    "type": "building",
                    "name": "Dilithium Generator E",
                    "value": 52
                }
            ],
            "build_costs": {
                "resources": [
                    {
                        "id": 2325683920,
                        "type": "Parsteel",
                        "value": 450840000000
                    },
                    {
                        "id": 743985951,
                        "type": "Tritanium",
                        "value": 66300000000
                    }
                ],
                "materials": [],
                "others": []
            },
            "rewards": null
        },
        {
            "level": 53,
            "power": 30500,
            "increased_power": 2000,
            "build_time": 66996000,
            "bonuses": [
                {
                    "id": 1,
                    "value": 655.0
                },
                {
                    "id": 2,
                    "value": 13297.0
                }
            ],
            "required_ops_level": 53,
            "requirements": [
                {
                    "id": 0,
                    "type": "building",
                    "name": "Operations",
                    "value": 53
                },
                {
                    "id": 63,
                    "type": "building",
                    "name": "Dilithium Generator E",
                    "value": 53
                }
            ],
            "build_costs": {
                "resources": [
                    {
                        "id": 2325683920,
                        "type": "Parsteel",
                        "value": 757248000000
                    },
                    {
                        "id": 743985951,
                        "type": "Tritanium",
                        "value": 116000000000
                    }
                ],
                "materials": [],
                "others": []
            },
            "rewards": null
        },
        {
            "level": 54,
            "power": 32500,
            "increased_power": 2000,
            "build_time": 71016480,
            "bonuses": [
                {
                    "id": 1,
                    "value": 670.0
                },
                {
                    "id": 2,
                    "value": 13601.0
                }
            ],
            "required_ops_level": 54,
            "requirements": [
                {
                    "id": 0,
                    "type": "building",
                    "name": "Operations",
                    "value": 54
                },
                {
                    "id": 63,
                    "type": "building",
                    "name": "Dilithium Generator E",
                    "value": 54
                }
            ],
            "build_costs": {
                "resources": [
                    {
                        "id": 2325683920,
                        "type": "Parsteel",
                        "value": 1135872000000
                    },
                    {
                        "id": 743985951,
                        "type": "Tritanium",
                        "value": 174000000000
                    }
                ],
                "materials": [],
                "others": []
            },
            "rewards": null
        },
        {
            "level": 55,
            "power": 34500,
            "increased_power": 2000,
            "build_time": 75277440,
            "bonuses": [
                {
                    "id": 1,
                    "value": 800.0
                },
                {
                    "id": 2,
                    "value": 16240.0
                }
            ],
            "required_ops_level": 55,
            "requirements": [
                {
                    "id": 0,
                    "type": "building",
                    "name": "Operations",
                    "value": 55
                },
                {
                    "id": 63,
                    "type": "building",
                    "name": "Dilithium Generator E",
                    "value": 55
                }
            ],
            "build_costs": {
                "resources": [
                    {
                        "id": 2325683920,
                        "type": "Parsteel",
                        "value": 1930656000000
                    },
                    {
                        "id": 743985951,
                        "type": "Tritanium",
                        "value": 273000000000
                    }
                ],
                "materials": [],
                "others": []
            },
            "rewards": null
        },
        {
            "level": 56,
            "power": 36500,
            "increased_power": 2000,
            "build_time": 79793280,
            "bonuses": [
                {
                    "id": 1,
                    "value": 815.0
                },
                {
                    "id": 2,
                    "value": 16545.0
                }
            ],
            "required_ops_level": 56,
            "requirements": [
                {
                    "id": 0,
                    "type": "building",
                    "name": "Operations",
                    "value": 56
                },
                {
                    "id": 63,
                    "type": "building",
                    "name": "Dilithium Generator E",
                    "value": 56
                }
            ],
            "build_costs": {
                "resources": [
                    {
                        "id": 2325683920,
                        "type": "Parsteel",
                        "value": 3033888000000
                    },
                    {
                        "id": 743985951,
                        "type": "Tritanium",
                        "value": 429000000000
                    }
                ],
                "materials": [],
                "others": []
            },
            "rewards": null
        },
        {
            "level": 57,
            "power": 38500,
            "increased_power": 2000,
            "build_time": 84581280,
            "bonuses": [
                {
                    "id": 1,
                    "value": 830.0
                },
                {
                    "id": 2,
                    "value": 16849.0
                }
            ],
            "required_ops_level": 57,
            "requirements": [
                {
                    "id": 0,
                    "type": "building",
                    "name": "Operations",
                    "value": 57
                },
                {
                    "id": 63,
                    "type": "building",
                    "name": "Dilithium Generator E",
                    "value": 57
                }
            ],
            "build_costs": {
                "resources": [
                    {
                        "id": 2325683920,
                        "type": "Parsteel",
                        "value": 4749555200000
                    },
                    {
                        "id": 743985951,
                        "type": "Tritanium",
                        "value": 671600000000
                    }
                ],
                "materials": [],
                "others": []
            },
            "rewards": null
        },
        {
            "level": 58,
            "power": 41000,
            "increased_power": 2500,
            "build_time": 89655840,
            "bonuses": [
                {
                    "id": 1,
                    "value": 845.0
                },
                {
                    "id": 2,
                    "value": 17154.0
                }
            ],
            "required_ops_level": 58,
            "requirements": [
                {
                    "id": 0,
                    "type": "building",
                    "name": "Operations",
                    "value": 58
                },
                {
                    "id": 63,
                    "type": "building",
                    "name": "Dilithium Generator E",
                    "value": 58
                }
            ],
            "build_costs": {
                "resources": [
                    {
                        "id": 2325683920,
                        "type": "Parsteel",
                        "value": 6862233600000
                    },
                    {
                        "id": 743985951,
                        "type": "Tritanium",
                        "value": 1051200000000
                    }
                ],
                "materials": [],
                "others": []
            },
            "rewards": null
        },
        {
            "level": 59,
            "power": 43500,
            "increased_power": 2500,
            "build_time": 95035680,
            "bonuses": [
                {
                    "id": 1,
                    "value": 865.0
                },
                {
                    "id": 2,
                    "value": 17560.0
                }
            ],
            "required_ops_level": 59,
            "requirements": [
                {
                    "id": 0,
                    "type": "building",
                    "name": "Operations",
                    "value": 59
                },
                {
                    "id": 63,
                    "type": "building",
                    "name": "Dilithium Generator E",
                    "value": 59
                }
            ],
            "build_costs": {
                "resources": [
                    {
                        "id": 2325683920,
                        "type": "Parsteel",
                        "value": 10293350400000
                    },
                    {
                        "id": 743985951,
                        "type": "Tritanium",
                        "value": 1576800000000
                    }
                ],
                "materials": [],
                "others": []
            },
            "rewards": null
        },
        {
            "level": 60,
            "power": 46000,
            "increased_power": 2500,
            "build_time": 100738080,
            "bonuses": [
                {
                    "id": 1,
                    "value": 1000.0
                },
                {
                    "id": 2,
                    "value": 20300.0
                }
            ],
            "required_ops_level": 60,
            "requirements": [
                {
                    "id": 0,
                    "type": "building",
                    "name": "Operations",
                    "value": 60
                },
                {
                    "id": 63,
                    "type": "building",
                    "name": "Dilithium Generator E",
                    "value": 60
                }
            ],
            "build_costs": {
                "resources": [
                    {
                        "id": 2325683920,
                        "type": "Parsteel",
                        "value": 16075200000000
                    },
                    {
                        "id": 743985951,
                        "type": "Tritanium",
                        "value": 2462500000000
                    }
                ],
                "materials": [],
                "others": []
            },
            "rewards": null
        }
    ]
}