{
    "id": 8,
    "name": "Tritanium Warehouse",
    "description": "Stores all collected Tritanium. Upgrade the Warehouse to increase the Tritanium Capacity.",
    "group": 7,
    "start_level": 0,
    "bonuses": [
        {
            "id": 1,
            "name": "Tritanium Capacity",
            "is_percentage": false
        }
    ],
    "levels": [
        {
            "level": 1,
            "power": 20,
            "increased_power": 20,
            "build_time": 60,
            "bonuses": [
                {
                    "id": 1,
                    "value": 1000.0
                }
            ],
            "required_ops_level": 6,
            "requirements": [
                {
                    "id": 0,
                    "type": "building",
                    "name": "Operations",
                    "value": 6
                },
                {
                    "id": 5,
                    "type": "building",
                    "name": "Tritanium Generator A",
                    "value": 1
                }
            ],
            "build_costs": {
                "resources": [
                    {
                        "id": 2325683920,
                        "type": "Parsteel",
                        "value": 400
                    }
                ],
                "materials": [],
                "others": []
            },
            "rewards": null
        },
        {
            "level": 2,
            "power": 40,
            "increased_power": 20,
            "build_time": 180,
            "bonuses": [
                {
                    "id": 1,
                    "value": 1350.0
                }
            ],
            "required_ops_level": 6,
            "requirements": [
                {
                    "id": 0,
                    "type": "building",
                    "name": "Operations",
                    "value": 6
                },
                {
                    "id": 5,
                    "type": "building",
                    "name": "Tritanium Generator A",
                    "value": 3
                }
            ],
            "build_costs": {
                "resources": [
                    {
                        "id": 2325683920,
                        "type": "Parsteel",
                        "value": 500
                    }
                ],
                "materials": [],
                "others": []
            },
            "rewards": null
        },
        {
            "level": 3,
            "power": 65,
            "increased_power": 25,
            "build_time": 300,
            "bonuses": [
                {
                    "id": 1,
                    "value": 2000.0
                }
            ],
            "required_ops_level": 6,
            "requirements": [
                {
                    "id": 0,
                    "type": "building",
                    "name": "Operations",
                    "value": 6
                },
                {
                    "id": 5,
                    "type": "building",
                    "name": "Tritanium Generator A",
                    "value": 3
                }
            ],
            "build_costs": {
                "resources": [
                    {
                        "id": 2325683920,
                        "type": "Parsteel",
                        "value": 700
                    }
                ],
                "materials": [],
                "others": []
            },
            "rewards": null
        },
        {
            "level": 4,
            "power": 90,
            "increased_power": 25,
            "build_time": 360,
            "bonuses": [
                {
                    "id": 1,
                    "value": 2800.0
                }
            ],
            "required_ops_level": 6,
            "requirements": [
                {
                    "id": 0,
                    "type": "building",
                    "name": "Operations",
                    "value": 6
                },
                {
                    "id": 5,
                    "type": "building",
                    "name": "Tritanium Generator A",
                    "value": 4
                }
            ],
            "build_costs": {
                "resources": [
                    {
                        "id": 2325683920,
                        "type": "Parsteel",
                        "value": 900
                    }
                ],
                "materials": [],
                "others": []
            },
            "rewards": null
        },
        {
            "level": 5,
            "power": 120,
            "increased_power": 30,
            "build_time": 600,
            "bonuses": [
                {
                    "id": 1,
                    "value": 4400.0
                }
            ],
            "required_ops_level": 6,
            "requirements": [
                {
                    "id": 0,
                    "type": "building",
                    "name": "Operations",
                    "value": 6
                },
                {
                    "id": 5,
                    "type": "building",
                    "name": "Tritanium Generator A",
                    "value": 5
                }
            ],
            "build_costs": {
                "resources": [
                    {
                        "id": 2325683920,
                        "type": "Parsteel",
                        "value": 1100
                    }
                ],
                "materials": [],
                "others": []
            },
            "rewards": null
        },
        {
            "level": 6,
            "power": 160,
            "increased_power": 40,
            "build_time": 960,
            "bonuses": [
                {
                    "id": 1,
                    "value": 5500.0
                }
            ],
            "required_ops_level": 6,
            "requirements": [
                {
                    "id": 0,
                    "type": "building",
                    "name": "Operations",
                    "value": 6
                },
                {
                    "id": 5,
                    "type": "building",
                    "name": "Tritanium Generator A",
                    "value": 6
                }
            ],
            "build_costs": {
                "resources": [
                    {
                        "id": 2325683920,
                        "type": "Parsteel",
                        "value": 1400
                    }
                ],
                "materials": [],
                "others": []
            },
            "rewards": null
        },
        {
            "level": 7,
            "power": 210,
            "increased_power": 50,
            "build_time": 1920,
            "bonuses": [
                {
                    "id": 1,
                    "value": 7250.0
                }
            ],
            "required_ops_level": 7,
            "requirements": [
                {
                    "id": 0,
                    "type": "building",
                    "name": "Operations",
                    "value": 7
                },
                {
                    "id": 5,
                    "type": "building",
                    "name": "Tritanium Generator A",
                    "value": 7
                }
            ],
            "build_costs": {
                "resources": [
                    {
                        "id": 2325683920,
                        "type": "Parsteel",
                        "value": 1800
                    },
                    {
                        "id": 743985951,
                        "type": "Tritanium",
                        "value": 40
                    }
                ],
                "materials": [],
                "others": []
            },
            "rewards": null
        },
        {
            "level": 8,
            "power": 270,
            "increased_power": 60,
            "build_time": 2640,
            "bonuses": [
                {
                    "id": 1,
                    "value": 8500.0
                }
            ],
            "required_ops_level": 8,
            "requirements": [
                {
                    "id": 0,
                    "type": "building",
                    "name": "Operations",
                    "value": 8
                },
                {
                    "id": 5,
                    "type": "building",
                    "name": "Tritanium Generator A",
                    "value": 8
                }
            ],
            "build_costs": {
                "resources": [
                    {
                        "id": 2325683920,
                        "type": "Parsteel",
                        "value": 2600
                    },
                    {
                        "id": 743985951,
                        "type": "Tritanium",
                        "value": 80
                    }
                ],
                "materials": [],
                "others": []
            },
            "rewards": null
        },
        {
            "level": 9,
            "power": 340,
            "increased_power": 70,
            "build_time": 3960,
            "bonuses": [
                {
                    "id": 1,
                    "value": 9000.0
                }
            ],
            "required_ops_level": 9,
            "requirements": [
                {
                    "id": 5,
                    "type": "building",
                    "name": "Tritanium Generator A",
                    "value": 9
                },
                {
                    "id": 6,
                    "type": "building",
                    "name": "Tritanium Generator B",
                    "value": 9
                }
            ],
            "build_costs": {
                "resources": [
                    {
                        "id": 2325683920,
                        "type": "Parsteel",
                        "value": 3500
                    },
                    {
                        "id": 743985951,
                        "type": "Tritanium",
                        "value": 150
                    }
                ],
                "materials": [],
                "others": []
            },
            "rewards": null
        },
        {
            "level": 10,
            "power": 420,
            "increased_power": 80,
            "build_time": 4440,
            "bonuses": [
                {
                    "id": 1,
                    "value": 9750.0
                }
            ],
            "required_ops_level": 10,
            "requirements": [
                {
                    "id": 0,
                    "type": "building",
                    "name": "Operations",
                    "value": 10
                },
                {
                    "id": 5,
                    "type": "building",
                    "name": "Tritanium Generator A",
                    "value": 10
                }
            ],
            "build_costs": {
                "resources": [
                    {
                        "id": 2325683920,
                        "type": "Parsteel",
                        "value": 4500
                    },
                    {
                        "id": 743985951,
                        "type": "Tritanium",
                        "value": 250
                    }
                ],
                "materials": [],
                "others": []
            },
            "rewards": null
        },
        {
            "level": 11,
            "power": 525,
            "increased_power": 105,
            "build_time": 4560,
            "bonuses": [
                {
                    "id": 1,
                    "value": 10250.0
                }
            ],
            "required_ops_level": 11,
            "requirements": [
                {
                    "id": 0,
                    "type": "building",
                    "name": "Operations",
                    "value": 11
                },
                {
                    "id": 5,
                    "type": "building",
                    "name": "Tritanium Generator A",
                    "value": 11
                }
            ],
            "build_costs": {
                "resources": [
                    {
                        "id": 2325683920,
                        "type": "Parsteel",
                        "value": 5440
                    },
                    {
                        "id": 743985951,
                        "type": "Tritanium",
                        "value": 1800
                    }
                ],
                "materials": [],
                "others": []
            },
            "rewards": null
        },
        {
            "level": 12,
            "power": 650,
            "increased_power": 125,
            "build_time": 8400,
            "bonuses": [
                {
                    "id": 1,
                    "value": 10750.0
                }
            ],
            "required_ops_level": 12,
            "requirements": [
                {
                    "id": 0,
                    "type": "building",
                    "name": "Operations",
                    "value": 12
                },
                {
                    "id": 5,
                    "type": "building",
                    "name": "Tritanium Generator A",
                    "value": 12
                }
            ],
            "build_costs": {
                "resources": [
                    {
                        "id": 2325683920,
                        "type": "Parsteel",
                        "value": 7480
                    },
                    {
                        "id": 743985951,
                        "type": "Tritanium",
                        "value": 2475
                    }
                ],
                "materials": [],
                "others": []
            },
            "rewards": null
        },
        {
            "level": 13,
            "power": 800,
            "increased_power": 150,
            "build_time": 12300,
            "bonuses": [
                {
                    "id": 1,
                    "value": 13500.0
                }
            ],
            "required_ops_level": 13,
            "requirements": [
                {
                    "id": 0,
                    "type": "building",
                    "name": "Operations",
                    "value": 13
                },
                {
                    "id": 5,
                    "type": "building",
                    "name": "Tritanium Generator A",
                    "value": 13
                }
            ],
            "build_costs": {
                "resources": [
                    {
                        "id": 2325683920,
                        "type": "Parsteel",
                        "value": 10880
                    },
                    {
                        "id": 743985951,
                        "type": "Tritanium",
                        "value": 3600
                    }
                ],
                "materials": [],
                "others": []
            },
            "rewards": null
        },
        {
            "level": 14,
            "power": 975,
            "increased_power": 175,
            "build_time": 17100,
            "bonuses": [
                {
                    "id": 1,
                    "value": 17500.0
                }
            ],
            "required_ops_level": 14,
            "requirements": [
                {
                    "id": 0,
                    "type": "building",
                    "name": "Operations",
                    "value": 14
                },
                {
                    "id": 5,
                    "type": "building",
                    "name": "Tritanium Generator A",
                    "value": 14
                }
            ],
            "build_costs": {
                "resources": [
                    {
                        "id": 2325683920,
                        "type": "Parsteel",
                        "value": 14960
                    },
                    {
                        "id": 743985951,
                        "type": "Tritanium",
                        "value": 4950
                    }
                ],
                "materials": [],
                "others": []
            },
            "rewards": null
        },
        {
            "level": 15,
            "power": 1175,
            "increased_power": 200,
            "build_time": 22320,
            "bonuses": [
                {
                    "id": 1,
                    "value": 22500.0
                }
            ],
            "required_ops_level": 15,
            "requirements": [
                {
                    "id": 0,
                    "type": "building",
                    "name": "Operations",
                    "value": 15
                },
                {
                    "id": 5,
                    "type": "building",
                    "name": "Tritanium Generator A",
                    "value": 15
                }
            ],
            "build_costs": {
                "resources": [
                    {
                        "id": 2325683920,
                        "type": "Parsteel",
                        "value": 20400
                    },
                    {
                        "id": 743985951,
                        "type": "Tritanium",
                        "value": 6750
                    }
                ],
                "materials": [],
                "others": []
            },
            "rewards": null
        },
        {
            "level": 16,
            "power": 1400,
            "increased_power": 225,
            "build_time": 25920,
            "bonuses": [
                {
                    "id": 1,
                    "value": 28000.0
                }
            ],
            "required_ops_level": 16,
            "requirements": [
                {
                    "id": 0,
                    "type": "building",
                    "name": "Operations",
                    "value": 16
                },
                {
                    "id": 5,
                    "type": "building",
                    "name": "Tritanium Generator A",
                    "value": 16
                }
            ],
            "build_costs": {
                "resources": [
                    {
                        "id": 2325683920,
                        "type": "Parsteel",
                        "value": 27200
                    },
                    {
                        "id": 743985951,
                        "type": "Tritanium",
                        "value": 9000
                    }
                ],
                "materials": [],
                "others": []
            },
            "rewards": null
        },
        {
            "level": 17,
            "power": 1700,
            "increased_power": 300,
            "build_time": 28080,
            "bonuses": [
                {
                    "id": 1,
                    "value": 36500.0
                }
            ],
            "required_ops_level": 17,
            "requirements": [
                {
                    "id": 0,
                    "type": "building",
                    "name": "Operations",
                    "value": 17
                },
                {
                    "id": 5,
                    "type": "building",
                    "name": "Tritanium Generator A",
                    "value": 17
                }
            ],
            "build_costs": {
                "resources": [
                    {
                        "id": 2325683920,
                        "type": "Parsteel",
                        "value": 38080
                    },
                    {
                        "id": 743985951,
                        "type": "Tritanium",
                        "value": 12600
                    }
                ],
                "materials": [
                    {
                        "id": 1478791698,
                        "type": "2\u2605 Common Ore",
                        "grade": 2,
                        "rarity": 1,
                        "value": 25
                    }
                ],
                "others": []
            },
            "rewards": null
        },
        {
            "level": 18,
            "power": 2000,
            "increased_power": 300,
            "build_time": 43200,
            "bonuses": [
                {
                    "id": 1,
                    "value": 48000.0
                }
            ],
            "required_ops_level": 18,
            "requirements": [
                {
                    "id": 0,
                    "type": "building",
                    "name": "Operations",
                    "value": 18
                },
                {
                    "id": 5,
                    "type": "building",
                    "name": "Tritanium Generator A",
                    "value": 18
                }
            ],
            "build_costs": {
                "resources": [
                    {
                        "id": 2325683920,
                        "type": "Parsteel",
                        "value": 54400
                    },
                    {
                        "id": 743985951,
                        "type": "Tritanium",
                        "value": 18000
                    }
                ],
                "materials": [
                    {
                        "id": 1478791698,
                        "type": "2\u2605 Common Ore",
                        "grade": 2,
                        "rarity": 1,
                        "value": 100
                    }
                ],
                "others": []
            },
            "rewards": null
        },
        {
            "level": 19,
            "power": 2300,
            "increased_power": 300,
            "build_time": 62640,
            "bonuses": [
                {
                    "id": 1,
                    "value": 66000.0
                }
            ],
            "required_ops_level": 19,
            "requirements": [
                {
                    "id": 0,
                    "type": "building",
                    "name": "Operations",
                    "value": 19
                },
                {
                    "id": 6,
                    "type": "building",
                    "name": "Tritanium Generator B",
                    "value": 19
                }
            ],
            "build_costs": {
                "resources": [
                    {
                        "id": 2325683920,
                        "type": "Parsteel",
                        "value": 81600
                    },
                    {
                        "id": 743985951,
                        "type": "Tritanium",
                        "value": 27000
                    }
                ],
                "materials": [
                    {
                        "id": 1478791698,
                        "type": "2\u2605 Common Ore",
                        "grade": 2,
                        "rarity": 1,
                        "value": 200
                    }
                ],
                "others": []
            },
            "rewards": null
        },
        {
            "level": 20,
            "power": 2700,
            "increased_power": 400,
            "build_time": 93600,
            "bonuses": [
                {
                    "id": 1,
                    "value": 85000.0
                }
            ],
            "required_ops_level": 20,
            "requirements": [
                {
                    "id": 0,
                    "type": "building",
                    "name": "Operations",
                    "value": 20
                },
                {
                    "id": 5,
                    "type": "building",
                    "name": "Tritanium Generator A",
                    "value": 20
                }
            ],
            "build_costs": {
                "resources": [
                    {
                        "id": 2325683920,
                        "type": "Parsteel",
                        "value": 115600
                    },
                    {
                        "id": 743985951,
                        "type": "Tritanium",
                        "value": 38250
                    }
                ],
                "materials": [],
                "others": []
            },
            "rewards": null
        },
        {
            "level": 21,
            "power": 3100,
            "increased_power": 400,
            "build_time": 85680,
            "bonuses": [
                {
                    "id": 1,
                    "value": 128000.0
                }
            ],
            "required_ops_level": 21,
            "requirements": [
                {
                    "id": 0,
                    "type": "building",
                    "name": "Operations",
                    "value": 21
                },
                {
                    "id": 5,
                    "type": "building",
                    "name": "Tritanium Generator A",
                    "value": 21
                }
            ],
            "build_costs": {
                "resources": [
                    {
                        "id": 2325683920,
                        "type": "Parsteel",
                        "value": 194616
                    },
                    {
                        "id": 743985951,
                        "type": "Tritanium",
                        "value": 64395
                    }
                ],
                "materials": [],
                "others": []
            },
            "rewards": null
        },
        {
            "level": 22,
            "power": 3600,
            "increased_power": 500,
            "build_time": 133920,
            "bonuses": [
                {
                    "id": 1,
                    "value": 200000.0
                }
            ],
            "required_ops_level": 22,
            "requirements": [
                {
                    "id": 0,
                    "type": "building",
                    "name": "Operations",
                    "value": 22
                },
                {
                    "id": 5,
                    "type": "building",
                    "name": "Tritanium Generator A",
                    "value": 22
                }
            ],
            "build_costs": {
                "resources": [
                    {
                        "id": 2325683920,
                        "type": "Parsteel",
                        "value": 302736
                    },
                    {
                        "id": 743985951,
                        "type": "Tritanium",
                        "value": 100170
                    }
                ],
                "materials": [],
                "others": []
            },
            "rewards": null
        },
        {
            "level": 23,
            "power": 4100,
            "increased_power": 500,
            "build_time": 156960,
            "bonuses": [
                {
                    "id": 1,
                    "value": 340000.0
                }
            ],
            "required_ops_level": 23,
            "requirements": [
                {
                    "id": 0,
                    "type": "building",
                    "name": "Operations",
                    "value": 23
                },
                {
                    "id": 5,
                    "type": "building",
                    "name": "Tritanium Generator A",
                    "value": 23
                }
            ],
            "build_costs": {
                "resources": [
                    {
                        "id": 2325683920,
                        "type": "Parsteel",
                        "value": 498168
                    },
                    {
                        "id": 743985951,
                        "type": "Tritanium",
                        "value": 164835
                    }
                ],
                "materials": [],
                "others": []
            },
            "rewards": null
        },
        {
            "level": 24,
            "power": 4700,
            "increased_power": 600,
            "build_time": 192960,
            "bonuses": [
                {
                    "id": 1,
                    "value": 490000.0
                }
            ],
            "required_ops_level": 24,
            "requirements": [
                {
                    "id": 0,
                    "type": "building",
                    "name": "Operations",
                    "value": 24
                },
                {
                    "id": 5,
                    "type": "building",
                    "name": "Tritanium Generator A",
                    "value": 24
                }
            ],
            "build_costs": {
                "resources": [
                    {
                        "id": 2325683920,
                        "type": "Parsteel",
                        "value": 784992
                    },
                    {
                        "id": 743985951,
                        "type": "Tritanium",
                        "value": 259740
                    }
                ],
                "materials": [
                    {
                        "id": 813886518,
                        "type": "3\u2605 Common Ore",
                        "grade": 3,
                        "rarity": 1,
                        "value": 150
                    }
                ],
                "others": []
            },
            "rewards": null
        },
        {
            "level": 25,
            "power": 5250,
            "increased_power": 550,
            "build_time": 178560,
            "bonuses": [
                {
                    "id": 1,
                    "value": 770000.0
                }
            ],
            "required_ops_level": 25,
            "requirements": [
                {
                    "id": 0,
                    "type": "building",
                    "name": "Operations",
                    "value": 25
                },
                {
                    "id": 4,
                    "type": "building",
                    "name": "Parsteel Warehouse",
                    "value": 25
                },
                {
                    "id": 5,
                    "type": "building",
                    "name": "Tritanium Generator A",
                    "value": 25
                }
            ],
            "build_costs": {
                "resources": [
                    {
                        "id": 2325683920,
                        "type": "Parsteel",
                        "value": 1272960
                    },
                    {
                        "id": 743985951,
                        "type": "Tritanium",
                        "value": 421200
                    }
                ],
                "materials": [
                    {
                        "id": 2453327618,
                        "type": "3\u2605 Uncommon Ore",
                        "grade": 3,
                        "rarity": 2,
                        "value": 2
                    }
                ],
                "others": []
            },
            "rewards": null
        },
        {
            "level": 26,
            "power": 6000,
            "increased_power": 750,
            "build_time": 241920,
            "bonuses": [
                {
                    "id": 1,
                    "value": 880000.0
                }
            ],
            "required_ops_level": 26,
            "requirements": [
                {
                    "id": 0,
                    "type": "building",
                    "name": "Operations",
                    "value": 26
                },
                {
                    "id": 5,
                    "type": "building",
                    "name": "Tritanium Generator A",
                    "value": 26
                }
            ],
            "build_costs": {
                "resources": [
                    {
                        "id": 2325683920,
                        "type": "Parsteel",
                        "value": 1989000
                    },
                    {
                        "id": 743985951,
                        "type": "Tritanium",
                        "value": 658125
                    }
                ],
                "materials": [
                    {
                        "id": 2453327618,
                        "type": "3\u2605 Uncommon Ore",
                        "grade": 3,
                        "rarity": 2,
                        "value": 5
                    }
                ],
                "others": []
            },
            "rewards": null
        },
        {
            "level": 27,
            "power": 6750,
            "increased_power": 750,
            "build_time": 276480,
            "bonuses": [
                {
                    "id": 1,
                    "value": 1150000.0
                }
            ],
            "required_ops_level": 27,
            "requirements": [
                {
                    "id": 0,
                    "type": "building",
                    "name": "Operations",
                    "value": 27
                },
                {
                    "id": 5,
                    "type": "building",
                    "name": "Tritanium Generator A",
                    "value": 27
                }
            ],
            "build_costs": {
                "resources": [
                    {
                        "id": 2325683920,
                        "type": "Parsteel",
                        "value": 3035520
                    },
                    {
                        "id": 743985951,
                        "type": "Tritanium",
                        "value": 1004400
                    }
                ],
                "materials": [
                    {
                        "id": 813886518,
                        "type": "3\u2605 Common Ore",
                        "grade": 3,
                        "rarity": 1,
                        "value": 290
                    },
                    {
                        "id": 2453327618,
                        "type": "3\u2605 Uncommon Ore",
                        "grade": 3,
                        "rarity": 2,
                        "value": 10
                    }
                ],
                "others": []
            },
            "rewards": null
        },
        {
            "level": 28,
            "power": 7500,
            "increased_power": 750,
            "build_time": 321120,
            "bonuses": [
                {
                    "id": 1,
                    "value": 1600000.0
                }
            ],
            "required_ops_level": 28,
            "requirements": [
                {
                    "id": 0,
                    "type": "building",
                    "name": "Operations",
                    "value": 28
                },
                {
                    "id": 5,
                    "type": "building",
                    "name": "Tritanium Generator A",
                    "value": 28
                }
            ],
            "build_costs": {
                "resources": [
                    {
                        "id": 2325683920,
                        "type": "Parsteel",
                        "value": 4553280
                    },
                    {
                        "id": 743985951,
                        "type": "Tritanium",
                        "value": 1506600
                    }
                ],
                "materials": [
                    {
                        "id": 2453327618,
                        "type": "3\u2605 Uncommon Ore",
                        "grade": 3,
                        "rarity": 2,
                        "value": 17
                    }
                ],
                "others": []
            },
            "rewards": null
        },
        {
            "level": 29,
            "power": 8500,
            "increased_power": 1000,
            "build_time": 352800,
            "bonuses": [
                {
                    "id": 1,
                    "value": 2250000.0
                }
            ],
            "required_ops_level": 29,
            "requirements": [
                {
                    "id": 0,
                    "type": "building",
                    "name": "Operations",
                    "value": 29
                },
                {
                    "id": 5,
                    "type": "building",
                    "name": "Tritanium Generator A",
                    "value": 29
                }
            ],
            "build_costs": {
                "resources": [
                    {
                        "id": 2325683920,
                        "type": "Parsteel",
                        "value": 7248800
                    },
                    {
                        "id": 743985951,
                        "type": "Tritanium",
                        "value": 2398500
                    }
                ],
                "materials": [
                    {
                        "id": 2453327618,
                        "type": "3\u2605 Uncommon Ore",
                        "grade": 3,
                        "rarity": 2,
                        "value": 26
                    }
                ],
                "others": []
            },
            "rewards": null
        },
        {
            "level": 30,
            "power": 9500,
            "increased_power": 1000,
            "build_time": 383040,
            "bonuses": [
                {
                    "id": 1,
                    "value": 3000000.0
                }
            ],
            "required_ops_level": 30,
            "requirements": [
                {
                    "id": 0,
                    "type": "building",
                    "name": "Operations",
                    "value": 30
                },
                {
                    "id": 5,
                    "type": "building",
                    "name": "Tritanium Generator A",
                    "value": 30
                }
            ],
            "build_costs": {
                "resources": [
                    {
                        "id": 2325683920,
                        "type": "Parsteel",
                        "value": 10608000
                    },
                    {
                        "id": 743985951,
                        "type": "Tritanium",
                        "value": 3510000
                    }
                ],
                "materials": [
                    {
                        "id": 2453327618,
                        "type": "3\u2605 Uncommon Ore",
                        "grade": 3,
                        "rarity": 2,
                        "value": 37
                    }
                ],
                "others": []
            },
            "rewards": null
        },
        {
            "level": 31,
            "power": 10500,
            "increased_power": 1000,
            "build_time": 502560,
            "bonuses": [
                {
                    "id": 1,
                    "value": 4100000.0
                }
            ],
            "required_ops_level": 31,
            "requirements": [
                {
                    "id": 0,
                    "type": "building",
                    "name": "Operations",
                    "value": 31
                },
                {
                    "id": 5,
                    "type": "building",
                    "name": "Tritanium Generator A",
                    "value": 31
                }
            ],
            "build_costs": {
                "resources": [
                    {
                        "id": 2325683920,
                        "type": "Parsteel",
                        "value": 16768800
                    },
                    {
                        "id": 743985951,
                        "type": "Tritanium",
                        "value": 5548500
                    }
                ],
                "materials": [
                    {
                        "id": 813886518,
                        "type": "3\u2605 Common Ore",
                        "grade": 3,
                        "rarity": 1,
                        "value": 700
                    },
                    {
                        "id": 2453327618,
                        "type": "3\u2605 Uncommon Ore",
                        "grade": 3,
                        "rarity": 2,
                        "value": 50
                    }
                ],
                "others": []
            },
            "rewards": null
        },
        {
            "level": 32,
            "power": 11750,
            "increased_power": 1250,
            "build_time": 491040,
            "bonuses": [
                {
                    "id": 1,
                    "value": 5300000.0
                }
            ],
            "required_ops_level": 32,
            "requirements": [
                {
                    "id": 0,
                    "type": "building",
                    "name": "Operations",
                    "value": 32
                },
                {
                    "id": 5,
                    "type": "building",
                    "name": "Tritanium Generator A",
                    "value": 32
                }
            ],
            "build_costs": {
                "resources": [
                    {
                        "id": 2325683920,
                        "type": "Parsteel",
                        "value": 24221600
                    },
                    {
                        "id": 743985951,
                        "type": "Tritanium",
                        "value": 8014500
                    }
                ],
                "materials": [
                    {
                        "id": 2453327618,
                        "type": "3\u2605 Uncommon Ore",
                        "grade": 3,
                        "rarity": 2,
                        "value": 65
                    }
                ],
                "others": []
            },
            "rewards": null
        },
        {
            "level": 33,
            "power": 13000,
            "increased_power": 1250,
            "build_time": 712800,
            "bonuses": [
                {
                    "id": 1,
                    "value": 6850000.0
                }
            ],
            "required_ops_level": 33,
            "requirements": [
                {
                    "id": 0,
                    "type": "building",
                    "name": "Operations",
                    "value": 33
                },
                {
                    "id": 5,
                    "type": "building",
                    "name": "Tritanium Generator A",
                    "value": 33
                }
            ],
            "build_costs": {
                "resources": [
                    {
                        "id": 2325683920,
                        "type": "Parsteel",
                        "value": 37468000
                    },
                    {
                        "id": 743985951,
                        "type": "Tritanium",
                        "value": 12397500
                    }
                ],
                "materials": [
                    {
                        "id": 2453327618,
                        "type": "3\u2605 Uncommon Ore",
                        "grade": 3,
                        "rarity": 2,
                        "value": 80
                    }
                ],
                "others": []
            },
            "rewards": null
        },
        {
            "level": 34,
            "power": 14250,
            "increased_power": 1250,
            "build_time": 944640,
            "bonuses": [
                {
                    "id": 1,
                    "value": 9450000.0
                }
            ],
            "required_ops_level": 34,
            "requirements": [
                {
                    "id": 0,
                    "type": "building",
                    "name": "Operations",
                    "value": 34
                },
                {
                    "id": 5,
                    "type": "building",
                    "name": "Tritanium Generator A",
                    "value": 34
                }
            ],
            "build_costs": {
                "resources": [
                    {
                        "id": 2325683920,
                        "type": "Parsteel",
                        "value": 59160000
                    },
                    {
                        "id": 743985951,
                        "type": "Tritanium",
                        "value": 19575000
                    }
                ],
                "materials": [
                    {
                        "id": 813886518,
                        "type": "3\u2605 Common Ore",
                        "grade": 3,
                        "rarity": 1,
                        "value": 1100
                    },
                    {
                        "id": 2453327618,
                        "type": "3\u2605 Uncommon Ore",
                        "grade": 3,
                        "rarity": 2,
                        "value": 100
                    }
                ],
                "others": []
            },
            "rewards": null
        },
        {
            "level": 35,
            "power": 15500,
            "increased_power": 1250,
            "build_time": 1245600,
            "bonuses": [
                {
                    "id": 1,
                    "value": 12000000.0
                }
            ],
            "required_ops_level": 35,
            "requirements": [
                {
                    "id": 0,
                    "type": "building",
                    "name": "Operations",
                    "value": 35
                },
                {
                    "id": 5,
                    "type": "building",
                    "name": "Tritanium Generator A",
                    "value": 35
                }
            ],
            "build_costs": {
                "resources": [
                    {
                        "id": 2325683920,
                        "type": "Parsteel",
                        "value": 91555200
                    },
                    {
                        "id": 743985951,
                        "type": "Tritanium",
                        "value": 30294000
                    }
                ],
                "materials": [
                    {
                        "id": 813886518,
                        "type": "3\u2605 Common Ore",
                        "grade": 3,
                        "rarity": 1,
                        "value": 1300
                    },
                    {
                        "id": 2453327618,
                        "type": "3\u2605 Uncommon Ore",
                        "grade": 3,
                        "rarity": 2,
                        "value": 120
                    }
                ],
                "others": []
            },
            "rewards": null
        },
        {
            "level": 36,
            "power": 17000,
            "increased_power": 1500,
            "build_time": 1591200,
            "bonuses": [
                {
                    "id": 1,
                    "value": 14000000.0
                }
            ],
            "required_ops_level": 36,
            "requirements": [
                {
                    "id": 0,
                    "type": "building",
                    "name": "Operations",
                    "value": 36
                },
                {
                    "id": 5,
                    "type": "building",
                    "name": "Tritanium Generator A",
                    "value": 36
                }
            ],
            "build_costs": {
                "resources": [
                    {
                        "id": 2325683920,
                        "type": "Parsteel",
                        "value": 129009600
                    },
                    {
                        "id": 743985951,
                        "type": "Tritanium",
                        "value": 42687000
                    }
                ],
                "materials": [
                    {
                        "id": 2453327618,
                        "type": "3\u2605 Uncommon Ore",
                        "grade": 3,
                        "rarity": 2,
                        "value": 150
                    }
                ],
                "others": []
            },
            "rewards": null
        },
        {
            "level": 37,
            "power": 18750,
            "increased_power": 1750,
            "build_time": 1644480,
            "bonuses": [
                {
                    "id": 1,
                    "value": 16000000.0
                }
            ],
            "required_ops_level": 37,
            "requirements": [
                {
                    "id": 0,
                    "type": "building",
                    "name": "Operations",
                    "value": 37
                },
                {
                    "id": 5,
                    "type": "building",
                    "name": "Tritanium Generator A",
                    "value": 37
                }
            ],
            "build_costs": {
                "resources": [
                    {
                        "id": 2325683920,
                        "type": "Parsteel",
                        "value": 198288000
                    },
                    {
                        "id": 743985951,
                        "type": "Tritanium",
                        "value": 65610000
                    }
                ],
                "materials": [
                    {
                        "id": 813886518,
                        "type": "3\u2605 Common Ore",
                        "grade": 3,
                        "rarity": 1,
                        "value": 1800
                    },
                    {
                        "id": 2453327618,
                        "type": "3\u2605 Uncommon Ore",
                        "grade": 3,
                        "rarity": 2,
                        "value": 170
                    }
                ],
                "others": []
            },
            "rewards": null
        },
        {
            "level": 38,
            "power": 20500,
            "increased_power": 1750,
            "build_time": 2666880,
            "bonuses": [
                {
                    "id": 1,
                    "value": 18000000.0
                }
            ],
            "required_ops_level": 38,
            "requirements": [
                {
                    "id": 0,
                    "type": "building",
                    "name": "Operations",
                    "value": 38
                },
                {
                    "id": 4,
                    "type": "building",
                    "name": "Parsteel Warehouse",
                    "value": 38
                },
                {
                    "id": 5,
                    "type": "building",
                    "name": "Tritanium Generator A",
                    "value": 38
                }
            ],
            "build_costs": {
                "resources": [
                    {
                        "id": 2325683920,
                        "type": "Parsteel",
                        "value": 308448000
                    },
                    {
                        "id": 743985951,
                        "type": "Tritanium",
                        "value": 102060000
                    }
                ],
                "materials": [
                    {
                        "id": 813886518,
                        "type": "3\u2605 Common Ore",
                        "grade": 3,
                        "rarity": 1,
                        "value": 2100
                    },
                    {
                        "id": 2453327618,
                        "type": "3\u2605 Uncommon Ore",
                        "grade": 3,
                        "rarity": 2,
                        "value": 200
                    }
                ],
                "others": []
            },
            "rewards": null
        },
        {
            "level": 39,
            "power": 22000,
            "increased_power": 1500,
            "build_time": 3540960,
            "bonuses": [
                {
                    "id": 1,
                    "value": 19500000.0
                }
            ],
            "required_ops_level": 39,
            "requirements": [
                {
                    "id": 0,
                    "type": "building",
                    "name": "Operations",
                    "value": 39
                },
                {
                    "id": 5,
                    "type": "building",
                    "name": "Tritanium Generator A",
                    "value": 39
                }
            ],
            "build_costs": {
                "resources": [
                    {
                        "id": 2325683920,
                        "type": "Parsteel",
                        "value": 526320000
                    },
                    {
                        "id": 743985951,
                        "type": "Tritanium",
                        "value": 174150000
                    }
                ],
                "materials": [],
                "others": []
            },
            "rewards": null
        },
        {
            "level": 40,
            "power": 24000,
            "increased_power": 2000,
            "build_time": 6282720,
            "bonuses": [
                {
                    "id": 1,
                    "value": 20500000.0
                }
            ],
            "required_ops_level": 40,
            "requirements": [
                {
                    "id": 0,
                    "type": "building",
                    "name": "Operations",
                    "value": 40
                },
                {
                    "id": 5,
                    "type": "building",
                    "name": "Tritanium Generator A",
                    "value": 40
                }
            ],
            "build_costs": {
                "resources": [
                    {
                        "id": 2325683920,
                        "type": "Parsteel",
                        "value": 2292416000
                    },
                    {
                        "id": 743985951,
                        "type": "Tritanium",
                        "value": 270900000
                    }
                ],
                "materials": [
                    {
                        "id": 3452257709,
                        "type": "4\u2605 Common Ore",
                        "grade": 4,
                        "rarity": 1,
                        "value": 5000
                    }
                ],
                "others": []
            },
            "rewards": null
        },
        {
            "level": 41,
            "power": 26000,
            "increased_power": 2000,
            "build_time": 5888160,
            "bonuses": [
                {
                    "id": 1,
                    "value": 21500000.0
                }
            ],
            "required_ops_level": 41,
            "requirements": [
                {
                    "id": 0,
                    "type": "building",
                    "name": "Operations",
                    "value": 41
                },
                {
                    "id": 5,
                    "type": "building",
                    "name": "Tritanium Generator A",
                    "value": 41
                }
            ],
            "build_costs": {
                "resources": [
                    {
                        "id": 2325683920,
                        "type": "Parsteel",
                        "value": 2339200000
                    },
                    {
                        "id": 743985951,
                        "type": "Tritanium",
                        "value": 387000000
                    }
                ],
                "materials": [
                    {
                        "id": 3452257709,
                        "type": "4\u2605 Common Ore",
                        "grade": 4,
                        "rarity": 1,
                        "value": 6000
                    }
                ],
                "others": []
            },
            "rewards": null
        },
        {
            "level": 42,
            "power": 28000,
            "increased_power": 2000,
            "build_time": 9051840,
            "bonuses": [
                {
                    "id": 1,
                    "value": 24000000.0
                }
            ],
            "required_ops_level": 42,
            "requirements": [
                {
                    "id": 0,
                    "type": "building",
                    "name": "Operations",
                    "value": 42
                },
                {
                    "id": 5,
                    "type": "building",
                    "name": "Tritanium Generator A",
                    "value": 42
                }
            ],
            "build_costs": {
                "resources": [
                    {
                        "id": 2325683920,
                        "type": "Parsteel",
                        "value": 3484320000
                    },
                    {
                        "id": 743985951,
                        "type": "Tritanium",
                        "value": 576450000
                    }
                ],
                "materials": [
                    {
                        "id": 3452257709,
                        "type": "4\u2605 Common Ore",
                        "grade": 4,
                        "rarity": 1,
                        "value": 7000
                    },
                    {
                        "id": 920308245,
                        "type": "4\u2605 Rare Ore",
                        "grade": 4,
                        "rarity": 3,
                        "value": 400
                    }
                ],
                "others": []
            },
            "rewards": null
        },
        {
            "level": 43,
            "power": 30500,
            "increased_power": 2500,
            "build_time": 11959200,
            "bonuses": [
                {
                    "id": 1,
                    "value": 32500000.0
                }
            ],
            "required_ops_level": 43,
            "requirements": [
                {
                    "id": 0,
                    "type": "building",
                    "name": "Operations",
                    "value": 43
                },
                {
                    "id": 5,
                    "type": "building",
                    "name": "Tritanium Generator A",
                    "value": 43
                }
            ],
            "build_costs": {
                "resources": [
                    {
                        "id": 2325683920,
                        "type": "Parsteel",
                        "value": 4977600000
                    },
                    {
                        "id": 743985951,
                        "type": "Tritanium",
                        "value": 823500000
                    }
                ],
                "materials": [
                    {
                        "id": 1904955588,
                        "type": "4\u2605 Uncommon Ore",
                        "grade": 4,
                        "rarity": 2,
                        "value": 1000
                    },
                    {
                        "id": 920308245,
                        "type": "4\u2605 Rare Ore",
                        "grade": 4,
                        "rarity": 3,
                        "value": 600
                    }
                ],
                "others": []
            },
            "rewards": null
        },
        {
            "level": 44,
            "power": 33000,
            "increased_power": 2500,
            "build_time": 15608160,
            "bonuses": [
                {
                    "id": 1,
                    "value": 46000000.0
                }
            ],
            "required_ops_level": 44,
            "requirements": [
                {
                    "id": 0,
                    "type": "building",
                    "name": "Operations",
                    "value": 44
                },
                {
                    "id": 5,
                    "type": "building",
                    "name": "Tritanium Generator A",
                    "value": 44
                }
            ],
            "build_costs": {
                "resources": [
                    {
                        "id": 2325683920,
                        "type": "Parsteel",
                        "value": 7466400000
                    },
                    {
                        "id": 743985951,
                        "type": "Tritanium",
                        "value": 1235250000
                    }
                ],
                "materials": [
                    {
                        "id": 1904955588,
                        "type": "4\u2605 Uncommon Ore",
                        "grade": 4,
                        "rarity": 2,
                        "value": 2000
                    },
                    {
                        "id": 920308245,
                        "type": "4\u2605 Rare Ore",
                        "grade": 4,
                        "rarity": 3,
                        "value": 800
                    }
                ],
                "others": []
            },
            "rewards": null
        },
        {
            "level": 45,
            "power": 35500,
            "increased_power": 2500,
            "build_time": 20151360,
            "bonuses": [
                {
                    "id": 1,
                    "value": 57500000.0
                }
            ],
            "required_ops_level": 45,
            "requirements": [
                {
                    "id": 0,
                    "type": "building",
                    "name": "Operations",
                    "value": 45
                },
                {
                    "id": 5,
                    "type": "building",
                    "name": "Tritanium Generator A",
                    "value": 45
                },
                {
                    "id": 55,
                    "type": "building",
                    "name": "Parsteel Vault",
                    "value": 45
                }
            ],
            "build_costs": {
                "resources": [
                    {
                        "id": 2325683920,
                        "type": "Parsteel",
                        "value": 10608000000
                    },
                    {
                        "id": 743985951,
                        "type": "Tritanium",
                        "value": 1755000000
                    }
                ],
                "materials": [
                    {
                        "id": 1904955588,
                        "type": "4\u2605 Uncommon Ore",
                        "grade": 4,
                        "rarity": 2,
                        "value": 6000
                    }
                ],
                "others": []
            },
            "rewards": null
        },
        {
            "level": 46,
            "power": 38000,
            "increased_power": 2500,
            "build_time": 25758720,
            "bonuses": [
                {
                    "id": 1,
                    "value": 74500000.0
                }
            ],
            "required_ops_level": 46,
            "requirements": [
                {
                    "id": 0,
                    "type": "building",
                    "name": "Operations",
                    "value": 46
                },
                {
                    "id": 5,
                    "type": "building",
                    "name": "Tritanium Generator A",
                    "value": 46
                }
            ],
            "build_costs": {
                "resources": [
                    {
                        "id": 2325683920,
                        "type": "Parsteel",
                        "value": 14586000000
                    },
                    {
                        "id": 743985951,
                        "type": "Tritanium",
                        "value": 2413125000
                    }
                ],
                "materials": [
                    {
                        "id": 1904955588,
                        "type": "4\u2605 Uncommon Ore",
                        "grade": 4,
                        "rarity": 2,
                        "value": 1000
                    },
                    {
                        "id": 920308245,
                        "type": "4\u2605 Rare Ore",
                        "grade": 4,
                        "rarity": 3,
                        "value": 200
                    }
                ],
                "others": []
            },
            "rewards": null
        },
        {
            "level": 47,
            "power": 41000,
            "increased_power": 3000,
            "build_time": 32630400,
            "bonuses": [
                {
                    "id": 1,
                    "value": 100000000.0
                }
            ],
            "required_ops_level": 47,
            "requirements": [
                {
                    "id": 0,
                    "type": "building",
                    "name": "Operations",
                    "value": 47
                },
                {
                    "id": 5,
                    "type": "building",
                    "name": "Tritanium Generator A",
                    "value": 47
                },
                {
                    "id": 55,
                    "type": "building",
                    "name": "Parsteel Vault",
                    "value": 47
                }
            ],
            "build_costs": {
                "resources": [
                    {
                        "id": 2325683920,
                        "type": "Parsteel",
                        "value": 21216000000
                    },
                    {
                        "id": 743985951,
                        "type": "Tritanium",
                        "value": 3510000000
                    }
                ],
                "materials": [
                    {
                        "id": 1904955588,
                        "type": "4\u2605 Uncommon Ore",
                        "grade": 4,
                        "rarity": 2,
                        "value": 2000
                    },
                    {
                        "id": 920308245,
                        "type": "4\u2605 Rare Ore",
                        "grade": 4,
                        "rarity": 3,
                        "value": 400
                    }
                ],
                "others": []
            },
            "rewards": null
        },
        {
            "level": 48,
            "power": 44000,
            "increased_power": 3000,
            "build_time": 40995360,
            "bonuses": [
                {
                    "id": 1,
                    "value": 140000000.0
                }
            ],
            "required_ops_level": 48,
            "requirements": [
                {
                    "id": 0,
                    "type": "building",
                    "name": "Operations",
                    "value": 48
                },
                {
                    "id": 5,
                    "type": "building",
                    "name": "Tritanium Generator A",
                    "value": 48
                }
            ],
            "build_costs": {
                "resources": [
                    {
                        "id": 2325683920,
                        "type": "Parsteel",
                        "value": 34272000000
                    },
                    {
                        "id": 743985951,
                        "type": "Tritanium",
                        "value": 5670000000
                    }
                ],
                "materials": [
                    {
                        "id": 3452257709,
                        "type": "4\u2605 Common Ore",
                        "grade": 4,
                        "rarity": 1,
                        "value": 30000
                    },
                    {
                        "id": 920308245,
                        "type": "4\u2605 Rare Ore",
                        "grade": 4,
                        "rarity": 3,
                        "value": 1200
                    }
                ],
                "others": []
            },
            "rewards": null
        },
        {
            "level": 49,
            "power": 47000,
            "increased_power": 3000,
            "build_time": 51114240,
            "bonuses": [
                {
                    "id": 1,
                    "value": 220000000.0
                }
            ],
            "required_ops_level": 49,
            "requirements": [
                {
                    "id": 0,
                    "type": "building",
                    "name": "Operations",
                    "value": 49
                },
                {
                    "id": 5,
                    "type": "building",
                    "name": "Tritanium Generator A",
                    "value": 49
                },
                {
                    "id": 55,
                    "type": "building",
                    "name": "Parsteel Vault",
                    "value": 49
                }
            ],
            "build_costs": {
                "resources": [
                    {
                        "id": 2325683920,
                        "type": "Parsteel",
                        "value": 57120000000
                    },
                    {
                        "id": 743985951,
                        "type": "Tritanium",
                        "value": 9450000000
                    }
                ],
                "materials": [
                    {
                        "id": 3452257709,
                        "type": "4\u2605 Common Ore",
                        "grade": 4,
                        "rarity": 1,
                        "value": 45000
                    },
                    {
                        "id": 920308245,
                        "type": "4\u2605 Rare Ore",
                        "grade": 4,
                        "rarity": 3,
                        "value": 4500
                    }
                ],
                "others": []
            },
            "rewards": null
        },
        {
            "level": 50,
            "power": 50000,
            "increased_power": 3000,
            "build_time": 63282240,
            "bonuses": [
                {
                    "id": 1,
                    "value": 350000000.0
                }
            ],
            "required_ops_level": 50,
            "requirements": [
                {
                    "id": 0,
                    "type": "building",
                    "name": "Operations",
                    "value": 50
                },
                {
                    "id": 5,
                    "type": "building",
                    "name": "Tritanium Generator A",
                    "value": 50
                }
            ],
            "build_costs": {
                "resources": [
                    {
                        "id": 2325683920,
                        "type": "Parsteel",
                        "value": 99960000000
                    },
                    {
                        "id": 743985951,
                        "type": "Tritanium",
                        "value": 16537500000
                    }
                ],
                "materials": [],
                "others": []
            },
            "rewards": null
        },
        {
            "level": 51,
            "power": 53500,
            "increased_power": 3500,
            "build_time": 67079520,
            "bonuses": [
                {
                    "id": 1,
                    "value": 520000000.0
                }
            ],
            "required_ops_level": 51,
            "requirements": [
                {
                    "id": 0,
                    "type": "building",
                    "name": "Operations",
                    "value": 51
                },
                {
                    "id": 5,
                    "type": "building",
                    "name": "Tritanium Generator A",
                    "value": 51
                }
            ],
            "build_costs": {
                "resources": [
                    {
                        "id": 2325683920,
                        "type": "Parsteel",
                        "value": 498576000000
                    },
                    {
                        "id": 743985951,
                        "type": "Tritanium",
                        "value": 35100000000
                    }
                ],
                "materials": [
                    {
                        "id": 2893480370,
                        "type": "5\u2605 Common Ore",
                        "grade": 5,
                        "rarity": 1,
                        "value": 8500
                    }
                ],
                "others": []
            },
            "rewards": null
        },
        {
            "level": 52,
            "power": 57000,
            "increased_power": 3500,
            "build_time": 71104320,
            "bonuses": [
                {
                    "id": 1,
                    "value": 780000000.0
                }
            ],
            "required_ops_level": 52,
            "requirements": [
                {
                    "id": 0,
                    "type": "building",
                    "name": "Operations",
                    "value": 52
                },
                {
                    "id": 5,
                    "type": "building",
                    "name": "Tritanium Generator A",
                    "value": 52
                }
            ],
            "build_costs": {
                "resources": [
                    {
                        "id": 2325683920,
                        "type": "Parsteel",
                        "value": 901680000000
                    },
                    {
                        "id": 743985951,
                        "type": "Tritanium",
                        "value": 59670000000
                    }
                ],
                "materials": [
                    {
                        "id": 2893480370,
                        "type": "5\u2605 Common Ore",
                        "grade": 5,
                        "rarity": 1,
                        "value": 18800
                    },
                    {
                        "id": 2258174662,
                        "type": "5\u2605 Uncommon Ore",
                        "grade": 5,
                        "rarity": 2,
                        "value": 2800
                    }
                ],
                "others": []
            },
            "rewards": null
        },
        {
            "level": 53,
            "power": 61000,
            "increased_power": 4000,
            "build_time": 75371040,
            "bonuses": [
                {
                    "id": 1,
                    "value": 1150000000.0
                }
            ],
            "required_ops_level": 53,
            "requirements": [
                {
                    "id": 0,
                    "type": "building",
                    "name": "Operations",
                    "value": 53
                },
                {
                    "id": 5,
                    "type": "building",
                    "name": "Tritanium Generator A",
                    "value": 53
                }
            ],
            "build_costs": {
                "resources": [
                    {
                        "id": 2325683920,
                        "type": "Parsteel",
                        "value": 1514496000000
                    },
                    {
                        "id": 743985951,
                        "type": "Tritanium",
                        "value": 104400000000
                    }
                ],
                "materials": [
                    {
                        "id": 2893480370,
                        "type": "5\u2605 Common Ore",
                        "grade": 5,
                        "rarity": 1,
                        "value": 37500
                    },
                    {
                        "id": 2258174662,
                        "type": "5\u2605 Uncommon Ore",
                        "grade": 5,
                        "rarity": 2,
                        "value": 3100
                    }
                ],
                "others": []
            },
            "rewards": null
        },
        {
            "level": 54,
            "power": 65000,
            "increased_power": 4000,
            "build_time": 79892640,
            "bonuses": [
                {
                    "id": 1,
                    "value": 1750000000.0
                }
            ],
            "required_ops_level": 54,
            "requirements": [
                {
                    "id": 0,
                    "type": "building",
                    "name": "Operations",
                    "value": 54
                },
                {
                    "id": 5,
                    "type": "building",
                    "name": "Tritanium Generator A",
                    "value": 54
                }
            ],
            "build_costs": {
                "resources": [
                    {
                        "id": 2325683920,
                        "type": "Parsteel",
                        "value": 2271744000000
                    },
                    {
                        "id": 743985951,
                        "type": "Tritanium",
                        "value": 156600000000
                    }
                ],
                "materials": [
                    {
                        "id": 2258174662,
                        "type": "5\u2605 Uncommon Ore",
                        "grade": 5,
                        "rarity": 2,
                        "value": 10400
                    },
                    {
                        "id": 4109746240,
                        "type": "5\u2605 Rare Ore",
                        "grade": 5,
                        "rarity": 3,
                        "value": 800
                    }
                ],
                "others": []
            },
            "rewards": null
        },
        {
            "level": 55,
            "power": 69000,
            "increased_power": 4000,
            "build_time": 84686400,
            "bonuses": [
                {
                    "id": 1,
                    "value": 2600000000.0
                }
            ],
            "required_ops_level": 55,
            "requirements": [
                {
                    "id": 0,
                    "type": "building",
                    "name": "Operations",
                    "value": 55
                },
                {
                    "id": 5,
                    "type": "building",
                    "name": "Tritanium Generator A",
                    "value": 55
                },
                {
                    "id": 55,
                    "type": "building",
                    "name": "Parsteel Vault",
                    "value": 55
                }
            ],
            "build_costs": {
                "resources": [
                    {
                        "id": 2325683920,
                        "type": "Parsteel",
                        "value": 3861312000000
                    },
                    {
                        "id": 743985951,
                        "type": "Tritanium",
                        "value": 245700000000
                    }
                ],
                "materials": [
                    {
                        "id": 4109746240,
                        "type": "5\u2605 Rare Ore",
                        "grade": 5,
                        "rarity": 3,
                        "value": 4800
                    }
                ],
                "others": []
            },
            "rewards": null
        },
        {
            "level": 56,
            "power": 73000,
            "increased_power": 4000,
            "build_time": 89768160,
            "bonuses": [
                {
                    "id": 1,
                    "value": 3900000000.0
                }
            ],
            "required_ops_level": 56,
            "requirements": [
                {
                    "id": 0,
                    "type": "building",
                    "name": "Operations",
                    "value": 56
                },
                {
                    "id": 5,
                    "type": "building",
                    "name": "Tritanium Generator A",
                    "value": 56
                }
            ],
            "build_costs": {
                "resources": [
                    {
                        "id": 2325683920,
                        "type": "Parsteel",
                        "value": 6067776000000
                    },
                    {
                        "id": 743985951,
                        "type": "Tritanium",
                        "value": 386100000000
                    }
                ],
                "materials": [
                    {
                        "id": 2893480370,
                        "type": "5\u2605 Common Ore",
                        "grade": 5,
                        "rarity": 1,
                        "value": 56400
                    },
                    {
                        "id": 4109746240,
                        "type": "5\u2605 Rare Ore",
                        "grade": 5,
                        "rarity": 3,
                        "value": 2100
                    }
                ],
                "others": []
            },
            "rewards": null
        },
        {
            "level": 57,
            "power": 77000,
            "increased_power": 4000,
            "build_time": 95153760,
            "bonuses": [
                {
                    "id": 1,
                    "value": 5850000000.0
                }
            ],
            "required_ops_level": 57,
            "requirements": [
                {
                    "id": 0,
                    "type": "building",
                    "name": "Operations",
                    "value": 57
                },
                {
                    "id": 5,
                    "type": "building",
                    "name": "Tritanium Generator A",
                    "value": 57
                },
                {
                    "id": 55,
                    "type": "building",
                    "name": "Parsteel Vault",
                    "value": 57
                }
            ],
            "build_costs": {
                "resources": [
                    {
                        "id": 2325683920,
                        "type": "Parsteel",
                        "value": 9499110400000
                    },
                    {
                        "id": 743985951,
                        "type": "Tritanium",
                        "value": 604440000000
                    }
                ],
                "materials": [
                    {
                        "id": 2893480370,
                        "type": "5\u2605 Common Ore",
                        "grade": 5,
                        "rarity": 1,
                        "value": 60700
                    },
                    {
                        "id": 4109746240,
                        "type": "5\u2605 Rare Ore",
                        "grade": 5,
                        "rarity": 3,
                        "value": 4300
                    }
                ],
                "others": []
            },
            "rewards": null
        },
        {
            "level": 58,
            "power": 82000,
            "increased_power": 5000,
            "build_time": 100863360,
            "bonuses": [
                {
                    "id": 1,
                    "value": 8750000000.0
                }
            ],
            "required_ops_level": 58,
            "requirements": [
                {
                    "id": 0,
                    "type": "building",
                    "name": "Operations",
                    "value": 58
                },
                {
                    "id": 5,
                    "type": "building",
                    "name": "Tritanium Generator A",
                    "value": 58
                }
            ],
            "build_costs": {
                "resources": [
                    {
                        "id": 2325683920,
                        "type": "Parsteel",
                        "value": 13724467200000
                    },
                    {
                        "id": 743985951,
                        "type": "Tritanium",
                        "value": 946080000000
                    }
                ],
                "materials": [
                    {
                        "id": 2893480370,
                        "type": "5\u2605 Common Ore",
                        "grade": 5,
                        "rarity": 1,
                        "value": 70900
                    },
                    {
                        "id": 4109746240,
                        "type": "5\u2605 Rare Ore",
                        "grade": 5,
                        "rarity": 3,
                        "value": 5200
                    }
                ],
                "others": []
            },
            "rewards": null
        },
        {
            "level": 59,
            "power": 87000,
            "increased_power": 5000,
            "build_time": 106914240,
            "bonuses": [
                {
                    "id": 1,
                    "value": 13150000000.0
                }
            ],
            "required_ops_level": 59,
            "requirements": [
                {
                    "id": 0,
                    "type": "building",
                    "name": "Operations",
                    "value": 59
                },
                {
                    "id": 5,
                    "type": "building",
                    "name": "Tritanium Generator A",
                    "value": 59
                },
                {
                    "id": 55,
                    "type": "building",
                    "name": "Parsteel Vault",
                    "value": 59
                }
            ],
            "build_costs": {
                "resources": [
                    {
                        "id": 2325683920,
                        "type": "Parsteel",
                        "value": 20586700800000
                    },
                    {
                        "id": 743985951,
                        "type": "Tritanium",
                        "value": 1419120000000
                    }
                ],
                "materials": [
                    {
                        "id": 2893480370,
                        "type": "5\u2605 Common Ore",
                        "grade": 5,
                        "rarity": 1,
                        "value": 129800
                    },
                    {
                        "id": 4109746240,
                        "type": "5\u2605 Rare Ore",
                        "grade": 5,
                        "rarity": 3,
                        "value": 12900
                    }
                ],
                "others": []
            },
            "rewards": null
        },
        {
            "level": 60,
            "power": 92000,
            "increased_power": 5000,
            "build_time": 113329440,
            "bonuses": [
                {
                    "id": 1,
                    "value": 19700000000.0
                }
            ],
            "required_ops_level": 60,
            "requirements": [
                {
                    "id": 0,
                    "type": "building",
                    "name": "Operations",
                    "value": 60
                },
                {
                    "id": 5,
                    "type": "building",
                    "name": "Tritanium Generator A",
                    "value": 60
                }
            ],
            "build_costs": {
                "resources": [
                    {
                        "id": 2325683920,
                        "type": "Parsteel",
                        "value": 32150400000000
                    },
                    {
                        "id": 743985951,
                        "type": "Tritanium",
                        "value": 2216250000000
                    }
                ],
                "materials": [
                    {
                        "id": 2893480370,
                        "type": "5\u2605 Common Ore",
                        "grade": 5,
                        "rarity": 1,
                        "value": 115100
                    },
                    {
                        "id": 4109746240,
                        "type": "5\u2605 Rare Ore",
                        "grade": 5,
                        "rarity": 3,
                        "value": 7600
                    }
                ],
                "others": []
            },
            "rewards": null
        }
    ]
}