{
    "id": 12,
    "name": "Dilithium Warehouse",
    "description": "Stores all collected Dilithium. Upgrade the Warehouse to increase the Dilithium Capacity.",
    "group": 8,
    "start_level": 0,
    "bonuses": [
        {
            "id": 1,
            "name": "Dilithium Capacity",
            "is_percentage": false
        }
    ],
    "levels": [
        {
            "level": 1,
            "power": 20,
            "increased_power": 20,
            "build_time": 120,
            "bonuses": [
                {
                    "id": 1,
                    "value": 500.0
                }
            ],
            "required_ops_level": 10,
            "requirements": [
                {
                    "id": 0,
                    "type": "building",
                    "name": "Operations",
                    "value": 10
                },
                {
                    "id": 9,
                    "type": "building",
                    "name": "Dilithium Generator A",
                    "value": 1
                }
            ],
            "build_costs": {
                "resources": [
                    {
                        "id": 2325683920,
                        "type": "Parsteel",
                        "value": 800
                    }
                ],
                "materials": [],
                "others": []
            },
            "rewards": null
        },
        {
            "level": 2,
            "power": 40,
            "increased_power": 20,
            "build_time": 150,
            "bonuses": [
                {
                    "id": 1,
                    "value": 675.0
                }
            ],
            "required_ops_level": 10,
            "requirements": [
                {
                    "id": 0,
                    "type": "building",
                    "name": "Operations",
                    "value": 10
                },
                {
                    "id": 9,
                    "type": "building",
                    "name": "Dilithium Generator A",
                    "value": 2
                }
            ],
            "build_costs": {
                "resources": [
                    {
                        "id": 2325683920,
                        "type": "Parsteel",
                        "value": 1000
                    }
                ],
                "materials": [],
                "others": []
            },
            "rewards": null
        },
        {
            "level": 3,
            "power": 65,
            "increased_power": 25,
            "build_time": 330,
            "bonuses": [
                {
                    "id": 1,
                    "value": 975.0
                }
            ],
            "required_ops_level": 10,
            "requirements": [
                {
                    "id": 0,
                    "type": "building",
                    "name": "Operations",
                    "value": 10
                },
                {
                    "id": 9,
                    "type": "building",
                    "name": "Dilithium Generator A",
                    "value": 2
                }
            ],
            "build_costs": {
                "resources": [
                    {
                        "id": 2325683920,
                        "type": "Parsteel",
                        "value": 1200
                    }
                ],
                "materials": [],
                "others": []
            },
            "rewards": null
        },
        {
            "level": 4,
            "power": 90,
            "increased_power": 25,
            "build_time": 480,
            "bonuses": [
                {
                    "id": 1,
                    "value": 1350.0
                }
            ],
            "required_ops_level": 10,
            "requirements": [
                {
                    "id": 0,
                    "type": "building",
                    "name": "Operations",
                    "value": 10
                },
                {
                    "id": 9,
                    "type": "building",
                    "name": "Dilithium Generator A",
                    "value": 4
                }
            ],
            "build_costs": {
                "resources": [
                    {
                        "id": 2325683920,
                        "type": "Parsteel",
                        "value": 1500
                    }
                ],
                "materials": [],
                "others": []
            },
            "rewards": null
        },
        {
            "level": 5,
            "power": 120,
            "increased_power": 30,
            "build_time": 780,
            "bonuses": [
                {
                    "id": 1,
                    "value": 2100.0
                }
            ],
            "required_ops_level": 10,
            "requirements": [
                {
                    "id": 0,
                    "type": "building",
                    "name": "Operations",
                    "value": 10
                },
                {
                    "id": 9,
                    "type": "building",
                    "name": "Dilithium Generator A",
                    "value": 4
                }
            ],
            "build_costs": {
                "resources": [
                    {
                        "id": 2325683920,
                        "type": "Parsteel",
                        "value": 1800
                    }
                ],
                "materials": [],
                "others": []
            },
            "rewards": null
        },
        {
            "level": 6,
            "power": 160,
            "increased_power": 40,
            "build_time": 1320,
            "bonuses": [
                {
                    "id": 1,
                    "value": 2600.0
                }
            ],
            "required_ops_level": 10,
            "requirements": [
                {
                    "id": 0,
                    "type": "building",
                    "name": "Operations",
                    "value": 10
                },
                {
                    "id": 9,
                    "type": "building",
                    "name": "Dilithium Generator A",
                    "value": 6
                }
            ],
            "build_costs": {
                "resources": [
                    {
                        "id": 2325683920,
                        "type": "Parsteel",
                        "value": 2200
                    }
                ],
                "materials": [],
                "others": []
            },
            "rewards": null
        },
        {
            "level": 7,
            "power": 210,
            "increased_power": 50,
            "build_time": 2520,
            "bonuses": [
                {
                    "id": 1,
                    "value": 3300.0
                }
            ],
            "required_ops_level": 10,
            "requirements": [
                {
                    "id": 0,
                    "type": "building",
                    "name": "Operations",
                    "value": 10
                },
                {
                    "id": 9,
                    "type": "building",
                    "name": "Dilithium Generator A",
                    "value": 6
                }
            ],
            "build_costs": {
                "resources": [
                    {
                        "id": 2325683920,
                        "type": "Parsteel",
                        "value": 3000
                    }
                ],
                "materials": [],
                "others": []
            },
            "rewards": null
        },
        {
            "level": 8,
            "power": 270,
            "increased_power": 60,
            "build_time": 3480,
            "bonuses": [
                {
                    "id": 1,
                    "value": 3600.0
                }
            ],
            "required_ops_level": 10,
            "requirements": [
                {
                    "id": 0,
                    "type": "building",
                    "name": "Operations",
                    "value": 10
                },
                {
                    "id": 9,
                    "type": "building",
                    "name": "Dilithium Generator A",
                    "value": 6
                }
            ],
            "build_costs": {
                "resources": [
                    {
                        "id": 2325683920,
                        "type": "Parsteel",
                        "value": 4000
                    }
                ],
                "materials": [],
                "others": []
            },
            "rewards": null
        },
        {
            "level": 9,
            "power": 340,
            "increased_power": 70,
            "build_time": 5400,
            "bonuses": [
                {
                    "id": 1,
                    "value": 3800.0
                }
            ],
            "required_ops_level": 10,
            "requirements": [
                {
                    "id": 0,
                    "type": "building",
                    "name": "Operations",
                    "value": 10
                },
                {
                    "id": 9,
                    "type": "building",
                    "name": "Dilithium Generator A",
                    "value": 9
                }
            ],
            "build_costs": {
                "resources": [
                    {
                        "id": 2325683920,
                        "type": "Parsteel",
                        "value": 5500
                    }
                ],
                "materials": [],
                "others": []
            },
            "rewards": null
        },
        {
            "level": 10,
            "power": 420,
            "increased_power": 80,
            "build_time": 6000,
            "bonuses": [
                {
                    "id": 1,
                    "value": 4000.0
                }
            ],
            "required_ops_level": 10,
            "requirements": [
                {
                    "id": 0,
                    "type": "building",
                    "name": "Operations",
                    "value": 10
                },
                {
                    "id": 9,
                    "type": "building",
                    "name": "Dilithium Generator A",
                    "value": 10
                }
            ],
            "build_costs": {
                "resources": [
                    {
                        "id": 2325683920,
                        "type": "Parsteel",
                        "value": 7000
                    }
                ],
                "materials": [],
                "others": []
            },
            "rewards": null
        },
        {
            "level": 11,
            "power": 525,
            "increased_power": 105,
            "build_time": 6300,
            "bonuses": [
                {
                    "id": 1,
                    "value": 4200.0
                }
            ],
            "required_ops_level": 11,
            "requirements": [
                {
                    "id": 0,
                    "type": "building",
                    "name": "Operations",
                    "value": 11
                },
                {
                    "id": 9,
                    "type": "building",
                    "name": "Dilithium Generator A",
                    "value": 11
                }
            ],
            "build_costs": {
                "resources": [
                    {
                        "id": 2325683920,
                        "type": "Parsteel",
                        "value": 8160
                    },
                    {
                        "id": 2614028847,
                        "type": "Dilithium",
                        "value": 80
                    }
                ],
                "materials": [],
                "others": []
            },
            "rewards": null
        },
        {
            "level": 12,
            "power": 650,
            "increased_power": 125,
            "build_time": 11100,
            "bonuses": [
                {
                    "id": 1,
                    "value": 4400.0
                }
            ],
            "required_ops_level": 12,
            "requirements": [
                {
                    "id": 0,
                    "type": "building",
                    "name": "Operations",
                    "value": 12
                },
                {
                    "id": 9,
                    "type": "building",
                    "name": "Dilithium Generator A",
                    "value": 12
                }
            ],
            "build_costs": {
                "resources": [
                    {
                        "id": 2325683920,
                        "type": "Parsteel",
                        "value": 11220
                    },
                    {
                        "id": 2614028847,
                        "type": "Dilithium",
                        "value": 220
                    }
                ],
                "materials": [],
                "others": []
            },
            "rewards": null
        },
        {
            "level": 13,
            "power": 800,
            "increased_power": 150,
            "build_time": 16500,
            "bonuses": [
                {
                    "id": 1,
                    "value": 4600.0
                }
            ],
            "required_ops_level": 13,
            "requirements": [
                {
                    "id": 0,
                    "type": "building",
                    "name": "Operations",
                    "value": 13
                },
                {
                    "id": 9,
                    "type": "building",
                    "name": "Dilithium Generator A",
                    "value": 13
                }
            ],
            "build_costs": {
                "resources": [
                    {
                        "id": 2325683920,
                        "type": "Parsteel",
                        "value": 16320
                    },
                    {
                        "id": 2614028847,
                        "type": "Dilithium",
                        "value": 480
                    }
                ],
                "materials": [],
                "others": []
            },
            "rewards": null
        },
        {
            "level": 14,
            "power": 975,
            "increased_power": 175,
            "build_time": 23040,
            "bonuses": [
                {
                    "id": 1,
                    "value": 4800.0
                }
            ],
            "required_ops_level": 14,
            "requirements": [
                {
                    "id": 0,
                    "type": "building",
                    "name": "Operations",
                    "value": 14
                },
                {
                    "id": 9,
                    "type": "building",
                    "name": "Dilithium Generator A",
                    "value": 14
                }
            ],
            "build_costs": {
                "resources": [
                    {
                        "id": 2325683920,
                        "type": "Parsteel",
                        "value": 22440
                    },
                    {
                        "id": 2614028847,
                        "type": "Dilithium",
                        "value": 880
                    }
                ],
                "materials": [],
                "others": []
            },
            "rewards": null
        },
        {
            "level": 15,
            "power": 1175,
            "increased_power": 200,
            "build_time": 29520,
            "bonuses": [
                {
                    "id": 1,
                    "value": 5000.0
                }
            ],
            "required_ops_level": 15,
            "requirements": [
                {
                    "id": 0,
                    "type": "building",
                    "name": "Operations",
                    "value": 15
                },
                {
                    "id": 9,
                    "type": "building",
                    "name": "Dilithium Generator A",
                    "value": 15
                }
            ],
            "build_costs": {
                "resources": [
                    {
                        "id": 2325683920,
                        "type": "Parsteel",
                        "value": 30600
                    },
                    {
                        "id": 2614028847,
                        "type": "Dilithium",
                        "value": 1500
                    }
                ],
                "materials": [],
                "others": []
            },
            "rewards": null
        },
        {
            "level": 16,
            "power": 1400,
            "increased_power": 225,
            "build_time": 34560,
            "bonuses": [
                {
                    "id": 1,
                    "value": 5250.0
                }
            ],
            "required_ops_level": 16,
            "requirements": [
                {
                    "id": 0,
                    "type": "building",
                    "name": "Operations",
                    "value": 16
                },
                {
                    "id": 9,
                    "type": "building",
                    "name": "Dilithium Generator A",
                    "value": 16
                }
            ],
            "build_costs": {
                "resources": [
                    {
                        "id": 2325683920,
                        "type": "Parsteel",
                        "value": 40800
                    },
                    {
                        "id": 2614028847,
                        "type": "Dilithium",
                        "value": 2000
                    }
                ],
                "materials": [],
                "others": []
            },
            "rewards": null
        },
        {
            "level": 17,
            "power": 1700,
            "increased_power": 300,
            "build_time": 37440,
            "bonuses": [
                {
                    "id": 1,
                    "value": 5500.0
                }
            ],
            "required_ops_level": 17,
            "requirements": [
                {
                    "id": 0,
                    "type": "building",
                    "name": "Operations",
                    "value": 17
                },
                {
                    "id": 9,
                    "type": "building",
                    "name": "Dilithium Generator A",
                    "value": 17
                }
            ],
            "build_costs": {
                "resources": [
                    {
                        "id": 2325683920,
                        "type": "Parsteel",
                        "value": 57120
                    },
                    {
                        "id": 2614028847,
                        "type": "Dilithium",
                        "value": 2800
                    }
                ],
                "materials": [
                    {
                        "id": 1478791698,
                        "type": "2\u2605 Common Ore",
                        "grade": 2,
                        "rarity": 1,
                        "value": 25
                    }
                ],
                "others": []
            },
            "rewards": null
        },
        {
            "level": 18,
            "power": 2000,
            "increased_power": 300,
            "build_time": 57600,
            "bonuses": [
                {
                    "id": 1,
                    "value": 6250.0
                }
            ],
            "required_ops_level": 18,
            "requirements": [
                {
                    "id": 0,
                    "type": "building",
                    "name": "Operations",
                    "value": 18
                },
                {
                    "id": 9,
                    "type": "building",
                    "name": "Dilithium Generator A",
                    "value": 18
                }
            ],
            "build_costs": {
                "resources": [
                    {
                        "id": 2325683920,
                        "type": "Parsteel",
                        "value": 81600
                    },
                    {
                        "id": 2614028847,
                        "type": "Dilithium",
                        "value": 4000
                    }
                ],
                "materials": [
                    {
                        "id": 1478791698,
                        "type": "2\u2605 Common Ore",
                        "grade": 2,
                        "rarity": 1,
                        "value": 100
                    }
                ],
                "others": []
            },
            "rewards": null
        },
        {
            "level": 19,
            "power": 2300,
            "increased_power": 300,
            "build_time": 83520,
            "bonuses": [
                {
                    "id": 1,
                    "value": 8250.0
                }
            ],
            "required_ops_level": 19,
            "requirements": [
                {
                    "id": 0,
                    "type": "building",
                    "name": "Operations",
                    "value": 19
                },
                {
                    "id": 10,
                    "type": "building",
                    "name": "Dilithium Generator B",
                    "value": 19
                }
            ],
            "build_costs": {
                "resources": [
                    {
                        "id": 2325683920,
                        "type": "Parsteel",
                        "value": 122400
                    },
                    {
                        "id": 2614028847,
                        "type": "Dilithium",
                        "value": 6000
                    }
                ],
                "materials": [
                    {
                        "id": 1478791698,
                        "type": "2\u2605 Common Ore",
                        "grade": 2,
                        "rarity": 1,
                        "value": 200
                    }
                ],
                "others": []
            },
            "rewards": null
        },
        {
            "level": 20,
            "power": 2700,
            "increased_power": 400,
            "build_time": 125280,
            "bonuses": [
                {
                    "id": 1,
                    "value": 10250.0
                }
            ],
            "required_ops_level": 20,
            "requirements": [
                {
                    "id": 0,
                    "type": "building",
                    "name": "Operations",
                    "value": 20
                },
                {
                    "id": 9,
                    "type": "building",
                    "name": "Dilithium Generator A",
                    "value": 20
                }
            ],
            "build_costs": {
                "resources": [
                    {
                        "id": 2325683920,
                        "type": "Parsteel",
                        "value": 173400
                    },
                    {
                        "id": 2614028847,
                        "type": "Dilithium",
                        "value": 8500
                    }
                ],
                "materials": [],
                "others": []
            },
            "rewards": null
        },
        {
            "level": 21,
            "power": 3100,
            "increased_power": 400,
            "build_time": 114480,
            "bonuses": [
                {
                    "id": 1,
                    "value": 15750.0
                }
            ],
            "required_ops_level": 21,
            "requirements": [
                {
                    "id": 0,
                    "type": "building",
                    "name": "Operations",
                    "value": 21
                },
                {
                    "id": 9,
                    "type": "building",
                    "name": "Dilithium Generator A",
                    "value": 21
                }
            ],
            "build_costs": {
                "resources": [
                    {
                        "id": 2325683920,
                        "type": "Parsteel",
                        "value": 291924
                    },
                    {
                        "id": 2614028847,
                        "type": "Dilithium",
                        "value": 14310
                    }
                ],
                "materials": [],
                "others": []
            },
            "rewards": null
        },
        {
            "level": 22,
            "power": 3600,
            "increased_power": 500,
            "build_time": 177840,
            "bonuses": [
                {
                    "id": 1,
                    "value": 23500.0
                }
            ],
            "required_ops_level": 22,
            "requirements": [
                {
                    "id": 0,
                    "type": "building",
                    "name": "Operations",
                    "value": 22
                },
                {
                    "id": 9,
                    "type": "building",
                    "name": "Dilithium Generator A",
                    "value": 22
                }
            ],
            "build_costs": {
                "resources": [
                    {
                        "id": 2325683920,
                        "type": "Parsteel",
                        "value": 454104
                    },
                    {
                        "id": 2614028847,
                        "type": "Dilithium",
                        "value": 22260
                    }
                ],
                "materials": [],
                "others": []
            },
            "rewards": null
        },
        {
            "level": 23,
            "power": 4100,
            "increased_power": 500,
            "build_time": 210240,
            "bonuses": [
                {
                    "id": 1,
                    "value": 35500.0
                }
            ],
            "required_ops_level": 23,
            "requirements": [
                {
                    "id": 0,
                    "type": "building",
                    "name": "Operations",
                    "value": 23
                },
                {
                    "id": 9,
                    "type": "building",
                    "name": "Dilithium Generator A",
                    "value": 23
                }
            ],
            "build_costs": {
                "resources": [
                    {
                        "id": 2325683920,
                        "type": "Parsteel",
                        "value": 747252
                    },
                    {
                        "id": 2614028847,
                        "type": "Dilithium",
                        "value": 36630
                    }
                ],
                "materials": [],
                "others": []
            },
            "rewards": null
        },
        {
            "level": 24,
            "power": 4700,
            "increased_power": 600,
            "build_time": 257760,
            "bonuses": [
                {
                    "id": 1,
                    "value": 54000.0
                }
            ],
            "required_ops_level": 24,
            "requirements": [
                {
                    "id": 0,
                    "type": "building",
                    "name": "Operations",
                    "value": 24
                },
                {
                    "id": 9,
                    "type": "building",
                    "name": "Dilithium Generator A",
                    "value": 24
                }
            ],
            "build_costs": {
                "resources": [
                    {
                        "id": 2325683920,
                        "type": "Parsteel",
                        "value": 1177488
                    },
                    {
                        "id": 2614028847,
                        "type": "Dilithium",
                        "value": 57720
                    }
                ],
                "materials": [
                    {
                        "id": 813886518,
                        "type": "3\u2605 Common Ore",
                        "grade": 3,
                        "rarity": 1,
                        "value": 150
                    }
                ],
                "others": []
            },
            "rewards": null
        },
        {
            "level": 25,
            "power": 5250,
            "increased_power": 550,
            "build_time": 237600,
            "bonuses": [
                {
                    "id": 1,
                    "value": 80000.0
                }
            ],
            "required_ops_level": 25,
            "requirements": [
                {
                    "id": 0,
                    "type": "building",
                    "name": "Operations",
                    "value": 25
                },
                {
                    "id": 8,
                    "type": "building",
                    "name": "Tritanium Warehouse",
                    "value": 25
                },
                {
                    "id": 9,
                    "type": "building",
                    "name": "Dilithium Generator A",
                    "value": 25
                }
            ],
            "build_costs": {
                "resources": [
                    {
                        "id": 2325683920,
                        "type": "Parsteel",
                        "value": 1909440
                    },
                    {
                        "id": 2614028847,
                        "type": "Dilithium",
                        "value": 93600
                    }
                ],
                "materials": [
                    {
                        "id": 2453327618,
                        "type": "3\u2605 Uncommon Ore",
                        "grade": 3,
                        "rarity": 2,
                        "value": 2
                    }
                ],
                "others": []
            },
            "rewards": null
        },
        {
            "level": 26,
            "power": 6000,
            "increased_power": 750,
            "build_time": 322560,
            "bonuses": [
                {
                    "id": 1,
                    "value": 120000.0
                }
            ],
            "required_ops_level": 26,
            "requirements": [
                {
                    "id": 0,
                    "type": "building",
                    "name": "Operations",
                    "value": 26
                },
                {
                    "id": 9,
                    "type": "building",
                    "name": "Dilithium Generator A",
                    "value": 26
                }
            ],
            "build_costs": {
                "resources": [
                    {
                        "id": 2325683920,
                        "type": "Parsteel",
                        "value": 2983500
                    },
                    {
                        "id": 2614028847,
                        "type": "Dilithium",
                        "value": 146250
                    }
                ],
                "materials": [
                    {
                        "id": 2453327618,
                        "type": "3\u2605 Uncommon Ore",
                        "grade": 3,
                        "rarity": 2,
                        "value": 5
                    }
                ],
                "others": []
            },
            "rewards": null
        },
        {
            "level": 27,
            "power": 6750,
            "increased_power": 750,
            "build_time": 368640,
            "bonuses": [
                {
                    "id": 1,
                    "value": 166000.0
                }
            ],
            "required_ops_level": 27,
            "requirements": [
                {
                    "id": 0,
                    "type": "building",
                    "name": "Operations",
                    "value": 27
                },
                {
                    "id": 9,
                    "type": "building",
                    "name": "Dilithium Generator A",
                    "value": 27
                }
            ],
            "build_costs": {
                "resources": [
                    {
                        "id": 2325683920,
                        "type": "Parsteel",
                        "value": 4553280
                    },
                    {
                        "id": 2614028847,
                        "type": "Dilithium",
                        "value": 223200
                    }
                ],
                "materials": [
                    {
                        "id": 813886518,
                        "type": "3\u2605 Common Ore",
                        "grade": 3,
                        "rarity": 1,
                        "value": 290
                    },
                    {
                        "id": 2453327618,
                        "type": "3\u2605 Uncommon Ore",
                        "grade": 3,
                        "rarity": 2,
                        "value": 10
                    }
                ],
                "others": []
            },
            "rewards": null
        },
        {
            "level": 28,
            "power": 7500,
            "increased_power": 750,
            "build_time": 427680,
            "bonuses": [
                {
                    "id": 1,
                    "value": 240000.0
                }
            ],
            "required_ops_level": 28,
            "requirements": [
                {
                    "id": 0,
                    "type": "building",
                    "name": "Operations",
                    "value": 28
                },
                {
                    "id": 9,
                    "type": "building",
                    "name": "Dilithium Generator A",
                    "value": 28
                }
            ],
            "build_costs": {
                "resources": [
                    {
                        "id": 2325683920,
                        "type": "Parsteel",
                        "value": 6829920
                    },
                    {
                        "id": 2614028847,
                        "type": "Dilithium",
                        "value": 334800
                    }
                ],
                "materials": [
                    {
                        "id": 2453327618,
                        "type": "3\u2605 Uncommon Ore",
                        "grade": 3,
                        "rarity": 2,
                        "value": 17
                    }
                ],
                "others": []
            },
            "rewards": null
        },
        {
            "level": 29,
            "power": 8500,
            "increased_power": 1000,
            "build_time": 470880,
            "bonuses": [
                {
                    "id": 1,
                    "value": 345000.0
                }
            ],
            "required_ops_level": 29,
            "requirements": [
                {
                    "id": 0,
                    "type": "building",
                    "name": "Operations",
                    "value": 29
                },
                {
                    "id": 9,
                    "type": "building",
                    "name": "Dilithium Generator A",
                    "value": 29
                }
            ],
            "build_costs": {
                "resources": [
                    {
                        "id": 2325683920,
                        "type": "Parsteel",
                        "value": 10873200
                    },
                    {
                        "id": 2614028847,
                        "type": "Dilithium",
                        "value": 533000
                    }
                ],
                "materials": [
                    {
                        "id": 2453327618,
                        "type": "3\u2605 Uncommon Ore",
                        "grade": 3,
                        "rarity": 2,
                        "value": 26
                    }
                ],
                "others": []
            },
            "rewards": null
        },
        {
            "level": 30,
            "power": 9500,
            "increased_power": 1000,
            "build_time": 511200,
            "bonuses": [
                {
                    "id": 1,
                    "value": 480000.0
                }
            ],
            "required_ops_level": 30,
            "requirements": [
                {
                    "id": 0,
                    "type": "building",
                    "name": "Operations",
                    "value": 30
                },
                {
                    "id": 9,
                    "type": "building",
                    "name": "Dilithium Generator A",
                    "value": 30
                }
            ],
            "build_costs": {
                "resources": [
                    {
                        "id": 2325683920,
                        "type": "Parsteel",
                        "value": 15912000
                    },
                    {
                        "id": 2614028847,
                        "type": "Dilithium",
                        "value": 780000
                    }
                ],
                "materials": [
                    {
                        "id": 813886518,
                        "type": "3\u2605 Common Ore",
                        "grade": 3,
                        "rarity": 1,
                        "value": 550
                    },
                    {
                        "id": 2453327618,
                        "type": "3\u2605 Uncommon Ore",
                        "grade": 3,
                        "rarity": 2,
                        "value": 37
                    }
                ],
                "others": []
            },
            "rewards": null
        },
        {
            "level": 31,
            "power": 10500,
            "increased_power": 1000,
            "build_time": 669600,
            "bonuses": [
                {
                    "id": 1,
                    "value": 650000.0
                }
            ],
            "required_ops_level": 31,
            "requirements": [
                {
                    "id": 0,
                    "type": "building",
                    "name": "Operations",
                    "value": 31
                },
                {
                    "id": 9,
                    "type": "building",
                    "name": "Dilithium Generator A",
                    "value": 31
                }
            ],
            "build_costs": {
                "resources": [
                    {
                        "id": 2325683920,
                        "type": "Parsteel",
                        "value": 25153200
                    },
                    {
                        "id": 2614028847,
                        "type": "Dilithium",
                        "value": 1233000
                    }
                ],
                "materials": [
                    {
                        "id": 2453327618,
                        "type": "3\u2605 Uncommon Ore",
                        "grade": 3,
                        "rarity": 2,
                        "value": 50
                    }
                ],
                "others": []
            },
            "rewards": null
        },
        {
            "level": 32,
            "power": 11750,
            "increased_power": 1250,
            "build_time": 655200,
            "bonuses": [
                {
                    "id": 1,
                    "value": 850000.0
                }
            ],
            "required_ops_level": 32,
            "requirements": [
                {
                    "id": 0,
                    "type": "building",
                    "name": "Operations",
                    "value": 32
                },
                {
                    "id": 9,
                    "type": "building",
                    "name": "Dilithium Generator A",
                    "value": 32
                }
            ],
            "build_costs": {
                "resources": [
                    {
                        "id": 2325683920,
                        "type": "Parsteel",
                        "value": 36332400
                    },
                    {
                        "id": 2614028847,
                        "type": "Dilithium",
                        "value": 1781000
                    }
                ],
                "materials": [
                    {
                        "id": 813886518,
                        "type": "3\u2605 Common Ore",
                        "grade": 3,
                        "rarity": 1,
                        "value": 800
                    },
                    {
                        "id": 2453327618,
                        "type": "3\u2605 Uncommon Ore",
                        "grade": 3,
                        "rarity": 2,
                        "value": 65
                    }
                ],
                "others": []
            },
            "rewards": null
        },
        {
            "level": 33,
            "power": 13000,
            "increased_power": 1250,
            "build_time": 951840,
            "bonuses": [
                {
                    "id": 1,
                    "value": 1100000.0
                }
            ],
            "required_ops_level": 33,
            "requirements": [
                {
                    "id": 0,
                    "type": "building",
                    "name": "Operations",
                    "value": 33
                },
                {
                    "id": 9,
                    "type": "building",
                    "name": "Dilithium Generator A",
                    "value": 33
                }
            ],
            "build_costs": {
                "resources": [
                    {
                        "id": 2325683920,
                        "type": "Parsteel",
                        "value": 56202000
                    },
                    {
                        "id": 2614028847,
                        "type": "Dilithium",
                        "value": 2755000
                    }
                ],
                "materials": [
                    {
                        "id": 2453327618,
                        "type": "3\u2605 Uncommon Ore",
                        "grade": 3,
                        "rarity": 2,
                        "value": 80
                    }
                ],
                "others": []
            },
            "rewards": null
        },
        {
            "level": 34,
            "power": 14250,
            "increased_power": 1250,
            "build_time": 1260000,
            "bonuses": [
                {
                    "id": 1,
                    "value": 1550000.0
                }
            ],
            "required_ops_level": 34,
            "requirements": [
                {
                    "id": 0,
                    "type": "building",
                    "name": "Operations",
                    "value": 34
                },
                {
                    "id": 9,
                    "type": "building",
                    "name": "Dilithium Generator A",
                    "value": 34
                }
            ],
            "build_costs": {
                "resources": [
                    {
                        "id": 2325683920,
                        "type": "Parsteel",
                        "value": 88740000
                    },
                    {
                        "id": 2614028847,
                        "type": "Dilithium",
                        "value": 4350000
                    }
                ],
                "materials": [
                    {
                        "id": 2453327618,
                        "type": "3\u2605 Uncommon Ore",
                        "grade": 3,
                        "rarity": 2,
                        "value": 100
                    }
                ],
                "others": []
            },
            "rewards": null
        },
        {
            "level": 35,
            "power": 15500,
            "increased_power": 1250,
            "build_time": 1660320,
            "bonuses": [
                {
                    "id": 1,
                    "value": 1950000.0
                }
            ],
            "required_ops_level": 35,
            "requirements": [
                {
                    "id": 0,
                    "type": "building",
                    "name": "Operations",
                    "value": 35
                },
                {
                    "id": 9,
                    "type": "building",
                    "name": "Dilithium Generator A",
                    "value": 35
                }
            ],
            "build_costs": {
                "resources": [
                    {
                        "id": 2325683920,
                        "type": "Parsteel",
                        "value": 137332800
                    },
                    {
                        "id": 2614028847,
                        "type": "Dilithium",
                        "value": 6732000
                    }
                ],
                "materials": [
                    {
                        "id": 813886518,
                        "type": "3\u2605 Common Ore",
                        "grade": 3,
                        "rarity": 1,
                        "value": 1300
                    },
                    {
                        "id": 2453327618,
                        "type": "3\u2605 Uncommon Ore",
                        "grade": 3,
                        "rarity": 2,
                        "value": 120
                    }
                ],
                "others": []
            },
            "rewards": null
        },
        {
            "level": 36,
            "power": 17000,
            "increased_power": 1500,
            "build_time": 2121120,
            "bonuses": [
                {
                    "id": 1,
                    "value": 2250000.0
                }
            ],
            "required_ops_level": 36,
            "requirements": [
                {
                    "id": 0,
                    "type": "building",
                    "name": "Operations",
                    "value": 36
                },
                {
                    "id": 9,
                    "type": "building",
                    "name": "Dilithium Generator A",
                    "value": 36
                }
            ],
            "build_costs": {
                "resources": [
                    {
                        "id": 2325683920,
                        "type": "Parsteel",
                        "value": 193514400
                    },
                    {
                        "id": 2614028847,
                        "type": "Dilithium",
                        "value": 9486000
                    }
                ],
                "materials": [
                    {
                        "id": 2453327618,
                        "type": "3\u2605 Uncommon Ore",
                        "grade": 3,
                        "rarity": 2,
                        "value": 150
                    }
                ],
                "others": []
            },
            "rewards": null
        },
        {
            "level": 37,
            "power": 18750,
            "increased_power": 1750,
            "build_time": 2193120,
            "bonuses": [
                {
                    "id": 1,
                    "value": 2650000.0
                }
            ],
            "required_ops_level": 37,
            "requirements": [
                {
                    "id": 0,
                    "type": "building",
                    "name": "Operations",
                    "value": 37
                },
                {
                    "id": 9,
                    "type": "building",
                    "name": "Dilithium Generator A",
                    "value": 37
                }
            ],
            "build_costs": {
                "resources": [
                    {
                        "id": 2325683920,
                        "type": "Parsteel",
                        "value": 297432000
                    },
                    {
                        "id": 2614028847,
                        "type": "Dilithium",
                        "value": 14580000
                    }
                ],
                "materials": [
                    {
                        "id": 2453327618,
                        "type": "3\u2605 Uncommon Ore",
                        "grade": 3,
                        "rarity": 2,
                        "value": 170
                    }
                ],
                "others": []
            },
            "rewards": null
        },
        {
            "level": 38,
            "power": 20500,
            "increased_power": 1750,
            "build_time": 3556800,
            "bonuses": [
                {
                    "id": 1,
                    "value": 3100000.0
                }
            ],
            "required_ops_level": 38,
            "requirements": [
                {
                    "id": 0,
                    "type": "building",
                    "name": "Operations",
                    "value": 38
                },
                {
                    "id": 8,
                    "type": "building",
                    "name": "Tritanium Warehouse",
                    "value": 38
                },
                {
                    "id": 9,
                    "type": "building",
                    "name": "Dilithium Generator A",
                    "value": 38
                }
            ],
            "build_costs": {
                "resources": [
                    {
                        "id": 2325683920,
                        "type": "Parsteel",
                        "value": 462672000
                    },
                    {
                        "id": 2614028847,
                        "type": "Dilithium",
                        "value": 22680000
                    }
                ],
                "materials": [
                    {
                        "id": 813886518,
                        "type": "3\u2605 Common Ore",
                        "grade": 3,
                        "rarity": 1,
                        "value": 2100
                    },
                    {
                        "id": 2453327618,
                        "type": "3\u2605 Uncommon Ore",
                        "grade": 3,
                        "rarity": 2,
                        "value": 200
                    }
                ],
                "others": []
            },
            "rewards": null
        },
        {
            "level": 39,
            "power": 22000,
            "increased_power": 1500,
            "build_time": 4720320,
            "bonuses": [
                {
                    "id": 1,
                    "value": 3300000.0
                }
            ],
            "required_ops_level": 39,
            "requirements": [
                {
                    "id": 0,
                    "type": "building",
                    "name": "Operations",
                    "value": 39
                },
                {
                    "id": 9,
                    "type": "building",
                    "name": "Dilithium Generator A",
                    "value": 39
                }
            ],
            "build_costs": {
                "resources": [
                    {
                        "id": 2325683920,
                        "type": "Parsteel",
                        "value": 789480000
                    },
                    {
                        "id": 2614028847,
                        "type": "Dilithium",
                        "value": 38700000
                    }
                ],
                "materials": [],
                "others": []
            },
            "rewards": null
        },
        {
            "level": 40,
            "power": 24000,
            "increased_power": 2000,
            "build_time": 8377920,
            "bonuses": [
                {
                    "id": 1,
                    "value": 3500000.0
                }
            ],
            "required_ops_level": 40,
            "requirements": [
                {
                    "id": 0,
                    "type": "building",
                    "name": "Operations",
                    "value": 40
                },
                {
                    "id": 9,
                    "type": "building",
                    "name": "Dilithium Generator A",
                    "value": 40
                }
            ],
            "build_costs": {
                "resources": [
                    {
                        "id": 2325683920,
                        "type": "Parsteel",
                        "value": 3438624000
                    },
                    {
                        "id": 2614028847,
                        "type": "Dilithium",
                        "value": 60200000
                    }
                ],
                "materials": [
                    {
                        "id": 3452257709,
                        "type": "4\u2605 Common Ore",
                        "grade": 4,
                        "rarity": 1,
                        "value": 6000
                    }
                ],
                "others": []
            },
            "rewards": null
        },
        {
            "level": 41,
            "power": 26000,
            "increased_power": 2000,
            "build_time": 7850880,
            "bonuses": [
                {
                    "id": 1,
                    "value": 3650000.0
                }
            ],
            "required_ops_level": 41,
            "requirements": [
                {
                    "id": 0,
                    "type": "building",
                    "name": "Operations",
                    "value": 41
                },
                {
                    "id": 9,
                    "type": "building",
                    "name": "Dilithium Generator A",
                    "value": 41
                }
            ],
            "build_costs": {
                "resources": [
                    {
                        "id": 2325683920,
                        "type": "Parsteel",
                        "value": 3508800000
                    },
                    {
                        "id": 2614028847,
                        "type": "Dilithium",
                        "value": 86000000
                    }
                ],
                "materials": [
                    {
                        "id": 3452257709,
                        "type": "4\u2605 Common Ore",
                        "grade": 4,
                        "rarity": 1,
                        "value": 9000
                    }
                ],
                "others": []
            },
            "rewards": null
        },
        {
            "level": 42,
            "power": 28000,
            "increased_power": 2000,
            "build_time": 12068640,
            "bonuses": [
                {
                    "id": 1,
                    "value": 4750000.0
                }
            ],
            "required_ops_level": 42,
            "requirements": [
                {
                    "id": 0,
                    "type": "building",
                    "name": "Operations",
                    "value": 42
                },
                {
                    "id": 9,
                    "type": "building",
                    "name": "Dilithium Generator A",
                    "value": 42
                }
            ],
            "build_costs": {
                "resources": [
                    {
                        "id": 2325683920,
                        "type": "Parsteel",
                        "value": 5226480000
                    },
                    {
                        "id": 2614028847,
                        "type": "Dilithium",
                        "value": 128100000
                    }
                ],
                "materials": [
                    {
                        "id": 3452257709,
                        "type": "4\u2605 Common Ore",
                        "grade": 4,
                        "rarity": 1,
                        "value": 10000
                    },
                    {
                        "id": 920308245,
                        "type": "4\u2605 Rare Ore",
                        "grade": 4,
                        "rarity": 3,
                        "value": 400
                    }
                ],
                "others": []
            },
            "rewards": null
        },
        {
            "level": 43,
            "power": 30500,
            "increased_power": 2500,
            "build_time": 15945120,
            "bonuses": [
                {
                    "id": 1,
                    "value": 6450000.0
                }
            ],
            "required_ops_level": 43,
            "requirements": [
                {
                    "id": 0,
                    "type": "building",
                    "name": "Operations",
                    "value": 43
                },
                {
                    "id": 9,
                    "type": "building",
                    "name": "Dilithium Generator A",
                    "value": 43
                }
            ],
            "build_costs": {
                "resources": [
                    {
                        "id": 2325683920,
                        "type": "Parsteel",
                        "value": 7466400000
                    },
                    {
                        "id": 2614028847,
                        "type": "Dilithium",
                        "value": 183000000
                    }
                ],
                "materials": [
                    {
                        "id": 1904955588,
                        "type": "4\u2605 Uncommon Ore",
                        "grade": 4,
                        "rarity": 2,
                        "value": 1000
                    },
                    {
                        "id": 920308245,
                        "type": "4\u2605 Rare Ore",
                        "grade": 4,
                        "rarity": 3,
                        "value": 600
                    }
                ],
                "others": []
            },
            "rewards": null
        },
        {
            "level": 44,
            "power": 33000,
            "increased_power": 2500,
            "build_time": 20812320,
            "bonuses": [
                {
                    "id": 1,
                    "value": 9150000.0
                }
            ],
            "required_ops_level": 44,
            "requirements": [
                {
                    "id": 0,
                    "type": "building",
                    "name": "Operations",
                    "value": 44
                },
                {
                    "id": 9,
                    "type": "building",
                    "name": "Dilithium Generator A",
                    "value": 44
                }
            ],
            "build_costs": {
                "resources": [
                    {
                        "id": 2325683920,
                        "type": "Parsteel",
                        "value": 11199600000
                    },
                    {
                        "id": 2614028847,
                        "type": "Dilithium",
                        "value": 274500000
                    }
                ],
                "materials": [
                    {
                        "id": 1904955588,
                        "type": "4\u2605 Uncommon Ore",
                        "grade": 4,
                        "rarity": 2,
                        "value": 2000
                    },
                    {
                        "id": 920308245,
                        "type": "4\u2605 Rare Ore",
                        "grade": 4,
                        "rarity": 3,
                        "value": 1200
                    }
                ],
                "others": []
            },
            "rewards": null
        },
        {
            "level": 45,
            "power": 35500,
            "increased_power": 2500,
            "build_time": 26867520,
            "bonuses": [
                {
                    "id": 1,
                    "value": 11500000.0
                }
            ],
            "required_ops_level": 45,
            "requirements": [
                {
                    "id": 0,
                    "type": "building",
                    "name": "Operations",
                    "value": 45
                },
                {
                    "id": 9,
                    "type": "building",
                    "name": "Dilithium Generator A",
                    "value": 45
                },
                {
                    "id": 61,
                    "type": "building",
                    "name": "Tritanium Vault",
                    "value": 45
                }
            ],
            "build_costs": {
                "resources": [
                    {
                        "id": 2325683920,
                        "type": "Parsteel",
                        "value": 15912000000
                    },
                    {
                        "id": 2614028847,
                        "type": "Dilithium",
                        "value": 390000000
                    }
                ],
                "materials": [
                    {
                        "id": 1904955588,
                        "type": "4\u2605 Uncommon Ore",
                        "grade": 4,
                        "rarity": 2,
                        "value": 8000
                    }
                ],
                "others": []
            },
            "rewards": null
        },
        {
            "level": 46,
            "power": 38000,
            "increased_power": 2500,
            "build_time": 34344000,
            "bonuses": [
                {
                    "id": 1,
                    "value": 15000000.0
                }
            ],
            "required_ops_level": 46,
            "requirements": [
                {
                    "id": 0,
                    "type": "building",
                    "name": "Operations",
                    "value": 46
                },
                {
                    "id": 9,
                    "type": "building",
                    "name": "Dilithium Generator A",
                    "value": 46
                }
            ],
            "build_costs": {
                "resources": [
                    {
                        "id": 2325683920,
                        "type": "Parsteel",
                        "value": 21879000000
                    },
                    {
                        "id": 2614028847,
                        "type": "Dilithium",
                        "value": 536250000
                    }
                ],
                "materials": [
                    {
                        "id": 1904955588,
                        "type": "4\u2605 Uncommon Ore",
                        "grade": 4,
                        "rarity": 2,
                        "value": 1500
                    },
                    {
                        "id": 920308245,
                        "type": "4\u2605 Rare Ore",
                        "grade": 4,
                        "rarity": 3,
                        "value": 250
                    }
                ],
                "others": []
            },
            "rewards": null
        },
        {
            "level": 47,
            "power": 41000,
            "increased_power": 3000,
            "build_time": 43506720,
            "bonuses": [
                {
                    "id": 1,
                    "value": 20000000.0
                }
            ],
            "required_ops_level": 47,
            "requirements": [
                {
                    "id": 0,
                    "type": "building",
                    "name": "Operations",
                    "value": 47
                },
                {
                    "id": 9,
                    "type": "building",
                    "name": "Dilithium Generator A",
                    "value": 47
                },
                {
                    "id": 61,
                    "type": "building",
                    "name": "Tritanium Vault",
                    "value": 47
                }
            ],
            "build_costs": {
                "resources": [
                    {
                        "id": 2325683920,
                        "type": "Parsteel",
                        "value": 31824000000
                    },
                    {
                        "id": 2614028847,
                        "type": "Dilithium",
                        "value": 780000000
                    }
                ],
                "materials": [
                    {
                        "id": 1904955588,
                        "type": "4\u2605 Uncommon Ore",
                        "grade": 4,
                        "rarity": 2,
                        "value": 3000
                    },
                    {
                        "id": 920308245,
                        "type": "4\u2605 Rare Ore",
                        "grade": 4,
                        "rarity": 3,
                        "value": 500
                    }
                ],
                "others": []
            },
            "rewards": null
        },
        {
            "level": 48,
            "power": 44000,
            "increased_power": 3000,
            "build_time": 54660960,
            "bonuses": [
                {
                    "id": 1,
                    "value": 28000000.0
                }
            ],
            "required_ops_level": 48,
            "requirements": [
                {
                    "id": 0,
                    "type": "building",
                    "name": "Operations",
                    "value": 48
                },
                {
                    "id": 9,
                    "type": "building",
                    "name": "Dilithium Generator A",
                    "value": 48
                }
            ],
            "build_costs": {
                "resources": [
                    {
                        "id": 2325683920,
                        "type": "Parsteel",
                        "value": 51408000000
                    },
                    {
                        "id": 2614028847,
                        "type": "Dilithium",
                        "value": 1260000000
                    }
                ],
                "materials": [
                    {
                        "id": 3452257709,
                        "type": "4\u2605 Common Ore",
                        "grade": 4,
                        "rarity": 1,
                        "value": 50000
                    },
                    {
                        "id": 920308245,
                        "type": "4\u2605 Rare Ore",
                        "grade": 4,
                        "rarity": 3,
                        "value": 1200
                    }
                ],
                "others": []
            },
            "rewards": null
        },
        {
            "level": 49,
            "power": 47000,
            "increased_power": 3000,
            "build_time": 68152320,
            "bonuses": [
                {
                    "id": 1,
                    "value": 43500000.0
                }
            ],
            "required_ops_level": 49,
            "requirements": [
                {
                    "id": 0,
                    "type": "building",
                    "name": "Operations",
                    "value": 49
                },
                {
                    "id": 9,
                    "type": "building",
                    "name": "Dilithium Generator A",
                    "value": 49
                },
                {
                    "id": 61,
                    "type": "building",
                    "name": "Tritanium Vault",
                    "value": 49
                }
            ],
            "build_costs": {
                "resources": [
                    {
                        "id": 2325683920,
                        "type": "Parsteel",
                        "value": 85680000000
                    },
                    {
                        "id": 2614028847,
                        "type": "Dilithium",
                        "value": 2100000000
                    }
                ],
                "materials": [
                    {
                        "id": 3452257709,
                        "type": "4\u2605 Common Ore",
                        "grade": 4,
                        "rarity": 1,
                        "value": 70000
                    },
                    {
                        "id": 920308245,
                        "type": "4\u2605 Rare Ore",
                        "grade": 4,
                        "rarity": 3,
                        "value": 4500
                    }
                ],
                "others": []
            },
            "rewards": null
        },
        {
            "level": 50,
            "power": 50000,
            "increased_power": 3000,
            "build_time": 84376800,
            "bonuses": [
                {
                    "id": 1,
                    "value": 70000000.0
                }
            ],
            "required_ops_level": 50,
            "requirements": [
                {
                    "id": 0,
                    "type": "building",
                    "name": "Operations",
                    "value": 50
                },
                {
                    "id": 9,
                    "type": "building",
                    "name": "Dilithium Generator A",
                    "value": 50
                }
            ],
            "build_costs": {
                "resources": [
                    {
                        "id": 2325683920,
                        "type": "Parsteel",
                        "value": 149940000000
                    },
                    {
                        "id": 2614028847,
                        "type": "Dilithium",
                        "value": 3675000000
                    }
                ],
                "materials": [],
                "others": []
            },
            "rewards": null
        },
        {
            "level": 51,
            "power": 53500,
            "increased_power": 3500,
            "build_time": 89439840,
            "bonuses": [
                {
                    "id": 1,
                    "value": 105000000.0
                }
            ],
            "required_ops_level": 51,
            "requirements": [
                {
                    "id": 0,
                    "type": "building",
                    "name": "Operations",
                    "value": 51
                },
                {
                    "id": 9,
                    "type": "building",
                    "name": "Dilithium Generator A",
                    "value": 51
                }
            ],
            "build_costs": {
                "resources": [
                    {
                        "id": 2325683920,
                        "type": "Parsteel",
                        "value": 747864000000
                    },
                    {
                        "id": 2614028847,
                        "type": "Dilithium",
                        "value": 7800000000
                    }
                ],
                "materials": [
                    {
                        "id": 2893480370,
                        "type": "5\u2605 Common Ore",
                        "grade": 5,
                        "rarity": 1,
                        "value": 8500
                    }
                ],
                "others": []
            },
            "rewards": null
        },
        {
            "level": 52,
            "power": 57000,
            "increased_power": 3500,
            "build_time": 94805280,
            "bonuses": [
                {
                    "id": 1,
                    "value": 155000000.0
                }
            ],
            "required_ops_level": 52,
            "requirements": [
                {
                    "id": 0,
                    "type": "building",
                    "name": "Operations",
                    "value": 52
                },
                {
                    "id": 9,
                    "type": "building",
                    "name": "Dilithium Generator A",
                    "value": 52
                },
                {
                    "id": 61,
                    "type": "building",
                    "name": "Tritanium Vault",
                    "value": 52
                }
            ],
            "build_costs": {
                "resources": [
                    {
                        "id": 2325683920,
                        "type": "Parsteel",
                        "value": 1352520000000
                    },
                    {
                        "id": 2614028847,
                        "type": "Dilithium",
                        "value": 13260000000
                    }
                ],
                "materials": [
                    {
                        "id": 2893480370,
                        "type": "5\u2605 Common Ore",
                        "grade": 5,
                        "rarity": 1,
                        "value": 18800
                    },
                    {
                        "id": 2258174662,
                        "type": "5\u2605 Uncommon Ore",
                        "grade": 5,
                        "rarity": 2,
                        "value": 4300
                    }
                ],
                "others": []
            },
            "rewards": null
        },
        {
            "level": 53,
            "power": 61000,
            "increased_power": 4000,
            "build_time": 100494720,
            "bonuses": [
                {
                    "id": 1,
                    "value": 230000000.0
                }
            ],
            "required_ops_level": 53,
            "requirements": [
                {
                    "id": 0,
                    "type": "building",
                    "name": "Operations",
                    "value": 53
                },
                {
                    "id": 9,
                    "type": "building",
                    "name": "Dilithium Generator A",
                    "value": 53
                }
            ],
            "build_costs": {
                "resources": [
                    {
                        "id": 2325683920,
                        "type": "Parsteel",
                        "value": 2271744000000
                    },
                    {
                        "id": 2614028847,
                        "type": "Dilithium",
                        "value": 23200000000
                    }
                ],
                "materials": [
                    {
                        "id": 2893480370,
                        "type": "5\u2605 Common Ore",
                        "grade": 5,
                        "rarity": 1,
                        "value": 37500
                    },
                    {
                        "id": 2258174662,
                        "type": "5\u2605 Uncommon Ore",
                        "grade": 5,
                        "rarity": 2,
                        "value": 3100
                    }
                ],
                "others": []
            },
            "rewards": null
        },
        {
            "level": 54,
            "power": 65000,
            "increased_power": 4000,
            "build_time": 106524000,
            "bonuses": [
                {
                    "id": 1,
                    "value": 350000000.0
                }
            ],
            "required_ops_level": 54,
            "requirements": [
                {
                    "id": 0,
                    "type": "building",
                    "name": "Operations",
                    "value": 54
                },
                {
                    "id": 9,
                    "type": "building",
                    "name": "Dilithium Generator A",
                    "value": 54
                }
            ],
            "build_costs": {
                "resources": [
                    {
                        "id": 2325683920,
                        "type": "Parsteel",
                        "value": 3407616000000
                    },
                    {
                        "id": 2614028847,
                        "type": "Dilithium",
                        "value": 34800000000
                    }
                ],
                "materials": [
                    {
                        "id": 2258174662,
                        "type": "5\u2605 Uncommon Ore",
                        "grade": 5,
                        "rarity": 2,
                        "value": 10400
                    },
                    {
                        "id": 4109746240,
                        "type": "5\u2605 Rare Ore",
                        "grade": 5,
                        "rarity": 3,
                        "value": 800
                    }
                ],
                "others": []
            },
            "rewards": null
        },
        {
            "level": 55,
            "power": 69000,
            "increased_power": 4000,
            "build_time": 112914720,
            "bonuses": [
                {
                    "id": 1,
                    "value": 520000000.0
                }
            ],
            "required_ops_level": 55,
            "requirements": [
                {
                    "id": 0,
                    "type": "building",
                    "name": "Operations",
                    "value": 55
                },
                {
                    "id": 9,
                    "type": "building",
                    "name": "Dilithium Generator A",
                    "value": 55
                },
                {
                    "id": 61,
                    "type": "building",
                    "name": "Tritanium Vault",
                    "value": 55
                }
            ],
            "build_costs": {
                "resources": [
                    {
                        "id": 2325683920,
                        "type": "Parsteel",
                        "value": 5791968000000
                    },
                    {
                        "id": 2614028847,
                        "type": "Dilithium",
                        "value": 54600000000
                    }
                ],
                "materials": [
                    {
                        "id": 4109746240,
                        "type": "5\u2605 Rare Ore",
                        "grade": 5,
                        "rarity": 3,
                        "value": 4800
                    }
                ],
                "others": []
            },
            "rewards": null
        },
        {
            "level": 56,
            "power": 73000,
            "increased_power": 4000,
            "build_time": 119689920,
            "bonuses": [
                {
                    "id": 1,
                    "value": 780000000.0
                }
            ],
            "required_ops_level": 56,
            "requirements": [
                {
                    "id": 0,
                    "type": "building",
                    "name": "Operations",
                    "value": 56
                },
                {
                    "id": 9,
                    "type": "building",
                    "name": "Dilithium Generator A",
                    "value": 56
                }
            ],
            "build_costs": {
                "resources": [
                    {
                        "id": 2325683920,
                        "type": "Parsteel",
                        "value": 9101664000000
                    },
                    {
                        "id": 2614028847,
                        "type": "Dilithium",
                        "value": 85800000000
                    }
                ],
                "materials": [
                    {
                        "id": 2893480370,
                        "type": "5\u2605 Common Ore",
                        "grade": 5,
                        "rarity": 1,
                        "value": 56400
                    },
                    {
                        "id": 4109746240,
                        "type": "5\u2605 Rare Ore",
                        "grade": 5,
                        "rarity": 3,
                        "value": 2100
                    }
                ],
                "others": []
            },
            "rewards": null
        },
        {
            "level": 57,
            "power": 77000,
            "increased_power": 4000,
            "build_time": 126871200,
            "bonuses": [
                {
                    "id": 1,
                    "value": 1150000000.0
                }
            ],
            "required_ops_level": 57,
            "requirements": [
                {
                    "id": 0,
                    "type": "building",
                    "name": "Operations",
                    "value": 57
                },
                {
                    "id": 9,
                    "type": "building",
                    "name": "Dilithium Generator A",
                    "value": 57
                },
                {
                    "id": 61,
                    "type": "building",
                    "name": "Tritanium Vault",
                    "value": 57
                }
            ],
            "build_costs": {
                "resources": [
                    {
                        "id": 2325683920,
                        "type": "Parsteel",
                        "value": 14248665600000
                    },
                    {
                        "id": 2614028847,
                        "type": "Dilithium",
                        "value": 134320000000
                    }
                ],
                "materials": [
                    {
                        "id": 2893480370,
                        "type": "5\u2605 Common Ore",
                        "grade": 5,
                        "rarity": 1,
                        "value": 60700
                    },
                    {
                        "id": 4109746240,
                        "type": "5\u2605 Rare Ore",
                        "grade": 5,
                        "rarity": 3,
                        "value": 4300
                    }
                ],
                "others": []
            },
            "rewards": null
        },
        {
            "level": 58,
            "power": 82000,
            "increased_power": 5000,
            "build_time": 134484480,
            "bonuses": [
                {
                    "id": 1,
                    "value": 1750000000.0
                }
            ],
            "required_ops_level": 58,
            "requirements": [
                {
                    "id": 0,
                    "type": "building",
                    "name": "Operations",
                    "value": 58
                },
                {
                    "id": 9,
                    "type": "building",
                    "name": "Dilithium Generator A",
                    "value": 58
                }
            ],
            "build_costs": {
                "resources": [
                    {
                        "id": 2325683920,
                        "type": "Parsteel",
                        "value": 20586700800000
                    },
                    {
                        "id": 2614028847,
                        "type": "Dilithium",
                        "value": 210240000000
                    }
                ],
                "materials": [
                    {
                        "id": 2893480370,
                        "type": "5\u2605 Common Ore",
                        "grade": 5,
                        "rarity": 1,
                        "value": 70900
                    },
                    {
                        "id": 4109746240,
                        "type": "5\u2605 Rare Ore",
                        "grade": 5,
                        "rarity": 3,
                        "value": 5200
                    }
                ],
                "others": []
            },
            "rewards": null
        },
        {
            "level": 59,
            "power": 87000,
            "increased_power": 5000,
            "build_time": 142552800,
            "bonuses": [
                {
                    "id": 1,
                    "value": 2650000000.0
                }
            ],
            "required_ops_level": 59,
            "requirements": [
                {
                    "id": 0,
                    "type": "building",
                    "name": "Operations",
                    "value": 59
                },
                {
                    "id": 9,
                    "type": "building",
                    "name": "Dilithium Generator A",
                    "value": 59
                },
                {
                    "id": 61,
                    "type": "building",
                    "name": "Tritanium Vault",
                    "value": 59
                }
            ],
            "build_costs": {
                "resources": [
                    {
                        "id": 2325683920,
                        "type": "Parsteel",
                        "value": 30880051200000
                    },
                    {
                        "id": 2614028847,
                        "type": "Dilithium",
                        "value": 315360000000
                    }
                ],
                "materials": [
                    {
                        "id": 2893480370,
                        "type": "5\u2605 Common Ore",
                        "grade": 5,
                        "rarity": 1,
                        "value": 129800
                    },
                    {
                        "id": 4109746240,
                        "type": "5\u2605 Rare Ore",
                        "grade": 5,
                        "rarity": 3,
                        "value": 12900
                    }
                ],
                "others": []
            },
            "rewards": null
        },
        {
            "level": 60,
            "power": 92000,
            "increased_power": 5000,
            "build_time": 151106400,
            "bonuses": [
                {
                    "id": 1,
                    "value": 3950000000.0
                }
            ],
            "required_ops_level": 60,
            "requirements": [
                {
                    "id": 0,
                    "type": "building",
                    "name": "Operations",
                    "value": 60
                },
                {
                    "id": 9,
                    "type": "building",
                    "name": "Dilithium Generator A",
                    "value": 60
                }
            ],
            "build_costs": {
                "resources": [
                    {
                        "id": 2325683920,
                        "type": "Parsteel",
                        "value": 48225600000000
                    },
                    {
                        "id": 2614028847,
                        "type": "Dilithium",
                        "value": 492500000000
                    }
                ],
                "materials": [
                    {
                        "id": 2893480370,
                        "type": "5\u2605 Common Ore",
                        "grade": 5,
                        "rarity": 1,
                        "value": 115100
                    },
                    {
                        "id": 4109746240,
                        "type": "5\u2605 Rare Ore",
                        "grade": 5,
                        "rarity": 3,
                        "value": 7600
                    }
                ],
                "others": []
            },
            "rewards": null
        }
    ]
}