{
    "id": 23,
    "name": "Armada Control Center",
    "description": "The Armada Control Center allows you to initiate Armada attacks on hostile targets. Upgrade the Center to increase the number of allied ships that can join your Armada attacks.",
    "group": 0,
    "start_level": 0,
    "bonuses": [
        {
            "id": 1,
            "name": "Armada Damage Bonus",
            "is_percentage": true
        },
        {
            "id": 2,
            "name": "Armada Size",
            "is_percentage": false
        }
    ],
    "levels": [
        {
            "level": 1,
            "power": 30,
            "increased_power": 30,
            "build_time": 18,
            "bonuses": [
                {
                    "id": 1,
                    "value": 0.02
                },
                {
                    "id": 2,
                    "value": 2.0
                }
            ],
            "required_ops_level": 23,
            "requirements": [
                {
                    "id": 0,
                    "type": "building",
                    "name": "Operations",
                    "value": 23
                },
                {
                    "id": 3467022723,
                    "type": "research",
                    "name": "Unlock Armada Control Center",
                    "value": 1
                }
            ],
            "build_costs": {
                "resources": [
                    {
                        "id": 2325683920,
                        "type": "Parsteel",
                        "value": 75471
                    },
                    {
                        "id": 743985951,
                        "type": "Tritanium",
                        "value": 56603
                    },
                    {
                        "id": 2614028847,
                        "type": "Dilithium",
                        "value": 7547
                    }
                ],
                "materials": [],
                "others": []
            },
            "rewards": {
                "resources": [],
                "materials": [],
                "others": [
                    {
                        "id": 2306110757,
                        "type": "Armada Directives",
                        "value": 5
                    }
                ]
            }
        },
        {
            "level": 2,
            "power": 60,
            "increased_power": 30,
            "build_time": 70,
            "bonuses": [
                {
                    "id": 1,
                    "value": 0.04
                },
                {
                    "id": 2,
                    "value": 2.0
                }
            ],
            "required_ops_level": 23,
            "requirements": [
                {
                    "id": 0,
                    "type": "building",
                    "name": "Operations",
                    "value": 23
                }
            ],
            "build_costs": {
                "resources": [
                    {
                        "id": 2325683920,
                        "type": "Parsteel",
                        "value": 79443
                    },
                    {
                        "id": 743985951,
                        "type": "Tritanium",
                        "value": 59582
                    },
                    {
                        "id": 2614028847,
                        "type": "Dilithium",
                        "value": 7944
                    }
                ],
                "materials": [],
                "others": []
            },
            "rewards": {
                "resources": [],
                "materials": [],
                "others": [
                    {
                        "id": 2306110757,
                        "type": "Armada Directives",
                        "value": 5
                    }
                ]
            }
        },
        {
            "level": 3,
            "power": 95,
            "increased_power": 35,
            "build_time": 150,
            "bonuses": [
                {
                    "id": 1,
                    "value": 0.06
                },
                {
                    "id": 2,
                    "value": 2.0
                }
            ],
            "required_ops_level": 23,
            "requirements": [
                {
                    "id": 0,
                    "type": "building",
                    "name": "Operations",
                    "value": 23
                }
            ],
            "build_costs": {
                "resources": [
                    {
                        "id": 2325683920,
                        "type": "Parsteel",
                        "value": 83624
                    },
                    {
                        "id": 743985951,
                        "type": "Tritanium",
                        "value": 62718
                    },
                    {
                        "id": 2614028847,
                        "type": "Dilithium",
                        "value": 8362
                    }
                ],
                "materials": [],
                "others": []
            },
            "rewards": {
                "resources": [],
                "materials": [],
                "others": [
                    {
                        "id": 2306110757,
                        "type": "Armada Directives",
                        "value": 10
                    }
                ]
            }
        },
        {
            "level": 4,
            "power": 140,
            "increased_power": 45,
            "build_time": 240,
            "bonuses": [
                {
                    "id": 1,
                    "value": 0.08
                },
                {
                    "id": 2,
                    "value": 2.0
                }
            ],
            "required_ops_level": 23,
            "requirements": [
                {
                    "id": 0,
                    "type": "building",
                    "name": "Operations",
                    "value": 23
                }
            ],
            "build_costs": {
                "resources": [
                    {
                        "id": 2325683920,
                        "type": "Parsteel",
                        "value": 88025
                    },
                    {
                        "id": 743985951,
                        "type": "Tritanium",
                        "value": 66019
                    },
                    {
                        "id": 2614028847,
                        "type": "Dilithium",
                        "value": 8803
                    }
                ],
                "materials": [],
                "others": []
            },
            "rewards": {
                "resources": [],
                "materials": [],
                "others": [
                    {
                        "id": 2306110757,
                        "type": "Armada Directives",
                        "value": 10
                    }
                ]
            }
        },
        {
            "level": 5,
            "power": 180,
            "increased_power": 40,
            "build_time": 390,
            "bonuses": [
                {
                    "id": 1,
                    "value": 0.1
                },
                {
                    "id": 2,
                    "value": 2.0
                }
            ],
            "required_ops_level": 23,
            "requirements": [
                {
                    "id": 0,
                    "type": "building",
                    "name": "Operations",
                    "value": 23
                }
            ],
            "build_costs": {
                "resources": [
                    {
                        "id": 2325683920,
                        "type": "Parsteel",
                        "value": 92658
                    },
                    {
                        "id": 743985951,
                        "type": "Tritanium",
                        "value": 69494
                    },
                    {
                        "id": 2614028847,
                        "type": "Dilithium",
                        "value": 9266
                    }
                ],
                "materials": [],
                "others": []
            },
            "rewards": {
                "resources": [],
                "materials": [],
                "others": [
                    {
                        "id": 2306110757,
                        "type": "Armada Directives",
                        "value": 15
                    }
                ]
            }
        },
        {
            "level": 6,
            "power": 240,
            "increased_power": 60,
            "build_time": 660,
            "bonuses": [
                {
                    "id": 1,
                    "value": 0.12
                },
                {
                    "id": 2,
                    "value": 2.0
                }
            ],
            "required_ops_level": 23,
            "requirements": [
                {
                    "id": 0,
                    "type": "building",
                    "name": "Operations",
                    "value": 23
                }
            ],
            "build_costs": {
                "resources": [
                    {
                        "id": 2325683920,
                        "type": "Parsteel",
                        "value": 97535
                    },
                    {
                        "id": 743985951,
                        "type": "Tritanium",
                        "value": 73151
                    },
                    {
                        "id": 2614028847,
                        "type": "Dilithium",
                        "value": 9753
                    }
                ],
                "materials": [],
                "others": []
            },
            "rewards": {
                "resources": [],
                "materials": [],
                "others": [
                    {
                        "id": 2306110757,
                        "type": "Armada Directives",
                        "value": 15
                    }
                ]
            }
        },
        {
            "level": 7,
            "power": 310,
            "increased_power": 70,
            "build_time": 1260,
            "bonuses": [
                {
                    "id": 1,
                    "value": 0.14
                },
                {
                    "id": 2,
                    "value": 2.0
                }
            ],
            "required_ops_level": 23,
            "requirements": [
                {
                    "id": 0,
                    "type": "building",
                    "name": "Operations",
                    "value": 23
                }
            ],
            "build_costs": {
                "resources": [
                    {
                        "id": 2325683920,
                        "type": "Parsteel",
                        "value": 102668
                    },
                    {
                        "id": 743985951,
                        "type": "Tritanium",
                        "value": 77001
                    },
                    {
                        "id": 2614028847,
                        "type": "Dilithium",
                        "value": 10267
                    }
                ],
                "materials": [],
                "others": []
            },
            "rewards": {
                "resources": [],
                "materials": [],
                "others": [
                    {
                        "id": 2306110757,
                        "type": "Armada Directives",
                        "value": 20
                    }
                ]
            }
        },
        {
            "level": 8,
            "power": 400,
            "increased_power": 90,
            "build_time": 1800,
            "bonuses": [
                {
                    "id": 1,
                    "value": 0.16
                },
                {
                    "id": 2,
                    "value": 2.0
                }
            ],
            "required_ops_level": 23,
            "requirements": [
                {
                    "id": 0,
                    "type": "building",
                    "name": "Operations",
                    "value": 23
                }
            ],
            "build_costs": {
                "resources": [
                    {
                        "id": 2325683920,
                        "type": "Parsteel",
                        "value": 108072
                    },
                    {
                        "id": 743985951,
                        "type": "Tritanium",
                        "value": 81054
                    },
                    {
                        "id": 2614028847,
                        "type": "Dilithium",
                        "value": 10807
                    }
                ],
                "materials": [],
                "others": []
            },
            "rewards": {
                "resources": [],
                "materials": [],
                "others": [
                    {
                        "id": 2306110757,
                        "type": "Armada Directives",
                        "value": 20
                    }
                ]
            }
        },
        {
            "level": 9,
            "power": 500,
            "increased_power": 100,
            "build_time": 2640,
            "bonuses": [
                {
                    "id": 1,
                    "value": 0.18
                },
                {
                    "id": 2,
                    "value": 2.0
                }
            ],
            "required_ops_level": 23,
            "requirements": [
                {
                    "id": 0,
                    "type": "building",
                    "name": "Operations",
                    "value": 23
                }
            ],
            "build_costs": {
                "resources": [
                    {
                        "id": 2325683920,
                        "type": "Parsteel",
                        "value": 113760
                    },
                    {
                        "id": 743985951,
                        "type": "Tritanium",
                        "value": 85320
                    },
                    {
                        "id": 2614028847,
                        "type": "Dilithium",
                        "value": 11376
                    }
                ],
                "materials": [],
                "others": []
            },
            "rewards": {
                "resources": [],
                "materials": [],
                "others": [
                    {
                        "id": 2306110757,
                        "type": "Armada Directives",
                        "value": 25
                    }
                ]
            }
        },
        {
            "level": 10,
            "power": 625,
            "increased_power": 125,
            "build_time": 3000,
            "bonuses": [
                {
                    "id": 1,
                    "value": 0.2
                },
                {
                    "id": 2,
                    "value": 3.0
                }
            ],
            "required_ops_level": 23,
            "requirements": [
                {
                    "id": 0,
                    "type": "building",
                    "name": "Operations",
                    "value": 23
                }
            ],
            "build_costs": {
                "resources": [
                    {
                        "id": 2325683920,
                        "type": "Parsteel",
                        "value": 119747
                    },
                    {
                        "id": 743985951,
                        "type": "Tritanium",
                        "value": 89811
                    },
                    {
                        "id": 2614028847,
                        "type": "Dilithium",
                        "value": 11975
                    }
                ],
                "materials": [],
                "others": [
                    {
                        "id": 2266367499,
                        "type": "Armada Tactical Core",
                        "value": 200
                    }
                ]
            },
            "rewards": {
                "resources": [],
                "materials": [],
                "others": [
                    {
                        "id": 2306110757,
                        "type": "Armada Directives",
                        "value": 25
                    }
                ]
            }
        },
        {
            "level": 11,
            "power": 800,
            "increased_power": 175,
            "build_time": 3120,
            "bonuses": [
                {
                    "id": 1,
                    "value": 0.22
                },
                {
                    "id": 2,
                    "value": 3.0
                }
            ],
            "required_ops_level": 23,
            "requirements": [
                {
                    "id": 0,
                    "type": "building",
                    "name": "Operations",
                    "value": 23
                }
            ],
            "build_costs": {
                "resources": [
                    {
                        "id": 2325683920,
                        "type": "Parsteel",
                        "value": 126050
                    },
                    {
                        "id": 743985951,
                        "type": "Tritanium",
                        "value": 94537
                    },
                    {
                        "id": 2614028847,
                        "type": "Dilithium",
                        "value": 12605
                    }
                ],
                "materials": [],
                "others": [
                    {
                        "id": 2266367499,
                        "type": "Armada Tactical Core",
                        "value": 251
                    }
                ]
            },
            "rewards": {
                "resources": [],
                "materials": [],
                "others": [
                    {
                        "id": 2306110757,
                        "type": "Armada Directives",
                        "value": 30
                    }
                ]
            }
        },
        {
            "level": 12,
            "power": 975,
            "increased_power": 175,
            "build_time": 5400,
            "bonuses": [
                {
                    "id": 1,
                    "value": 0.24
                },
                {
                    "id": 2,
                    "value": 3.0
                }
            ],
            "required_ops_level": 23,
            "requirements": [
                {
                    "id": 0,
                    "type": "building",
                    "name": "Operations",
                    "value": 23
                }
            ],
            "build_costs": {
                "resources": [
                    {
                        "id": 2325683920,
                        "type": "Parsteel",
                        "value": 132684
                    },
                    {
                        "id": 743985951,
                        "type": "Tritanium",
                        "value": 99513
                    },
                    {
                        "id": 2614028847,
                        "type": "Dilithium",
                        "value": 13268
                    }
                ],
                "materials": [],
                "others": [
                    {
                        "id": 2266367499,
                        "type": "Armada Tactical Core",
                        "value": 312
                    }
                ]
            },
            "rewards": {
                "resources": [],
                "materials": [],
                "others": [
                    {
                        "id": 2306110757,
                        "type": "Armada Directives",
                        "value": 35
                    }
                ]
            }
        },
        {
            "level": 13,
            "power": 1200,
            "increased_power": 225,
            "build_time": 8400,
            "bonuses": [
                {
                    "id": 1,
                    "value": 0.26
                },
                {
                    "id": 2,
                    "value": 3.0
                }
            ],
            "required_ops_level": 23,
            "requirements": [
                {
                    "id": 0,
                    "type": "building",
                    "name": "Operations",
                    "value": 23
                }
            ],
            "build_costs": {
                "resources": [
                    {
                        "id": 2325683920,
                        "type": "Parsteel",
                        "value": 139667
                    },
                    {
                        "id": 743985951,
                        "type": "Tritanium",
                        "value": 104751
                    },
                    {
                        "id": 2614028847,
                        "type": "Dilithium",
                        "value": 13967
                    }
                ],
                "materials": [],
                "others": [
                    {
                        "id": 2266367499,
                        "type": "Armada Tactical Core",
                        "value": 388
                    }
                ]
            },
            "rewards": {
                "resources": [],
                "materials": [],
                "others": [
                    {
                        "id": 2306110757,
                        "type": "Armada Directives",
                        "value": 40
                    }
                ]
            }
        },
        {
            "level": 14,
            "power": 1500,
            "increased_power": 300,
            "build_time": 11400,
            "bonuses": [
                {
                    "id": 1,
                    "value": 0.28
                },
                {
                    "id": 2,
                    "value": 3.0
                }
            ],
            "required_ops_level": 23,
            "requirements": [
                {
                    "id": 0,
                    "type": "building",
                    "name": "Operations",
                    "value": 23
                }
            ],
            "build_costs": {
                "resources": [
                    {
                        "id": 2325683920,
                        "type": "Parsteel",
                        "value": 147018
                    },
                    {
                        "id": 743985951,
                        "type": "Tritanium",
                        "value": 110264
                    },
                    {
                        "id": 2614028847,
                        "type": "Dilithium",
                        "value": 14702
                    }
                ],
                "materials": [],
                "others": [
                    {
                        "id": 2266367499,
                        "type": "Armada Tactical Core",
                        "value": 482
                    }
                ]
            },
            "rewards": {
                "resources": [],
                "materials": [],
                "others": [
                    {
                        "id": 2306110757,
                        "type": "Armada Directives",
                        "value": 45
                    }
                ]
            }
        },
        {
            "level": 15,
            "power": 1800,
            "increased_power": 300,
            "build_time": 14700,
            "bonuses": [
                {
                    "id": 1,
                    "value": 0.3
                },
                {
                    "id": 2,
                    "value": 3.0
                }
            ],
            "required_ops_level": 23,
            "requirements": [
                {
                    "id": 0,
                    "type": "building",
                    "name": "Operations",
                    "value": 23
                }
            ],
            "build_costs": {
                "resources": [
                    {
                        "id": 2325683920,
                        "type": "Parsteel",
                        "value": 154756
                    },
                    {
                        "id": 743985951,
                        "type": "Tritanium",
                        "value": 116067
                    },
                    {
                        "id": 2614028847,
                        "type": "Dilithium",
                        "value": 15476
                    }
                ],
                "materials": [],
                "others": [
                    {
                        "id": 2266367499,
                        "type": "Armada Tactical Core",
                        "value": 599
                    }
                ]
            },
            "rewards": {
                "resources": [],
                "materials": [],
                "others": [
                    {
                        "id": 2306110757,
                        "type": "Armada Directives",
                        "value": 50
                    }
                ]
            }
        },
        {
            "level": 16,
            "power": 2100,
            "increased_power": 300,
            "build_time": 17400,
            "bonuses": [
                {
                    "id": 1,
                    "value": 0.32
                },
                {
                    "id": 2,
                    "value": 3.0
                }
            ],
            "required_ops_level": 23,
            "requirements": [
                {
                    "id": 0,
                    "type": "building",
                    "name": "Operations",
                    "value": 23
                }
            ],
            "build_costs": {
                "resources": [
                    {
                        "id": 2325683920,
                        "type": "Parsteel",
                        "value": 162901
                    },
                    {
                        "id": 743985951,
                        "type": "Tritanium",
                        "value": 122176
                    },
                    {
                        "id": 2614028847,
                        "type": "Dilithium",
                        "value": 16290
                    }
                ],
                "materials": [],
                "others": [
                    {
                        "id": 2266367499,
                        "type": "Armada Tactical Core",
                        "value": 744
                    }
                ]
            },
            "rewards": {
                "resources": [],
                "materials": [],
                "others": [
                    {
                        "id": 2306110757,
                        "type": "Armada Directives",
                        "value": 55
                    }
                ]
            }
        },
        {
            "level": 17,
            "power": 2500,
            "increased_power": 400,
            "build_time": 18600,
            "bonuses": [
                {
                    "id": 1,
                    "value": 0.34
                },
                {
                    "id": 2,
                    "value": 3.0
                }
            ],
            "required_ops_level": 23,
            "requirements": [
                {
                    "id": 0,
                    "type": "building",
                    "name": "Operations",
                    "value": 23
                }
            ],
            "build_costs": {
                "resources": [
                    {
                        "id": 2325683920,
                        "type": "Parsteel",
                        "value": 171475
                    },
                    {
                        "id": 743985951,
                        "type": "Tritanium",
                        "value": 128606
                    },
                    {
                        "id": 2614028847,
                        "type": "Dilithium",
                        "value": 17148
                    }
                ],
                "materials": [],
                "others": [
                    {
                        "id": 2266367499,
                        "type": "Armada Tactical Core",
                        "value": 942
                    }
                ]
            },
            "rewards": {
                "resources": [],
                "materials": [],
                "others": [
                    {
                        "id": 2306110757,
                        "type": "Armada Directives",
                        "value": 60
                    }
                ]
            }
        },
        {
            "level": 18,
            "power": 2900,
            "increased_power": 400,
            "build_time": 28800,
            "bonuses": [
                {
                    "id": 1,
                    "value": 0.36
                },
                {
                    "id": 2,
                    "value": 3.0
                }
            ],
            "required_ops_level": 23,
            "requirements": [
                {
                    "id": 0,
                    "type": "building",
                    "name": "Operations",
                    "value": 23
                }
            ],
            "build_costs": {
                "resources": [
                    {
                        "id": 2325683920,
                        "type": "Parsteel",
                        "value": 180500
                    },
                    {
                        "id": 743985951,
                        "type": "Tritanium",
                        "value": 135375
                    },
                    {
                        "id": 2614028847,
                        "type": "Dilithium",
                        "value": 18050
                    }
                ],
                "materials": [],
                "others": [
                    {
                        "id": 2266367499,
                        "type": "Armada Tactical Core",
                        "value": 1228
                    }
                ]
            },
            "rewards": {
                "resources": [],
                "materials": [],
                "others": [
                    {
                        "id": 2306110757,
                        "type": "Armada Directives",
                        "value": 70
                    }
                ]
            }
        },
        {
            "level": 19,
            "power": 3500,
            "increased_power": 600,
            "build_time": 41760,
            "bonuses": [
                {
                    "id": 1,
                    "value": 0.38
                },
                {
                    "id": 2,
                    "value": 3.0
                }
            ],
            "required_ops_level": 23,
            "requirements": [
                {
                    "id": 0,
                    "type": "building",
                    "name": "Operations",
                    "value": 23
                }
            ],
            "build_costs": {
                "resources": [
                    {
                        "id": 2325683920,
                        "type": "Parsteel",
                        "value": 190000
                    },
                    {
                        "id": 743985951,
                        "type": "Tritanium",
                        "value": 142500
                    },
                    {
                        "id": 2614028847,
                        "type": "Dilithium",
                        "value": 19000
                    }
                ],
                "materials": [],
                "others": [
                    {
                        "id": 2266367499,
                        "type": "Armada Tactical Core",
                        "value": 1643
                    }
                ]
            },
            "rewards": {
                "resources": [],
                "materials": [],
                "others": [
                    {
                        "id": 2306110757,
                        "type": "Armada Directives",
                        "value": 85
                    }
                ]
            }
        },
        {
            "level": 20,
            "power": 4000,
            "increased_power": 500,
            "build_time": 62640,
            "bonuses": [
                {
                    "id": 1,
                    "value": 0.4
                },
                {
                    "id": 2,
                    "value": 4.0
                }
            ],
            "required_ops_level": 23,
            "requirements": [
                {
                    "id": 0,
                    "type": "building",
                    "name": "Operations",
                    "value": 23
                }
            ],
            "build_costs": {
                "resources": [
                    {
                        "id": 2325683920,
                        "type": "Parsteel",
                        "value": 200000
                    },
                    {
                        "id": 743985951,
                        "type": "Tritanium",
                        "value": 150000
                    },
                    {
                        "id": 2614028847,
                        "type": "Dilithium",
                        "value": 20000
                    }
                ],
                "materials": [],
                "others": [
                    {
                        "id": 2266367499,
                        "type": "Armada Tactical Core",
                        "value": 2454
                    }
                ]
            },
            "rewards": {
                "resources": [],
                "materials": [],
                "others": [
                    {
                        "id": 2306110757,
                        "type": "Armada Directives",
                        "value": 100
                    }
                ]
            }
        },
        {
            "level": 21,
            "power": 4700,
            "increased_power": 700,
            "build_time": 56880,
            "bonuses": [
                {
                    "id": 1,
                    "value": 0.42
                },
                {
                    "id": 2,
                    "value": 4.0
                }
            ],
            "required_ops_level": 23,
            "requirements": [
                {
                    "id": 0,
                    "type": "building",
                    "name": "Operations",
                    "value": 23
                }
            ],
            "build_costs": {
                "resources": [
                    {
                        "id": 2325683920,
                        "type": "Parsteel",
                        "value": 260000
                    },
                    {
                        "id": 743985951,
                        "type": "Tritanium",
                        "value": 170000
                    },
                    {
                        "id": 2614028847,
                        "type": "Dilithium",
                        "value": 22000
                    }
                ],
                "materials": [],
                "others": [
                    {
                        "id": 2266367499,
                        "type": "Armada Tactical Core",
                        "value": 2581
                    }
                ]
            },
            "rewards": {
                "resources": [],
                "materials": [],
                "others": [
                    {
                        "id": 2306110757,
                        "type": "Armada Directives",
                        "value": 110
                    }
                ]
            }
        },
        {
            "level": 22,
            "power": 5250,
            "increased_power": 550,
            "build_time": 89280,
            "bonuses": [
                {
                    "id": 1,
                    "value": 0.44
                },
                {
                    "id": 2,
                    "value": 4.0
                }
            ],
            "required_ops_level": 23,
            "requirements": [
                {
                    "id": 0,
                    "type": "building",
                    "name": "Operations",
                    "value": 23
                }
            ],
            "build_costs": {
                "resources": [
                    {
                        "id": 2325683920,
                        "type": "Parsteel",
                        "value": 360000
                    },
                    {
                        "id": 743985951,
                        "type": "Tritanium",
                        "value": 200000
                    },
                    {
                        "id": 2614028847,
                        "type": "Dilithium",
                        "value": 26000
                    }
                ],
                "materials": [],
                "others": [
                    {
                        "id": 2266367499,
                        "type": "Armada Tactical Core",
                        "value": 2837
                    }
                ]
            },
            "rewards": {
                "resources": [],
                "materials": [],
                "others": [
                    {
                        "id": 2306110757,
                        "type": "Armada Directives",
                        "value": 120
                    }
                ]
            }
        },
        {
            "level": 23,
            "power": 6250,
            "increased_power": 1000,
            "build_time": 105120,
            "bonuses": [
                {
                    "id": 1,
                    "value": 0.46
                },
                {
                    "id": 2,
                    "value": 4.0
                }
            ],
            "required_ops_level": 23,
            "requirements": [
                {
                    "id": 0,
                    "type": "building",
                    "name": "Operations",
                    "value": 23
                }
            ],
            "build_costs": {
                "resources": [
                    {
                        "id": 2325683920,
                        "type": "Parsteel",
                        "value": 490000
                    },
                    {
                        "id": 743985951,
                        "type": "Tritanium",
                        "value": 250000
                    },
                    {
                        "id": 2614028847,
                        "type": "Dilithium",
                        "value": 32000
                    }
                ],
                "materials": [],
                "others": [
                    {
                        "id": 2266367499,
                        "type": "Armada Tactical Core",
                        "value": 3187
                    }
                ]
            },
            "rewards": {
                "resources": [],
                "materials": [],
                "others": [
                    {
                        "id": 2306110757,
                        "type": "Armada Directives",
                        "value": 130
                    }
                ]
            }
        },
        {
            "level": 24,
            "power": 7000,
            "increased_power": 750,
            "build_time": 128880,
            "bonuses": [
                {
                    "id": 1,
                    "value": 0.48
                },
                {
                    "id": 2,
                    "value": 4.0
                }
            ],
            "required_ops_level": 24,
            "requirements": [
                {
                    "id": 0,
                    "type": "building",
                    "name": "Operations",
                    "value": 24
                }
            ],
            "build_costs": {
                "resources": [
                    {
                        "id": 2325683920,
                        "type": "Parsteel",
                        "value": 680000
                    },
                    {
                        "id": 743985951,
                        "type": "Tritanium",
                        "value": 320000
                    },
                    {
                        "id": 2614028847,
                        "type": "Dilithium",
                        "value": 40000
                    }
                ],
                "materials": [],
                "others": [
                    {
                        "id": 2266367499,
                        "type": "Armada Tactical Core",
                        "value": 3657
                    }
                ]
            },
            "rewards": {
                "resources": [],
                "materials": [],
                "others": [
                    {
                        "id": 2306110757,
                        "type": "Armada Directives",
                        "value": 140
                    }
                ]
            }
        },
        {
            "level": 25,
            "power": 8000,
            "increased_power": 1000,
            "build_time": 118800,
            "bonuses": [
                {
                    "id": 1,
                    "value": 0.5
                },
                {
                    "id": 2,
                    "value": 4.0
                }
            ],
            "required_ops_level": 25,
            "requirements": [
                {
                    "id": 0,
                    "type": "building",
                    "name": "Operations",
                    "value": 25
                }
            ],
            "build_costs": {
                "resources": [
                    {
                        "id": 2325683920,
                        "type": "Parsteel",
                        "value": 795600
                    },
                    {
                        "id": 743985951,
                        "type": "Tritanium",
                        "value": 468000
                    },
                    {
                        "id": 2614028847,
                        "type": "Dilithium",
                        "value": 50000
                    }
                ],
                "materials": [
                    {
                        "id": 2599869530,
                        "type": "3\u2605 Uncommon Gas",
                        "grade": 3,
                        "rarity": 2,
                        "value": 1
                    }
                ],
                "others": [
                    {
                        "id": 2266367499,
                        "type": "Armada Tactical Core",
                        "value": 4282
                    }
                ]
            },
            "rewards": {
                "resources": [],
                "materials": [],
                "others": [
                    {
                        "id": 2306110757,
                        "type": "Armada Directives",
                        "value": 150
                    }
                ]
            }
        },
        {
            "level": 26,
            "power": 9000,
            "increased_power": 1000,
            "build_time": 161280,
            "bonuses": [
                {
                    "id": 1,
                    "value": 0.52
                },
                {
                    "id": 2,
                    "value": 4.0
                }
            ],
            "required_ops_level": 26,
            "requirements": [
                {
                    "id": 0,
                    "type": "building",
                    "name": "Operations",
                    "value": 26
                }
            ],
            "build_costs": {
                "resources": [
                    {
                        "id": 2325683920,
                        "type": "Parsteel",
                        "value": 1243125
                    },
                    {
                        "id": 743985951,
                        "type": "Tritanium",
                        "value": 731250
                    },
                    {
                        "id": 2614028847,
                        "type": "Dilithium",
                        "value": 73125
                    }
                ],
                "materials": [
                    {
                        "id": 2599869530,
                        "type": "3\u2605 Uncommon Gas",
                        "grade": 3,
                        "rarity": 2,
                        "value": 4
                    }
                ],
                "others": [
                    {
                        "id": 2266367499,
                        "type": "Armada Tactical Core",
                        "value": 5117
                    }
                ]
            },
            "rewards": {
                "resources": [],
                "materials": [],
                "others": [
                    {
                        "id": 2306110757,
                        "type": "Armada Directives",
                        "value": 160
                    }
                ]
            }
        },
        {
            "level": 27,
            "power": 10250,
            "increased_power": 1250,
            "build_time": 184320,
            "bonuses": [
                {
                    "id": 1,
                    "value": 0.54
                },
                {
                    "id": 2,
                    "value": 4.0
                }
            ],
            "required_ops_level": 27,
            "requirements": [
                {
                    "id": 0,
                    "type": "building",
                    "name": "Operations",
                    "value": 27
                }
            ],
            "build_costs": {
                "resources": [
                    {
                        "id": 2325683920,
                        "type": "Parsteel",
                        "value": 1897200
                    },
                    {
                        "id": 743985951,
                        "type": "Tritanium",
                        "value": 1116000
                    },
                    {
                        "id": 2614028847,
                        "type": "Dilithium",
                        "value": 111600
                    }
                ],
                "materials": [
                    {
                        "id": 2599869530,
                        "type": "3\u2605 Uncommon Gas",
                        "grade": 3,
                        "rarity": 2,
                        "value": 10
                    }
                ],
                "others": [
                    {
                        "id": 2266367499,
                        "type": "Armada Tactical Core",
                        "value": 6421
                    }
                ]
            },
            "rewards": {
                "resources": [],
                "materials": [],
                "others": [
                    {
                        "id": 2306110757,
                        "type": "Armada Directives",
                        "value": 170
                    }
                ]
            }
        },
        {
            "level": 28,
            "power": 11500,
            "increased_power": 1250,
            "build_time": 213120,
            "bonuses": [
                {
                    "id": 1,
                    "value": 0.56
                },
                {
                    "id": 2,
                    "value": 4.0
                }
            ],
            "required_ops_level": 28,
            "requirements": [
                {
                    "id": 0,
                    "type": "building",
                    "name": "Operations",
                    "value": 28
                }
            ],
            "build_costs": {
                "resources": [
                    {
                        "id": 2325683920,
                        "type": "Parsteel",
                        "value": 2845800
                    },
                    {
                        "id": 743985951,
                        "type": "Tritanium",
                        "value": 1674000
                    },
                    {
                        "id": 2614028847,
                        "type": "Dilithium",
                        "value": 167400
                    }
                ],
                "materials": [
                    {
                        "id": 2599869530,
                        "type": "3\u2605 Uncommon Gas",
                        "grade": 3,
                        "rarity": 2,
                        "value": 18
                    }
                ],
                "others": [
                    {
                        "id": 2266367499,
                        "type": "Armada Tactical Core",
                        "value": 8440
                    }
                ]
            },
            "rewards": {
                "resources": [],
                "materials": [],
                "others": [
                    {
                        "id": 2306110757,
                        "type": "Armada Directives",
                        "value": 180
                    }
                ]
            }
        },
        {
            "level": 29,
            "power": 12750,
            "increased_power": 1250,
            "build_time": 236160,
            "bonuses": [
                {
                    "id": 1,
                    "value": 0.58
                },
                {
                    "id": 2,
                    "value": 4.0
                }
            ],
            "required_ops_level": 29,
            "requirements": [
                {
                    "id": 0,
                    "type": "building",
                    "name": "Operations",
                    "value": 29
                }
            ],
            "build_costs": {
                "resources": [
                    {
                        "id": 2325683920,
                        "type": "Parsteel",
                        "value": 4530500
                    },
                    {
                        "id": 743985951,
                        "type": "Tritanium",
                        "value": 2665000
                    },
                    {
                        "id": 2614028847,
                        "type": "Dilithium",
                        "value": 266500
                    }
                ],
                "materials": [
                    {
                        "id": 2599869530,
                        "type": "3\u2605 Uncommon Gas",
                        "grade": 3,
                        "rarity": 2,
                        "value": 30
                    }
                ],
                "others": [
                    {
                        "id": 2266367499,
                        "type": "Armada Tactical Core",
                        "value": 12103
                    }
                ]
            },
            "rewards": {
                "resources": [],
                "materials": [],
                "others": [
                    {
                        "id": 2306110757,
                        "type": "Armada Directives",
                        "value": 190
                    }
                ]
            }
        },
        {
            "level": 30,
            "power": 14250,
            "increased_power": 1500,
            "build_time": 254880,
            "bonuses": [
                {
                    "id": 1,
                    "value": 0.6
                },
                {
                    "id": 2,
                    "value": 5.0
                }
            ],
            "required_ops_level": 30,
            "requirements": [
                {
                    "id": 0,
                    "type": "building",
                    "name": "Operations",
                    "value": 30
                }
            ],
            "build_costs": {
                "resources": [
                    {
                        "id": 2325683920,
                        "type": "Parsteel",
                        "value": 6630000
                    },
                    {
                        "id": 743985951,
                        "type": "Tritanium",
                        "value": 3900000
                    },
                    {
                        "id": 2614028847,
                        "type": "Dilithium",
                        "value": 390000
                    }
                ],
                "materials": [
                    {
                        "id": 2599869530,
                        "type": "3\u2605 Uncommon Gas",
                        "grade": 3,
                        "rarity": 2,
                        "value": 45
                    }
                ],
                "others": [
                    {
                        "id": 2266367499,
                        "type": "Armada Tactical Core",
                        "value": 18802
                    }
                ]
            },
            "rewards": {
                "resources": [],
                "materials": [],
                "others": [
                    {
                        "id": 2306110757,
                        "type": "Armada Directives",
                        "value": 200
                    }
                ]
            }
        },
        {
            "level": 31,
            "power": 15750,
            "increased_power": 1500,
            "build_time": 335520,
            "bonuses": [
                {
                    "id": 1,
                    "value": 0.62
                },
                {
                    "id": 2,
                    "value": 5.0
                }
            ],
            "required_ops_level": 31,
            "requirements": [
                {
                    "id": 0,
                    "type": "building",
                    "name": "Operations",
                    "value": 31
                }
            ],
            "build_costs": {
                "resources": [
                    {
                        "id": 2325683920,
                        "type": "Parsteel",
                        "value": 10480500
                    },
                    {
                        "id": 743985951,
                        "type": "Tritanium",
                        "value": 6165000
                    },
                    {
                        "id": 2614028847,
                        "type": "Dilithium",
                        "value": 616500
                    }
                ],
                "materials": [
                    {
                        "id": 2599869530,
                        "type": "3\u2605 Uncommon Gas",
                        "grade": 3,
                        "rarity": 2,
                        "value": 65
                    }
                ],
                "others": [
                    {
                        "id": 2266367499,
                        "type": "Armada Tactical Core",
                        "value": 20222
                    }
                ]
            },
            "rewards": {
                "resources": [],
                "materials": [],
                "others": [
                    {
                        "id": 2306110757,
                        "type": "Armada Directives",
                        "value": 210
                    }
                ]
            }
        },
        {
            "level": 32,
            "power": 17500,
            "increased_power": 1750,
            "build_time": 326880,
            "bonuses": [
                {
                    "id": 1,
                    "value": 0.64
                },
                {
                    "id": 2,
                    "value": 5.0
                }
            ],
            "required_ops_level": 32,
            "requirements": [
                {
                    "id": 0,
                    "type": "building",
                    "name": "Operations",
                    "value": 32
                }
            ],
            "build_costs": {
                "resources": [
                    {
                        "id": 2325683920,
                        "type": "Parsteel",
                        "value": 15138500
                    },
                    {
                        "id": 743985951,
                        "type": "Tritanium",
                        "value": 8905000
                    },
                    {
                        "id": 2614028847,
                        "type": "Dilithium",
                        "value": 890500
                    }
                ],
                "materials": [
                    {
                        "id": 2599869530,
                        "type": "3\u2605 Uncommon Gas",
                        "grade": 3,
                        "rarity": 2,
                        "value": 87
                    }
                ],
                "others": [
                    {
                        "id": 2266367499,
                        "type": "Armada Tactical Core",
                        "value": 22473
                    }
                ]
            },
            "rewards": {
                "resources": [],
                "materials": [],
                "others": [
                    {
                        "id": 2306110757,
                        "type": "Armada Directives",
                        "value": 220
                    }
                ]
            }
        },
        {
            "level": 33,
            "power": 19250,
            "increased_power": 1750,
            "build_time": 475200,
            "bonuses": [
                {
                    "id": 1,
                    "value": 0.66
                },
                {
                    "id": 2,
                    "value": 5.0
                }
            ],
            "required_ops_level": 33,
            "requirements": [
                {
                    "id": 0,
                    "type": "building",
                    "name": "Operations",
                    "value": 33
                }
            ],
            "build_costs": {
                "resources": [
                    {
                        "id": 2325683920,
                        "type": "Parsteel",
                        "value": 23417500
                    },
                    {
                        "id": 743985951,
                        "type": "Tritanium",
                        "value": 13775000
                    },
                    {
                        "id": 2614028847,
                        "type": "Dilithium",
                        "value": 1377500
                    }
                ],
                "materials": [
                    {
                        "id": 2599869530,
                        "type": "3\u2605 Uncommon Gas",
                        "grade": 3,
                        "rarity": 2,
                        "value": 110
                    }
                ],
                "others": [
                    {
                        "id": 2266367499,
                        "type": "Armada Tactical Core",
                        "value": 26050
                    }
                ]
            },
            "rewards": {
                "resources": [],
                "materials": [],
                "others": [
                    {
                        "id": 2306110757,
                        "type": "Armada Directives",
                        "value": 230
                    }
                ]
            }
        },
        {
            "level": 34,
            "power": 21500,
            "increased_power": 2250,
            "build_time": 629280,
            "bonuses": [
                {
                    "id": 1,
                    "value": 0.68
                },
                {
                    "id": 2,
                    "value": 5.0
                }
            ],
            "required_ops_level": 34,
            "requirements": [
                {
                    "id": 0,
                    "type": "building",
                    "name": "Operations",
                    "value": 34
                }
            ],
            "build_costs": {
                "resources": [
                    {
                        "id": 2325683920,
                        "type": "Parsteel",
                        "value": 36975000
                    },
                    {
                        "id": 743985951,
                        "type": "Tritanium",
                        "value": 21750000
                    },
                    {
                        "id": 2614028847,
                        "type": "Dilithium",
                        "value": 2175000
                    }
                ],
                "materials": [
                    {
                        "id": 2599869530,
                        "type": "3\u2605 Uncommon Gas",
                        "grade": 3,
                        "rarity": 2,
                        "value": 140
                    }
                ],
                "others": [
                    {
                        "id": 2266367499,
                        "type": "Armada Tactical Core",
                        "value": 31130
                    }
                ]
            },
            "rewards": {
                "resources": [],
                "materials": [],
                "others": [
                    {
                        "id": 2306110757,
                        "type": "Armada Directives",
                        "value": 240
                    }
                ]
            }
        },
        {
            "level": 35,
            "power": 23500,
            "increased_power": 2000,
            "build_time": 830880,
            "bonuses": [
                {
                    "id": 1,
                    "value": 0.7
                },
                {
                    "id": 2,
                    "value": 5.0
                }
            ],
            "required_ops_level": 35,
            "requirements": [
                {
                    "id": 0,
                    "type": "building",
                    "name": "Operations",
                    "value": 35
                }
            ],
            "build_costs": {
                "resources": [
                    {
                        "id": 2325683920,
                        "type": "Parsteel",
                        "value": 57222000
                    },
                    {
                        "id": 743985951,
                        "type": "Tritanium",
                        "value": 33660000
                    },
                    {
                        "id": 2614028847,
                        "type": "Dilithium",
                        "value": 3366000
                    }
                ],
                "materials": [
                    {
                        "id": 2599869530,
                        "type": "3\u2605 Uncommon Gas",
                        "grade": 3,
                        "rarity": 2,
                        "value": 180
                    }
                ],
                "others": [
                    {
                        "id": 2266367499,
                        "type": "Armada Tactical Core",
                        "value": 38316
                    }
                ]
            },
            "rewards": {
                "resources": [],
                "materials": [],
                "others": [
                    {
                        "id": 2306110757,
                        "type": "Armada Directives",
                        "value": 250
                    }
                ]
            }
        },
        {
            "level": 36,
            "power": 25500,
            "increased_power": 2000,
            "build_time": 1061280,
            "bonuses": [
                {
                    "id": 1,
                    "value": 0.72
                },
                {
                    "id": 2,
                    "value": 5.0
                }
            ],
            "required_ops_level": 36,
            "requirements": [
                {
                    "id": 0,
                    "type": "building",
                    "name": "Operations",
                    "value": 36
                }
            ],
            "build_costs": {
                "resources": [
                    {
                        "id": 2325683920,
                        "type": "Parsteel",
                        "value": 80631000
                    },
                    {
                        "id": 743985951,
                        "type": "Tritanium",
                        "value": 47430000
                    },
                    {
                        "id": 2614028847,
                        "type": "Dilithium",
                        "value": 4743000
                    }
                ],
                "materials": [
                    {
                        "id": 2599869530,
                        "type": "3\u2605 Uncommon Gas",
                        "grade": 3,
                        "rarity": 2,
                        "value": 220
                    }
                ],
                "others": [
                    {
                        "id": 2266367499,
                        "type": "Armada Tactical Core",
                        "value": 48993
                    }
                ]
            },
            "rewards": {
                "resources": [],
                "materials": [],
                "others": [
                    {
                        "id": 2306110757,
                        "type": "Armada Directives",
                        "value": 260
                    }
                ]
            }
        },
        {
            "level": 37,
            "power": 28000,
            "increased_power": 2500,
            "build_time": 1095840,
            "bonuses": [
                {
                    "id": 1,
                    "value": 0.74
                },
                {
                    "id": 2,
                    "value": 5.0
                }
            ],
            "required_ops_level": 37,
            "requirements": [
                {
                    "id": 0,
                    "type": "building",
                    "name": "Operations",
                    "value": 37
                }
            ],
            "build_costs": {
                "resources": [
                    {
                        "id": 2325683920,
                        "type": "Parsteel",
                        "value": 123930000
                    },
                    {
                        "id": 743985951,
                        "type": "Tritanium",
                        "value": 72900000
                    },
                    {
                        "id": 2614028847,
                        "type": "Dilithium",
                        "value": 7290000
                    }
                ],
                "materials": [
                    {
                        "id": 2599869530,
                        "type": "3\u2605 Uncommon Gas",
                        "grade": 3,
                        "rarity": 2,
                        "value": 260
                    }
                ],
                "others": [
                    {
                        "id": 2266367499,
                        "type": "Armada Tactical Core",
                        "value": 65572
                    }
                ]
            },
            "rewards": {
                "resources": [],
                "materials": [],
                "others": [
                    {
                        "id": 2306110757,
                        "type": "Armada Directives",
                        "value": 270
                    }
                ]
            }
        },
        {
            "level": 38,
            "power": 30500,
            "increased_power": 2500,
            "build_time": 1778400,
            "bonuses": [
                {
                    "id": 1,
                    "value": 0.76
                },
                {
                    "id": 2,
                    "value": 5.0
                }
            ],
            "required_ops_level": 38,
            "requirements": [
                {
                    "id": 0,
                    "type": "building",
                    "name": "Operations",
                    "value": 38
                }
            ],
            "build_costs": {
                "resources": [
                    {
                        "id": 2325683920,
                        "type": "Parsteel",
                        "value": 192780000
                    },
                    {
                        "id": 743985951,
                        "type": "Tritanium",
                        "value": 113400000
                    },
                    {
                        "id": 2614028847,
                        "type": "Dilithium",
                        "value": 11340000
                    }
                ],
                "materials": [
                    {
                        "id": 2599869530,
                        "type": "3\u2605 Uncommon Gas",
                        "grade": 3,
                        "rarity": 2,
                        "value": 310
                    }
                ],
                "others": [
                    {
                        "id": 2266367499,
                        "type": "Armada Tactical Core",
                        "value": 92463
                    }
                ]
            },
            "rewards": {
                "resources": [],
                "materials": [],
                "others": [
                    {
                        "id": 2306110757,
                        "type": "Armada Directives",
                        "value": 280
                    }
                ]
            }
        },
        {
            "level": 39,
            "power": 33000,
            "increased_power": 2500,
            "build_time": 2360160,
            "bonuses": [
                {
                    "id": 1,
                    "value": 0.78
                },
                {
                    "id": 2,
                    "value": 6.0
                }
            ],
            "required_ops_level": 39,
            "requirements": [
                {
                    "id": 0,
                    "type": "building",
                    "name": "Operations",
                    "value": 39
                }
            ],
            "build_costs": {
                "resources": [
                    {
                        "id": 2325683920,
                        "type": "Parsteel",
                        "value": 328950000
                    },
                    {
                        "id": 743985951,
                        "type": "Tritanium",
                        "value": 193500000
                    },
                    {
                        "id": 2614028847,
                        "type": "Dilithium",
                        "value": 19350000
                    }
                ],
                "materials": [],
                "others": [
                    {
                        "id": 2266367499,
                        "type": "Armada Tactical Core",
                        "value": 143641
                    }
                ]
            },
            "rewards": {
                "resources": [],
                "materials": [],
                "others": [
                    {
                        "id": 2306110757,
                        "type": "Armada Directives",
                        "value": 290
                    }
                ]
            }
        },
        {
            "level": 40,
            "power": 36000,
            "increased_power": 3000,
            "build_time": 4188960,
            "bonuses": [
                {
                    "id": 1,
                    "value": 0.8
                },
                {
                    "id": 2,
                    "value": 6.0
                }
            ],
            "required_ops_level": 40,
            "requirements": [
                {
                    "id": 0,
                    "type": "building",
                    "name": "Operations",
                    "value": 40
                }
            ],
            "build_costs": {
                "resources": [
                    {
                        "id": 2325683920,
                        "type": "Parsteel",
                        "value": 1432760000
                    },
                    {
                        "id": 743985951,
                        "type": "Tritanium",
                        "value": 301000000
                    },
                    {
                        "id": 2614028847,
                        "type": "Dilithium",
                        "value": 30100000
                    }
                ],
                "materials": [],
                "others": [
                    {
                        "id": 2266367499,
                        "type": "Armada Tactical Core",
                        "value": 248895
                    },
                    {
                        "id": 4000270850,
                        "type": "Rare Armada Tactical Core",
                        "value": 400
                    }
                ]
            },
            "rewards": {
                "resources": [],
                "materials": [],
                "others": [
                    {
                        "id": 2306110757,
                        "type": "Armada Directives",
                        "value": 300
                    }
                ]
            }
        },
        {
            "level": 41,
            "power": 39000,
            "increased_power": 3000,
            "build_time": 3925440,
            "bonuses": [
                {
                    "id": 1,
                    "value": 0.82
                },
                {
                    "id": 2,
                    "value": 6.0
                }
            ],
            "required_ops_level": 41,
            "requirements": [
                {
                    "id": 0,
                    "type": "building",
                    "name": "Operations",
                    "value": 41
                }
            ],
            "build_costs": {
                "resources": [
                    {
                        "id": 2325683920,
                        "type": "Parsteel",
                        "value": 560000000
                    },
                    {
                        "id": 743985951,
                        "type": "Tritanium",
                        "value": 24200000
                    },
                    {
                        "id": 2614028847,
                        "type": "Dilithium",
                        "value": 10875000
                    }
                ],
                "materials": [],
                "others": [
                    {
                        "id": 2266367499,
                        "type": "Armada Tactical Core",
                        "value": 300000
                    },
                    {
                        "id": 4000270850,
                        "type": "Rare Armada Tactical Core",
                        "value": 650
                    }
                ]
            },
            "rewards": {
                "resources": [],
                "materials": [],
                "others": [
                    {
                        "id": 2306110757,
                        "type": "Armada Directives",
                        "value": 310
                    }
                ]
            }
        },
        {
            "level": 42,
            "power": 42500,
            "increased_power": 3500,
            "build_time": 6033600,
            "bonuses": [
                {
                    "id": 1,
                    "value": 0.84
                },
                {
                    "id": 2,
                    "value": 6.0
                }
            ],
            "required_ops_level": 42,
            "requirements": [
                {
                    "id": 0,
                    "type": "building",
                    "name": "Operations",
                    "value": 42
                }
            ],
            "build_costs": {
                "resources": [
                    {
                        "id": 2325683920,
                        "type": "Parsteel",
                        "value": 840000000
                    },
                    {
                        "id": 743985951,
                        "type": "Tritanium",
                        "value": 36300000
                    },
                    {
                        "id": 2614028847,
                        "type": "Dilithium",
                        "value": 12687500
                    }
                ],
                "materials": [],
                "others": [
                    {
                        "id": 2266367499,
                        "type": "Armada Tactical Core",
                        "value": 350000
                    },
                    {
                        "id": 4000270850,
                        "type": "Rare Armada Tactical Core",
                        "value": 1300
                    }
                ]
            },
            "rewards": {
                "resources": [],
                "materials": [],
                "others": [
                    {
                        "id": 2306110757,
                        "type": "Armada Directives",
                        "value": 320
                    }
                ]
            }
        },
        {
            "level": 43,
            "power": 46000,
            "increased_power": 3500,
            "build_time": 7971840,
            "bonuses": [
                {
                    "id": 1,
                    "value": 0.86
                },
                {
                    "id": 2,
                    "value": 6.0
                }
            ],
            "required_ops_level": 43,
            "requirements": [
                {
                    "id": 0,
                    "type": "building",
                    "name": "Operations",
                    "value": 43
                }
            ],
            "build_costs": {
                "resources": [
                    {
                        "id": 2325683920,
                        "type": "Parsteel",
                        "value": 1190000000
                    },
                    {
                        "id": 743985951,
                        "type": "Tritanium",
                        "value": 51425000
                    },
                    {
                        "id": 2614028847,
                        "type": "Dilithium",
                        "value": 14500000
                    }
                ],
                "materials": [],
                "others": [
                    {
                        "id": 2266367499,
                        "type": "Armada Tactical Core",
                        "value": 400000
                    },
                    {
                        "id": 4000270850,
                        "type": "Rare Armada Tactical Core",
                        "value": 1950
                    }
                ]
            },
            "rewards": {
                "resources": [],
                "materials": [],
                "others": [
                    {
                        "id": 2306110757,
                        "type": "Armada Directives",
                        "value": 330
                    }
                ]
            }
        },
        {
            "level": 44,
            "power": 49500,
            "increased_power": 3500,
            "build_time": 10405440,
            "bonuses": [
                {
                    "id": 1,
                    "value": 0.88
                },
                {
                    "id": 2,
                    "value": 6.0
                }
            ],
            "required_ops_level": 44,
            "requirements": [
                {
                    "id": 0,
                    "type": "building",
                    "name": "Operations",
                    "value": 44
                }
            ],
            "build_costs": {
                "resources": [
                    {
                        "id": 2325683920,
                        "type": "Parsteel",
                        "value": 1750000000
                    },
                    {
                        "id": 743985951,
                        "type": "Tritanium",
                        "value": 75625000
                    },
                    {
                        "id": 2614028847,
                        "type": "Dilithium",
                        "value": 16312500
                    }
                ],
                "materials": [],
                "others": [
                    {
                        "id": 2266367499,
                        "type": "Armada Tactical Core",
                        "value": 450000
                    },
                    {
                        "id": 4000270850,
                        "type": "Rare Armada Tactical Core",
                        "value": 2600
                    }
                ]
            },
            "rewards": {
                "resources": [],
                "materials": [],
                "others": [
                    {
                        "id": 2306110757,
                        "type": "Armada Directives",
                        "value": 340
                    }
                ]
            }
        },
        {
            "level": 45,
            "power": 53000,
            "increased_power": 3500,
            "build_time": 13433760,
            "bonuses": [
                {
                    "id": 1,
                    "value": 0.9
                },
                {
                    "id": 2,
                    "value": 6.0
                }
            ],
            "required_ops_level": 45,
            "requirements": [
                {
                    "id": 0,
                    "type": "building",
                    "name": "Operations",
                    "value": 45
                }
            ],
            "build_costs": {
                "resources": [
                    {
                        "id": 2325683920,
                        "type": "Parsteel",
                        "value": 2660000000
                    },
                    {
                        "id": 743985951,
                        "type": "Tritanium",
                        "value": 114950000
                    },
                    {
                        "id": 2614028847,
                        "type": "Dilithium",
                        "value": 18125000
                    }
                ],
                "materials": [],
                "others": [
                    {
                        "id": 2266367499,
                        "type": "Armada Tactical Core",
                        "value": 500000
                    },
                    {
                        "id": 4000270850,
                        "type": "Rare Armada Tactical Core",
                        "value": 6500
                    }
                ]
            },
            "rewards": {
                "resources": [],
                "materials": [],
                "others": [
                    {
                        "id": 2306110757,
                        "type": "Armada Directives",
                        "value": 350
                    }
                ]
            }
        },
        {
            "level": 46,
            "power": 57000,
            "increased_power": 4000,
            "build_time": 17172000,
            "bonuses": [
                {
                    "id": 1,
                    "value": 0.92
                },
                {
                    "id": 2,
                    "value": 6.0
                }
            ],
            "required_ops_level": 46,
            "requirements": [
                {
                    "id": 0,
                    "type": "building",
                    "name": "Operations",
                    "value": 46
                }
            ],
            "build_costs": {
                "resources": [
                    {
                        "id": 2325683920,
                        "type": "Parsteel",
                        "value": 8000000000
                    },
                    {
                        "id": 743985951,
                        "type": "Tritanium",
                        "value": 185600000
                    },
                    {
                        "id": 2614028847,
                        "type": "Dilithium",
                        "value": 32880000
                    }
                ],
                "materials": [],
                "others": [
                    {
                        "id": 2266367499,
                        "type": "Armada Tactical Core",
                        "value": 690000
                    },
                    {
                        "id": 4000270850,
                        "type": "Rare Armada Tactical Core",
                        "value": 9000
                    }
                ]
            },
            "rewards": {
                "resources": [],
                "materials": [],
                "others": [
                    {
                        "id": 2306110757,
                        "type": "Armada Directives",
                        "value": 360
                    }
                ]
            }
        },
        {
            "level": 47,
            "power": 61000,
            "increased_power": 4000,
            "build_time": 21754080,
            "bonuses": [
                {
                    "id": 1,
                    "value": 0.94
                },
                {
                    "id": 2,
                    "value": 6.0
                }
            ],
            "required_ops_level": 47,
            "requirements": [
                {
                    "id": 0,
                    "type": "building",
                    "name": "Operations",
                    "value": 47
                }
            ],
            "build_costs": {
                "resources": [
                    {
                        "id": 2325683920,
                        "type": "Parsteel",
                        "value": 12000000000
                    },
                    {
                        "id": 743985951,
                        "type": "Tritanium",
                        "value": 278400000
                    },
                    {
                        "id": 2614028847,
                        "type": "Dilithium",
                        "value": 49320000
                    }
                ],
                "materials": [],
                "others": [
                    {
                        "id": 2266367499,
                        "type": "Armada Tactical Core",
                        "value": 805000
                    },
                    {
                        "id": 4000270850,
                        "type": "Rare Armada Tactical Core",
                        "value": 18000
                    }
                ]
            },
            "rewards": {
                "resources": [],
                "materials": [],
                "others": [
                    {
                        "id": 2306110757,
                        "type": "Armada Directives",
                        "value": 370
                    }
                ]
            }
        },
        {
            "level": 48,
            "power": 66000,
            "increased_power": 5000,
            "build_time": 27329760,
            "bonuses": [
                {
                    "id": 1,
                    "value": 0.96
                },
                {
                    "id": 2,
                    "value": 6.0
                }
            ],
            "required_ops_level": 48,
            "requirements": [
                {
                    "id": 0,
                    "type": "building",
                    "name": "Operations",
                    "value": 48
                }
            ],
            "build_costs": {
                "resources": [
                    {
                        "id": 2325683920,
                        "type": "Parsteel",
                        "value": 17000000000
                    },
                    {
                        "id": 743985951,
                        "type": "Tritanium",
                        "value": 394400000
                    },
                    {
                        "id": 2614028847,
                        "type": "Dilithium",
                        "value": 69870000
                    }
                ],
                "materials": [],
                "others": [
                    {
                        "id": 2266367499,
                        "type": "Armada Tactical Core",
                        "value": 920000
                    },
                    {
                        "id": 4000270850,
                        "type": "Rare Armada Tactical Core",
                        "value": 27000
                    }
                ]
            },
            "rewards": {
                "resources": [],
                "materials": [],
                "others": [
                    {
                        "id": 2306110757,
                        "type": "Armada Directives",
                        "value": 380
                    }
                ]
            }
        },
        {
            "level": 49,
            "power": 70000,
            "increased_power": 4000,
            "build_time": 34076160,
            "bonuses": [
                {
                    "id": 1,
                    "value": 0.98
                },
                {
                    "id": 2,
                    "value": 6.0
                }
            ],
            "required_ops_level": 49,
            "requirements": [
                {
                    "id": 0,
                    "type": "building",
                    "name": "Operations",
                    "value": 49
                }
            ],
            "build_costs": {
                "resources": [
                    {
                        "id": 2325683920,
                        "type": "Parsteel",
                        "value": 25000000000
                    },
                    {
                        "id": 743985951,
                        "type": "Tritanium",
                        "value": 580000000
                    },
                    {
                        "id": 2614028847,
                        "type": "Dilithium",
                        "value": 102750000
                    }
                ],
                "materials": [],
                "others": [
                    {
                        "id": 2266367499,
                        "type": "Armada Tactical Core",
                        "value": 1035000
                    },
                    {
                        "id": 4000270850,
                        "type": "Rare Armada Tactical Core",
                        "value": 36000
                    }
                ]
            },
            "rewards": {
                "resources": [],
                "materials": [],
                "others": [
                    {
                        "id": 2306110757,
                        "type": "Armada Directives",
                        "value": 390
                    }
                ]
            }
        },
        {
            "level": 50,
            "power": 75000,
            "increased_power": 5000,
            "build_time": 42189120,
            "bonuses": [
                {
                    "id": 1,
                    "value": 1.0
                },
                {
                    "id": 2,
                    "value": 7.0
                }
            ],
            "required_ops_level": 50,
            "requirements": [
                {
                    "id": 0,
                    "type": "building",
                    "name": "Operations",
                    "value": 50
                }
            ],
            "build_costs": {
                "resources": [
                    {
                        "id": 2325683920,
                        "type": "Parsteel",
                        "value": 38000000000
                    },
                    {
                        "id": 743985951,
                        "type": "Tritanium",
                        "value": 881600000
                    },
                    {
                        "id": 2614028847,
                        "type": "Dilithium",
                        "value": 156180000
                    }
                ],
                "materials": [],
                "others": [
                    {
                        "id": 2266367499,
                        "type": "Armada Tactical Core",
                        "value": 1150000
                    },
                    {
                        "id": 4000270850,
                        "type": "Rare Armada Tactical Core",
                        "value": 90000
                    }
                ]
            },
            "rewards": {
                "resources": [],
                "materials": [],
                "others": [
                    {
                        "id": 2306110757,
                        "type": "Armada Directives",
                        "value": 400
                    }
                ]
            }
        }
    ]
}