{
    "id": 33,
    "name": "Shuttle Bay",
    "description": "The Shuttle Bay allows officers to be sent on Away Team Assignments.",
    "group": 3,
    "start_level": 0,
    "bonuses": [
        {
            "id": 1,
            "name": "Weapon Damage Bonus",
            "is_percentage": true
        },
        {
            "id": 2,
            "name": "Service Award Cost Efficiency",
            "is_percentage": true
        }
    ],
    "levels": [
        {
            "level": 1,
            "power": 20,
            "increased_power": 20,
            "build_time": 180,
            "bonuses": [
                {
                    "id": 1,
                    "value": 0.01
                },
                {
                    "id": 2,
                    "value": 0.01
                }
            ],
            "required_ops_level": 8,
            "requirements": [
                {
                    "id": 0,
                    "type": "building",
                    "name": "Operations",
                    "value": 8
                },
                {
                    "id": 4087112845,
                    "type": "research",
                    "name": "Unlock Shuttle Bay",
                    "value": 1
                }
            ],
            "build_costs": {
                "resources": [
                    {
                        "id": 2325683920,
                        "type": "Parsteel",
                        "value": 650
                    }
                ],
                "materials": [],
                "others": []
            },
            "rewards": null
        },
        {
            "level": 2,
            "power": 40,
            "increased_power": 20,
            "build_time": 240,
            "bonuses": [
                {
                    "id": 1,
                    "value": 0.02
                },
                {
                    "id": 2,
                    "value": 0.02
                }
            ],
            "required_ops_level": 8,
            "requirements": [
                {
                    "id": 0,
                    "type": "building",
                    "name": "Operations",
                    "value": 8
                }
            ],
            "build_costs": {
                "resources": [
                    {
                        "id": 2325683920,
                        "type": "Parsteel",
                        "value": 1000
                    }
                ],
                "materials": [],
                "others": []
            },
            "rewards": null
        },
        {
            "level": 3,
            "power": 65,
            "increased_power": 25,
            "build_time": 360,
            "bonuses": [
                {
                    "id": 1,
                    "value": 0.03
                },
                {
                    "id": 2,
                    "value": 0.03
                }
            ],
            "required_ops_level": 8,
            "requirements": [
                {
                    "id": 0,
                    "type": "building",
                    "name": "Operations",
                    "value": 8
                }
            ],
            "build_costs": {
                "resources": [
                    {
                        "id": 2325683920,
                        "type": "Parsteel",
                        "value": 1350
                    }
                ],
                "materials": [],
                "others": []
            },
            "rewards": null
        },
        {
            "level": 4,
            "power": 90,
            "increased_power": 25,
            "build_time": 780,
            "bonuses": [
                {
                    "id": 1,
                    "value": 0.04
                },
                {
                    "id": 2,
                    "value": 0.04
                }
            ],
            "required_ops_level": 8,
            "requirements": [
                {
                    "id": 0,
                    "type": "building",
                    "name": "Operations",
                    "value": 8
                }
            ],
            "build_costs": {
                "resources": [
                    {
                        "id": 2325683920,
                        "type": "Parsteel",
                        "value": 1700
                    }
                ],
                "materials": [],
                "others": []
            },
            "rewards": null
        },
        {
            "level": 5,
            "power": 120,
            "increased_power": 30,
            "build_time": 1320,
            "bonuses": [
                {
                    "id": 1,
                    "value": 0.05
                },
                {
                    "id": 2,
                    "value": 0.05
                }
            ],
            "required_ops_level": 8,
            "requirements": [
                {
                    "id": 0,
                    "type": "building",
                    "name": "Operations",
                    "value": 8
                }
            ],
            "build_costs": {
                "resources": [
                    {
                        "id": 2325683920,
                        "type": "Parsteel",
                        "value": 2300
                    }
                ],
                "materials": [],
                "others": []
            },
            "rewards": null
        },
        {
            "level": 6,
            "power": 160,
            "increased_power": 40,
            "build_time": 2160,
            "bonuses": [
                {
                    "id": 1,
                    "value": 0.06
                },
                {
                    "id": 2,
                    "value": 0.06
                }
            ],
            "required_ops_level": 8,
            "requirements": [
                {
                    "id": 0,
                    "type": "building",
                    "name": "Operations",
                    "value": 8
                }
            ],
            "build_costs": {
                "resources": [
                    {
                        "id": 2325683920,
                        "type": "Parsteel",
                        "value": 4000
                    }
                ],
                "materials": [],
                "others": []
            },
            "rewards": null
        },
        {
            "level": 7,
            "power": 210,
            "increased_power": 50,
            "build_time": 4200,
            "bonuses": [
                {
                    "id": 1,
                    "value": 0.07
                },
                {
                    "id": 2,
                    "value": 0.07
                }
            ],
            "required_ops_level": 8,
            "requirements": [
                {
                    "id": 0,
                    "type": "building",
                    "name": "Operations",
                    "value": 8
                }
            ],
            "build_costs": {
                "resources": [
                    {
                        "id": 2325683920,
                        "type": "Parsteel",
                        "value": 5950
                    },
                    {
                        "id": 743985951,
                        "type": "Tritanium",
                        "value": 50
                    }
                ],
                "materials": [],
                "others": []
            },
            "rewards": null
        },
        {
            "level": 8,
            "power": 270,
            "increased_power": 60,
            "build_time": 6000,
            "bonuses": [
                {
                    "id": 1,
                    "value": 0.08
                },
                {
                    "id": 2,
                    "value": 0.08
                }
            ],
            "required_ops_level": 8,
            "requirements": [
                {
                    "id": 0,
                    "type": "building",
                    "name": "Operations",
                    "value": 8
                }
            ],
            "build_costs": {
                "resources": [
                    {
                        "id": 2325683920,
                        "type": "Parsteel",
                        "value": 7950
                    },
                    {
                        "id": 743985951,
                        "type": "Tritanium",
                        "value": 100
                    }
                ],
                "materials": [],
                "others": []
            },
            "rewards": null
        },
        {
            "level": 9,
            "power": 340,
            "increased_power": 70,
            "build_time": 9000,
            "bonuses": [
                {
                    "id": 1,
                    "value": 0.09
                },
                {
                    "id": 2,
                    "value": 0.09
                }
            ],
            "required_ops_level": 9,
            "requirements": [
                {
                    "id": 0,
                    "type": "building",
                    "name": "Operations",
                    "value": 9
                }
            ],
            "build_costs": {
                "resources": [
                    {
                        "id": 2325683920,
                        "type": "Parsteel",
                        "value": 9900
                    },
                    {
                        "id": 743985951,
                        "type": "Tritanium",
                        "value": 300
                    }
                ],
                "materials": [],
                "others": []
            },
            "rewards": null
        },
        {
            "level": 10,
            "power": 420,
            "increased_power": 80,
            "build_time": 9900,
            "bonuses": [
                {
                    "id": 1,
                    "value": 0.1
                },
                {
                    "id": 2,
                    "value": 0.1
                }
            ],
            "required_ops_level": 10,
            "requirements": [
                {
                    "id": 0,
                    "type": "building",
                    "name": "Operations",
                    "value": 10
                }
            ],
            "build_costs": {
                "resources": [
                    {
                        "id": 2325683920,
                        "type": "Parsteel",
                        "value": 13200
                    },
                    {
                        "id": 743985951,
                        "type": "Tritanium",
                        "value": 200
                    }
                ],
                "materials": [],
                "others": []
            },
            "rewards": null
        },
        {
            "level": 11,
            "power": 525,
            "increased_power": 105,
            "build_time": 10200,
            "bonuses": [
                {
                    "id": 1,
                    "value": 0.11
                },
                {
                    "id": 2,
                    "value": 0.11
                }
            ],
            "required_ops_level": 11,
            "requirements": [
                {
                    "id": 0,
                    "type": "building",
                    "name": "Operations",
                    "value": 11
                }
            ],
            "build_costs": {
                "resources": [
                    {
                        "id": 2325683920,
                        "type": "Parsteel",
                        "value": 16200
                    },
                    {
                        "id": 743985951,
                        "type": "Tritanium",
                        "value": 300
                    }
                ],
                "materials": [],
                "others": []
            },
            "rewards": null
        },
        {
            "level": 12,
            "power": 650,
            "increased_power": 125,
            "build_time": 18300,
            "bonuses": [
                {
                    "id": 1,
                    "value": 0.12
                },
                {
                    "id": 2,
                    "value": 0.12
                }
            ],
            "required_ops_level": 12,
            "requirements": [
                {
                    "id": 0,
                    "type": "building",
                    "name": "Operations",
                    "value": 12
                }
            ],
            "build_costs": {
                "resources": [
                    {
                        "id": 2325683920,
                        "type": "Parsteel",
                        "value": 22250
                    },
                    {
                        "id": 743985951,
                        "type": "Tritanium",
                        "value": 350
                    }
                ],
                "materials": [],
                "others": []
            },
            "rewards": null
        },
        {
            "level": 13,
            "power": 800,
            "increased_power": 150,
            "build_time": 27360,
            "bonuses": [
                {
                    "id": 1,
                    "value": 0.13
                },
                {
                    "id": 2,
                    "value": 0.13
                }
            ],
            "required_ops_level": 13,
            "requirements": [
                {
                    "id": 0,
                    "type": "building",
                    "name": "Operations",
                    "value": 13
                }
            ],
            "build_costs": {
                "resources": [
                    {
                        "id": 2325683920,
                        "type": "Parsteel",
                        "value": 32350
                    },
                    {
                        "id": 743985951,
                        "type": "Tritanium",
                        "value": 500
                    }
                ],
                "materials": [],
                "others": []
            },
            "rewards": null
        },
        {
            "level": 14,
            "power": 975,
            "increased_power": 175,
            "build_time": 38160,
            "bonuses": [
                {
                    "id": 1,
                    "value": 0.14
                },
                {
                    "id": 2,
                    "value": 0.14
                }
            ],
            "required_ops_level": 14,
            "requirements": [
                {
                    "id": 0,
                    "type": "building",
                    "name": "Operations",
                    "value": 14
                }
            ],
            "build_costs": {
                "resources": [
                    {
                        "id": 2325683920,
                        "type": "Parsteel",
                        "value": 44450
                    },
                    {
                        "id": 743985951,
                        "type": "Tritanium",
                        "value": 750
                    }
                ],
                "materials": [],
                "others": []
            },
            "rewards": null
        },
        {
            "level": 15,
            "power": 1175,
            "increased_power": 200,
            "build_time": 48960,
            "bonuses": [
                {
                    "id": 1,
                    "value": 0.15
                },
                {
                    "id": 2,
                    "value": 0.15
                }
            ],
            "required_ops_level": 15,
            "requirements": [
                {
                    "id": 0,
                    "type": "building",
                    "name": "Operations",
                    "value": 15
                }
            ],
            "build_costs": {
                "resources": [
                    {
                        "id": 2325683920,
                        "type": "Parsteel",
                        "value": 60650
                    },
                    {
                        "id": 743985951,
                        "type": "Tritanium",
                        "value": 1000
                    }
                ],
                "materials": [
                    {
                        "id": 1478791698,
                        "type": "2\u2605 Common Ore",
                        "grade": 2,
                        "rarity": 1,
                        "value": 65
                    }
                ],
                "others": []
            },
            "rewards": null
        },
        {
            "level": 16,
            "power": 1400,
            "increased_power": 225,
            "build_time": 58320,
            "bonuses": [
                {
                    "id": 1,
                    "value": 0.16
                },
                {
                    "id": 2,
                    "value": 0.16
                }
            ],
            "required_ops_level": 16,
            "requirements": [
                {
                    "id": 0,
                    "type": "building",
                    "name": "Operations",
                    "value": 16
                }
            ],
            "build_costs": {
                "resources": [
                    {
                        "id": 2325683920,
                        "type": "Parsteel",
                        "value": 80850
                    },
                    {
                        "id": 743985951,
                        "type": "Tritanium",
                        "value": 1350
                    }
                ],
                "materials": [
                    {
                        "id": 1478791698,
                        "type": "2\u2605 Common Ore",
                        "grade": 2,
                        "rarity": 1,
                        "value": 135
                    }
                ],
                "others": []
            },
            "rewards": null
        },
        {
            "level": 17,
            "power": 1700,
            "increased_power": 300,
            "build_time": 62640,
            "bonuses": [
                {
                    "id": 1,
                    "value": 0.17
                },
                {
                    "id": 2,
                    "value": 0.17
                }
            ],
            "required_ops_level": 17,
            "requirements": [
                {
                    "id": 0,
                    "type": "building",
                    "name": "Operations",
                    "value": 17
                }
            ],
            "build_costs": {
                "resources": [
                    {
                        "id": 2325683920,
                        "type": "Parsteel",
                        "value": 113250
                    },
                    {
                        "id": 743985951,
                        "type": "Tritanium",
                        "value": 1850
                    }
                ],
                "materials": [
                    {
                        "id": 1478791698,
                        "type": "2\u2605 Common Ore",
                        "grade": 2,
                        "rarity": 1,
                        "value": 265
                    }
                ],
                "others": []
            },
            "rewards": null
        },
        {
            "level": 18,
            "power": 2000,
            "increased_power": 300,
            "build_time": 95760,
            "bonuses": [
                {
                    "id": 1,
                    "value": 0.18
                },
                {
                    "id": 2,
                    "value": 0.18
                }
            ],
            "required_ops_level": 18,
            "requirements": [
                {
                    "id": 0,
                    "type": "building",
                    "name": "Operations",
                    "value": 18
                }
            ],
            "build_costs": {
                "resources": [
                    {
                        "id": 2325683920,
                        "type": "Parsteel",
                        "value": 161800
                    },
                    {
                        "id": 743985951,
                        "type": "Tritanium",
                        "value": 2650
                    }
                ],
                "materials": [
                    {
                        "id": 1478791698,
                        "type": "2\u2605 Common Ore",
                        "grade": 2,
                        "rarity": 1,
                        "value": 450
                    }
                ],
                "others": []
            },
            "rewards": null
        },
        {
            "level": 19,
            "power": 2300,
            "increased_power": 300,
            "build_time": 138960,
            "bonuses": [
                {
                    "id": 1,
                    "value": 0.19
                },
                {
                    "id": 2,
                    "value": 0.19
                }
            ],
            "required_ops_level": 19,
            "requirements": [
                {
                    "id": 0,
                    "type": "building",
                    "name": "Operations",
                    "value": 19
                }
            ],
            "build_costs": {
                "resources": [
                    {
                        "id": 2325683920,
                        "type": "Parsteel",
                        "value": 242650
                    },
                    {
                        "id": 743985951,
                        "type": "Tritanium",
                        "value": 4000
                    }
                ],
                "materials": [
                    {
                        "id": 1478791698,
                        "type": "2\u2605 Common Ore",
                        "grade": 2,
                        "rarity": 1,
                        "value": 840
                    },
                    {
                        "id": 4164002186,
                        "type": "2\u2605 Uncommon Ore",
                        "grade": 2,
                        "rarity": 2,
                        "value": 20
                    }
                ],
                "others": []
            },
            "rewards": null
        },
        {
            "level": 20,
            "power": 2700,
            "increased_power": 400,
            "build_time": 208800,
            "bonuses": [
                {
                    "id": 1,
                    "value": 0.2
                },
                {
                    "id": 2,
                    "value": 0.2
                }
            ],
            "required_ops_level": 20,
            "requirements": [
                {
                    "id": 0,
                    "type": "building",
                    "name": "Operations",
                    "value": 20
                }
            ],
            "build_costs": {
                "resources": [
                    {
                        "id": 2325683920,
                        "type": "Parsteel",
                        "value": 343750
                    },
                    {
                        "id": 743985951,
                        "type": "Tritanium",
                        "value": 5600
                    }
                ],
                "materials": [
                    {
                        "id": 1478791698,
                        "type": "2\u2605 Common Ore",
                        "grade": 2,
                        "rarity": 1,
                        "value": 1010
                    },
                    {
                        "id": 4164002186,
                        "type": "2\u2605 Uncommon Ore",
                        "grade": 2,
                        "rarity": 2,
                        "value": 35
                    }
                ],
                "others": []
            },
            "rewards": null
        },
        {
            "level": 21,
            "power": 3100,
            "increased_power": 400,
            "build_time": 190800,
            "bonuses": [
                {
                    "id": 1,
                    "value": 0.23
                },
                {
                    "id": 2,
                    "value": 0.21
                }
            ],
            "required_ops_level": 21,
            "requirements": [
                {
                    "id": 0,
                    "type": "building",
                    "name": "Operations",
                    "value": 21
                }
            ],
            "build_costs": {
                "resources": [
                    {
                        "id": 2325683920,
                        "type": "Parsteel",
                        "value": 578700
                    },
                    {
                        "id": 743985951,
                        "type": "Tritanium",
                        "value": 9450
                    }
                ],
                "materials": [
                    {
                        "id": 1478791698,
                        "type": "2\u2605 Common Ore",
                        "grade": 2,
                        "rarity": 1,
                        "value": 1230
                    },
                    {
                        "id": 4164002186,
                        "type": "2\u2605 Uncommon Ore",
                        "grade": 2,
                        "rarity": 2,
                        "value": 45
                    }
                ],
                "others": []
            },
            "rewards": null
        },
        {
            "level": 22,
            "power": 3600,
            "increased_power": 500,
            "build_time": 296640,
            "bonuses": [
                {
                    "id": 1,
                    "value": 0.26
                },
                {
                    "id": 2,
                    "value": 0.22
                }
            ],
            "required_ops_level": 22,
            "requirements": [
                {
                    "id": 0,
                    "type": "building",
                    "name": "Operations",
                    "value": 22
                }
            ],
            "build_costs": {
                "resources": [
                    {
                        "id": 2325683920,
                        "type": "Parsteel",
                        "value": 900200
                    },
                    {
                        "id": 743985951,
                        "type": "Tritanium",
                        "value": 14750
                    }
                ],
                "materials": [
                    {
                        "id": 1478791698,
                        "type": "2\u2605 Common Ore",
                        "grade": 2,
                        "rarity": 1,
                        "value": 1455
                    },
                    {
                        "id": 4164002186,
                        "type": "2\u2605 Uncommon Ore",
                        "grade": 2,
                        "rarity": 2,
                        "value": 55
                    }
                ],
                "others": []
            },
            "rewards": null
        },
        {
            "level": 23,
            "power": 4100,
            "increased_power": 500,
            "build_time": 349920,
            "bonuses": [
                {
                    "id": 1,
                    "value": 0.29
                },
                {
                    "id": 2,
                    "value": 0.23
                }
            ],
            "required_ops_level": 23,
            "requirements": [
                {
                    "id": 0,
                    "type": "building",
                    "name": "Operations",
                    "value": 23
                }
            ],
            "build_costs": {
                "resources": [
                    {
                        "id": 2325683920,
                        "type": "Parsteel",
                        "value": 1481350
                    },
                    {
                        "id": 743985951,
                        "type": "Tritanium",
                        "value": 24200
                    }
                ],
                "materials": [
                    {
                        "id": 813886518,
                        "type": "3\u2605 Common Ore",
                        "grade": 3,
                        "rarity": 1,
                        "value": 265
                    }
                ],
                "others": []
            },
            "rewards": null
        },
        {
            "level": 24,
            "power": 4700,
            "increased_power": 600,
            "build_time": 429120,
            "bonuses": [
                {
                    "id": 1,
                    "value": 0.32
                },
                {
                    "id": 2,
                    "value": 0.24
                }
            ],
            "required_ops_level": 24,
            "requirements": [
                {
                    "id": 0,
                    "type": "building",
                    "name": "Operations",
                    "value": 24
                }
            ],
            "build_costs": {
                "resources": [
                    {
                        "id": 2325683920,
                        "type": "Parsteel",
                        "value": 2334250
                    },
                    {
                        "id": 743985951,
                        "type": "Tritanium",
                        "value": 38150
                    }
                ],
                "materials": [
                    {
                        "id": 813886518,
                        "type": "3\u2605 Common Ore",
                        "grade": 3,
                        "rarity": 1,
                        "value": 560
                    }
                ],
                "others": []
            },
            "rewards": null
        },
        {
            "level": 25,
            "power": 5250,
            "increased_power": 550,
            "build_time": 397440,
            "bonuses": [
                {
                    "id": 1,
                    "value": 0.35
                },
                {
                    "id": 2,
                    "value": 0.25
                }
            ],
            "required_ops_level": 25,
            "requirements": [
                {
                    "id": 0,
                    "type": "building",
                    "name": "Operations",
                    "value": 25
                }
            ],
            "build_costs": {
                "resources": [
                    {
                        "id": 2325683920,
                        "type": "Parsteel",
                        "value": 3785250
                    },
                    {
                        "id": 743985951,
                        "type": "Tritanium",
                        "value": 61800
                    }
                ],
                "materials": [
                    {
                        "id": 813886518,
                        "type": "3\u2605 Common Ore",
                        "grade": 3,
                        "rarity": 1,
                        "value": 925
                    },
                    {
                        "id": 2453327618,
                        "type": "3\u2605 Uncommon Ore",
                        "grade": 3,
                        "rarity": 2,
                        "value": 120
                    }
                ],
                "others": []
            },
            "rewards": null
        },
        {
            "level": 26,
            "power": 6000,
            "increased_power": 750,
            "build_time": 538560,
            "bonuses": [
                {
                    "id": 1,
                    "value": 0.38
                },
                {
                    "id": 2,
                    "value": 0.26
                }
            ],
            "required_ops_level": 26,
            "requirements": [
                {
                    "id": 0,
                    "type": "building",
                    "name": "Operations",
                    "value": 26
                }
            ],
            "build_costs": {
                "resources": [
                    {
                        "id": 2325683920,
                        "type": "Parsteel",
                        "value": 5914500
                    },
                    {
                        "id": 743985951,
                        "type": "Tritanium",
                        "value": 96650
                    }
                ],
                "materials": [
                    {
                        "id": 813886518,
                        "type": "3\u2605 Common Ore",
                        "grade": 3,
                        "rarity": 1,
                        "value": 1010
                    },
                    {
                        "id": 2453327618,
                        "type": "3\u2605 Uncommon Ore",
                        "grade": 3,
                        "rarity": 2,
                        "value": 155
                    }
                ],
                "others": []
            },
            "rewards": null
        },
        {
            "level": 27,
            "power": 6750,
            "increased_power": 750,
            "build_time": 613440,
            "bonuses": [
                {
                    "id": 1,
                    "value": 0.41
                },
                {
                    "id": 2,
                    "value": 0.27
                }
            ],
            "required_ops_level": 27,
            "requirements": [
                {
                    "id": 0,
                    "type": "building",
                    "name": "Operations",
                    "value": 27
                }
            ],
            "build_costs": {
                "resources": [
                    {
                        "id": 2325683920,
                        "type": "Parsteel",
                        "value": 9026400
                    },
                    {
                        "id": 743985951,
                        "type": "Tritanium",
                        "value": 147500
                    }
                ],
                "materials": [
                    {
                        "id": 813886518,
                        "type": "3\u2605 Common Ore",
                        "grade": 3,
                        "rarity": 1,
                        "value": 1345
                    },
                    {
                        "id": 2453327618,
                        "type": "3\u2605 Uncommon Ore",
                        "grade": 3,
                        "rarity": 2,
                        "value": 225
                    }
                ],
                "others": []
            },
            "rewards": null
        },
        {
            "level": 28,
            "power": 7500,
            "increased_power": 750,
            "build_time": 712800,
            "bonuses": [
                {
                    "id": 1,
                    "value": 0.44
                },
                {
                    "id": 2,
                    "value": 0.28
                }
            ],
            "required_ops_level": 28,
            "requirements": [
                {
                    "id": 0,
                    "type": "building",
                    "name": "Operations",
                    "value": 28
                }
            ],
            "build_costs": {
                "resources": [
                    {
                        "id": 2325683920,
                        "type": "Parsteel",
                        "value": 13539600
                    },
                    {
                        "id": 743985951,
                        "type": "Tritanium",
                        "value": 221250
                    }
                ],
                "materials": [
                    {
                        "id": 813886518,
                        "type": "3\u2605 Common Ore",
                        "grade": 3,
                        "rarity": 1,
                        "value": 1570
                    },
                    {
                        "id": 2453327618,
                        "type": "3\u2605 Uncommon Ore",
                        "grade": 3,
                        "rarity": 2,
                        "value": 280
                    }
                ],
                "others": []
            },
            "rewards": null
        },
        {
            "level": 29,
            "power": 8500,
            "increased_power": 1000,
            "build_time": 784800,
            "bonuses": [
                {
                    "id": 1,
                    "value": 0.47
                },
                {
                    "id": 2,
                    "value": 0.29
                }
            ],
            "required_ops_level": 29,
            "requirements": [
                {
                    "id": 0,
                    "type": "building",
                    "name": "Operations",
                    "value": 29
                }
            ],
            "build_costs": {
                "resources": [
                    {
                        "id": 2325683920,
                        "type": "Parsteel",
                        "value": 21555000
                    },
                    {
                        "id": 743985951,
                        "type": "Tritanium",
                        "value": 352200
                    }
                ],
                "materials": [
                    {
                        "id": 813886518,
                        "type": "3\u2605 Common Ore",
                        "grade": 3,
                        "rarity": 1,
                        "value": 2000
                    },
                    {
                        "id": 2453327618,
                        "type": "3\u2605 Uncommon Ore",
                        "grade": 3,
                        "rarity": 2,
                        "value": 400
                    }
                ],
                "others": []
            },
            "rewards": null
        },
        {
            "level": 30,
            "power": 9500,
            "increased_power": 1000,
            "build_time": 851040,
            "bonuses": [
                {
                    "id": 1,
                    "value": 0.5
                },
                {
                    "id": 2,
                    "value": 0.34
                }
            ],
            "required_ops_level": 30,
            "requirements": [
                {
                    "id": 0,
                    "type": "building",
                    "name": "Operations",
                    "value": 30
                }
            ],
            "build_costs": {
                "resources": [
                    {
                        "id": 2325683920,
                        "type": "Parsteel",
                        "value": 31543950
                    },
                    {
                        "id": 743985951,
                        "type": "Tritanium",
                        "value": 515400
                    }
                ],
                "materials": [
                    {
                        "id": 813886518,
                        "type": "3\u2605 Common Ore",
                        "grade": 3,
                        "rarity": 1,
                        "value": 2500
                    },
                    {
                        "id": 2453327618,
                        "type": "3\u2605 Uncommon Ore",
                        "grade": 3,
                        "rarity": 2,
                        "value": 450
                    }
                ],
                "others": []
            },
            "rewards": null
        },
        {
            "level": 31,
            "power": 10500,
            "increased_power": 1000,
            "build_time": 1117440,
            "bonuses": [
                {
                    "id": 1,
                    "value": 0.55
                },
                {
                    "id": 2,
                    "value": 0.38
                }
            ],
            "required_ops_level": 31,
            "requirements": [
                {
                    "id": 0,
                    "type": "building",
                    "name": "Operations",
                    "value": 31
                }
            ],
            "build_costs": {
                "resources": [
                    {
                        "id": 2325683920,
                        "type": "Parsteel",
                        "value": 49863700
                    },
                    {
                        "id": 743985951,
                        "type": "Tritanium",
                        "value": 814750
                    }
                ],
                "materials": [
                    {
                        "id": 813886518,
                        "type": "3\u2605 Common Ore",
                        "grade": 3,
                        "rarity": 1,
                        "value": 3250
                    },
                    {
                        "id": 2453327618,
                        "type": "3\u2605 Uncommon Ore",
                        "grade": 3,
                        "rarity": 2,
                        "value": 560
                    }
                ],
                "others": []
            },
            "rewards": null
        },
        {
            "level": 32,
            "power": 11750,
            "increased_power": 1250,
            "build_time": 1091520,
            "bonuses": [
                {
                    "id": 1,
                    "value": 0.6
                },
                {
                    "id": 2,
                    "value": 0.42
                }
            ],
            "required_ops_level": 32,
            "requirements": [
                {
                    "id": 0,
                    "type": "building",
                    "name": "Operations",
                    "value": 32
                }
            ],
            "build_costs": {
                "resources": [
                    {
                        "id": 2325683920,
                        "type": "Parsteel",
                        "value": 72025350
                    },
                    {
                        "id": 743985951,
                        "type": "Tritanium",
                        "value": 1176900
                    }
                ],
                "materials": [
                    {
                        "id": 813886518,
                        "type": "3\u2605 Common Ore",
                        "grade": 3,
                        "rarity": 1,
                        "value": 4480
                    },
                    {
                        "id": 3337738024,
                        "type": "3\u2605 Rare Ore",
                        "grade": 3,
                        "rarity": 3,
                        "value": 30
                    }
                ],
                "others": []
            },
            "rewards": null
        },
        {
            "level": 33,
            "power": 13000,
            "increased_power": 1250,
            "build_time": 1585440,
            "bonuses": [
                {
                    "id": 1,
                    "value": 0.65
                },
                {
                    "id": 2,
                    "value": 0.46
                }
            ],
            "required_ops_level": 33,
            "requirements": [
                {
                    "id": 0,
                    "type": "building",
                    "name": "Operations",
                    "value": 33
                }
            ],
            "build_costs": {
                "resources": [
                    {
                        "id": 2325683920,
                        "type": "Parsteel",
                        "value": 111414850
                    },
                    {
                        "id": 743985951,
                        "type": "Tritanium",
                        "value": 1820500
                    }
                ],
                "materials": [
                    {
                        "id": 813886518,
                        "type": "3\u2605 Common Ore",
                        "grade": 3,
                        "rarity": 1,
                        "value": 3750
                    },
                    {
                        "id": 2453327618,
                        "type": "3\u2605 Uncommon Ore",
                        "grade": 3,
                        "rarity": 2,
                        "value": 670
                    }
                ],
                "others": []
            },
            "rewards": null
        },
        {
            "level": 34,
            "power": 14250,
            "increased_power": 1250,
            "build_time": 2099520,
            "bonuses": [
                {
                    "id": 1,
                    "value": 0.7
                },
                {
                    "id": 2,
                    "value": 0.5
                }
            ],
            "required_ops_level": 34,
            "requirements": [
                {
                    "id": 0,
                    "type": "building",
                    "name": "Operations",
                    "value": 34
                }
            ],
            "build_costs": {
                "resources": [
                    {
                        "id": 2325683920,
                        "type": "Parsteel",
                        "value": 175918200
                    },
                    {
                        "id": 743985951,
                        "type": "Tritanium",
                        "value": 2874500
                    }
                ],
                "materials": [
                    {
                        "id": 813886518,
                        "type": "3\u2605 Common Ore",
                        "grade": 3,
                        "rarity": 1,
                        "value": 4750
                    },
                    {
                        "id": 2453327618,
                        "type": "3\u2605 Uncommon Ore",
                        "grade": 3,
                        "rarity": 2,
                        "value": 785
                    }
                ],
                "others": []
            },
            "rewards": null
        },
        {
            "level": 35,
            "power": 15500,
            "increased_power": 1250,
            "build_time": 2767680,
            "bonuses": [
                {
                    "id": 1,
                    "value": 0.75
                },
                {
                    "id": 2,
                    "value": 0.54
                }
            ],
            "required_ops_level": 35,
            "requirements": [
                {
                    "id": 0,
                    "type": "building",
                    "name": "Operations",
                    "value": 35
                }
            ],
            "build_costs": {
                "resources": [
                    {
                        "id": 2325683920,
                        "type": "Parsteel",
                        "value": 272248550
                    },
                    {
                        "id": 743985951,
                        "type": "Tritanium",
                        "value": 4448550
                    }
                ],
                "materials": [
                    {
                        "id": 813886518,
                        "type": "3\u2605 Common Ore",
                        "grade": 3,
                        "rarity": 1,
                        "value": 5600
                    },
                    {
                        "id": 2453327618,
                        "type": "3\u2605 Uncommon Ore",
                        "grade": 3,
                        "rarity": 2,
                        "value": 950
                    }
                ],
                "others": []
            },
            "rewards": null
        },
        {
            "level": 36,
            "power": 17000,
            "increased_power": 1500,
            "build_time": 3536640,
            "bonuses": [
                {
                    "id": 1,
                    "value": 0.8
                },
                {
                    "id": 2,
                    "value": 0.58
                }
            ],
            "required_ops_level": 36,
            "requirements": [
                {
                    "id": 0,
                    "type": "building",
                    "name": "Operations",
                    "value": 36
                }
            ],
            "build_costs": {
                "resources": [
                    {
                        "id": 2325683920,
                        "type": "Parsteel",
                        "value": 383622950
                    },
                    {
                        "id": 743985951,
                        "type": "Tritanium",
                        "value": 6268350
                    }
                ],
                "materials": [
                    {
                        "id": 813886518,
                        "type": "3\u2605 Common Ore",
                        "grade": 3,
                        "rarity": 1,
                        "value": 6000
                    },
                    {
                        "id": 2453327618,
                        "type": "3\u2605 Uncommon Ore",
                        "grade": 3,
                        "rarity": 2,
                        "value": 1350
                    }
                ],
                "others": []
            },
            "rewards": null
        },
        {
            "level": 37,
            "power": 18750,
            "increased_power": 1750,
            "build_time": 3654720,
            "bonuses": [
                {
                    "id": 1,
                    "value": 0.85
                },
                {
                    "id": 2,
                    "value": 0.62
                }
            ],
            "required_ops_level": 37,
            "requirements": [
                {
                    "id": 0,
                    "type": "building",
                    "name": "Operations",
                    "value": 37
                }
            ],
            "build_costs": {
                "resources": [
                    {
                        "id": 2325683920,
                        "type": "Parsteel",
                        "value": 589629200
                    },
                    {
                        "id": 743985951,
                        "type": "Tritanium",
                        "value": 9634450
                    }
                ],
                "materials": [
                    {
                        "id": 813886518,
                        "type": "3\u2605 Common Ore",
                        "grade": 3,
                        "rarity": 1,
                        "value": 6250
                    },
                    {
                        "id": 3337738024,
                        "type": "3\u2605 Rare Ore",
                        "grade": 3,
                        "rarity": 3,
                        "value": 280
                    }
                ],
                "others": []
            },
            "rewards": null
        },
        {
            "level": 38,
            "power": 20500,
            "increased_power": 1750,
            "build_time": 5927040,
            "bonuses": [
                {
                    "id": 1,
                    "value": 0.9
                },
                {
                    "id": 2,
                    "value": 0.66
                }
            ],
            "required_ops_level": 38,
            "requirements": [
                {
                    "id": 0,
                    "type": "building",
                    "name": "Operations",
                    "value": 38
                }
            ],
            "build_costs": {
                "resources": [
                    {
                        "id": 2325683920,
                        "type": "Parsteel",
                        "value": 917201000
                    },
                    {
                        "id": 743985951,
                        "type": "Tritanium",
                        "value": 14986950
                    }
                ],
                "materials": [
                    {
                        "id": 813886518,
                        "type": "3\u2605 Common Ore",
                        "grade": 3,
                        "rarity": 1,
                        "value": 7250
                    },
                    {
                        "id": 3337738024,
                        "type": "3\u2605 Rare Ore",
                        "grade": 3,
                        "rarity": 3,
                        "value": 310
                    }
                ],
                "others": []
            },
            "rewards": null
        },
        {
            "level": 39,
            "power": 22000,
            "increased_power": 1500,
            "build_time": 7866720,
            "bonuses": [
                {
                    "id": 1,
                    "value": 0.95
                },
                {
                    "id": 2,
                    "value": 0.7
                }
            ],
            "required_ops_level": 39,
            "requirements": [
                {
                    "id": 0,
                    "type": "building",
                    "name": "Operations",
                    "value": 39
                }
            ],
            "build_costs": {
                "resources": [
                    {
                        "id": 2325683920,
                        "type": "Parsteel",
                        "value": 1565065150
                    },
                    {
                        "id": 743985951,
                        "type": "Tritanium",
                        "value": 25572950
                    }
                ],
                "materials": [
                    {
                        "id": 813886518,
                        "type": "3\u2605 Common Ore",
                        "grade": 3,
                        "rarity": 1,
                        "value": 9000
                    },
                    {
                        "id": 3337738024,
                        "type": "3\u2605 Rare Ore",
                        "grade": 3,
                        "rarity": 3,
                        "value": 450
                    }
                ],
                "others": []
            },
            "rewards": null
        },
        {
            "level": 40,
            "power": 24000,
            "increased_power": 2000,
            "build_time": 13962240,
            "bonuses": [
                {
                    "id": 1,
                    "value": 1.0
                },
                {
                    "id": 2,
                    "value": 0.77
                }
            ],
            "required_ops_level": 40,
            "requirements": [
                {
                    "id": 0,
                    "type": "building",
                    "name": "Operations",
                    "value": 40
                }
            ],
            "build_costs": {
                "resources": [
                    {
                        "id": 2325683920,
                        "type": "Parsteel",
                        "value": 3902846600
                    },
                    {
                        "id": 743985951,
                        "type": "Tritanium",
                        "value": 22775700
                    }
                ],
                "materials": [
                    {
                        "id": 3452257709,
                        "type": "4\u2605 Common Ore",
                        "grade": 4,
                        "rarity": 1,
                        "value": 32390
                    }
                ],
                "others": []
            },
            "rewards": null
        },
        {
            "level": 41,
            "power": 26000,
            "increased_power": 2000,
            "build_time": 13085280,
            "bonuses": [
                {
                    "id": 1,
                    "value": 1.05
                },
                {
                    "id": 2,
                    "value": 0.84
                }
            ],
            "required_ops_level": 41,
            "requirements": [
                {
                    "id": 0,
                    "type": "building",
                    "name": "Operations",
                    "value": 41
                }
            ],
            "build_costs": {
                "resources": [
                    {
                        "id": 2325683920,
                        "type": "Parsteel",
                        "value": 3982496500
                    },
                    {
                        "id": 743985951,
                        "type": "Tritanium",
                        "value": 32536750
                    }
                ],
                "materials": [
                    {
                        "id": 3452257709,
                        "type": "4\u2605 Common Ore",
                        "grade": 4,
                        "rarity": 1,
                        "value": 35425
                    },
                    {
                        "id": 1904955588,
                        "type": "4\u2605 Uncommon Ore",
                        "grade": 4,
                        "rarity": 2,
                        "value": 8605
                    }
                ],
                "others": []
            },
            "rewards": null
        },
        {
            "level": 42,
            "power": 28000,
            "increased_power": 2000,
            "build_time": 20113920,
            "bonuses": [
                {
                    "id": 1,
                    "value": 1.1
                },
                {
                    "id": 2,
                    "value": 0.91
                }
            ],
            "required_ops_level": 42,
            "requirements": [
                {
                    "id": 0,
                    "type": "building",
                    "name": "Operations",
                    "value": 42
                }
            ],
            "build_costs": {
                "resources": [
                    {
                        "id": 2325683920,
                        "type": "Parsteel",
                        "value": 5932067500
                    },
                    {
                        "id": 743985951,
                        "type": "Tritanium",
                        "value": 48464600
                    }
                ],
                "materials": [
                    {
                        "id": 1904955588,
                        "type": "4\u2605 Uncommon Ore",
                        "grade": 4,
                        "rarity": 2,
                        "value": 11135
                    },
                    {
                        "id": 920308245,
                        "type": "4\u2605 Rare Ore",
                        "grade": 4,
                        "rarity": 3,
                        "value": 2530
                    }
                ],
                "others": []
            },
            "rewards": null
        },
        {
            "level": 43,
            "power": 30500,
            "increased_power": 2500,
            "build_time": 26575200,
            "bonuses": [
                {
                    "id": 1,
                    "value": 1.15
                },
                {
                    "id": 2,
                    "value": 0.98
                }
            ],
            "required_ops_level": 43,
            "requirements": [
                {
                    "id": 0,
                    "type": "building",
                    "name": "Operations",
                    "value": 43
                }
            ],
            "build_costs": {
                "resources": [
                    {
                        "id": 2325683920,
                        "type": "Parsteel",
                        "value": 8474382150
                    },
                    {
                        "id": 743985951,
                        "type": "Tritanium",
                        "value": 69235150
                    }
                ],
                "materials": [
                    {
                        "id": 1904955588,
                        "type": "4\u2605 Uncommon Ore",
                        "grade": 4,
                        "rarity": 2,
                        "value": 12145
                    },
                    {
                        "id": 920308245,
                        "type": "4\u2605 Rare Ore",
                        "grade": 4,
                        "rarity": 3,
                        "value": 2785
                    }
                ],
                "others": []
            },
            "rewards": null
        },
        {
            "level": 44,
            "power": 33000,
            "increased_power": 2500,
            "build_time": 34686720,
            "bonuses": [
                {
                    "id": 1,
                    "value": 1.2
                },
                {
                    "id": 2,
                    "value": 1.05
                }
            ],
            "required_ops_level": 44,
            "requirements": [
                {
                    "id": 0,
                    "type": "building",
                    "name": "Operations",
                    "value": 44
                }
            ],
            "build_costs": {
                "resources": [
                    {
                        "id": 2325683920,
                        "type": "Parsteel",
                        "value": 12711573250
                    },
                    {
                        "id": 743985951,
                        "type": "Tritanium",
                        "value": 103852700
                    }
                ],
                "materials": [
                    {
                        "id": 1904955588,
                        "type": "4\u2605 Uncommon Ore",
                        "grade": 4,
                        "rarity": 2,
                        "value": 13160
                    },
                    {
                        "id": 920308245,
                        "type": "4\u2605 Rare Ore",
                        "grade": 4,
                        "rarity": 3,
                        "value": 3035
                    }
                ],
                "others": []
            },
            "rewards": null
        },
        {
            "level": 45,
            "power": 35500,
            "increased_power": 2500,
            "build_time": 44779680,
            "bonuses": [
                {
                    "id": 1,
                    "value": 1.25
                },
                {
                    "id": 2,
                    "value": 1.12
                }
            ],
            "required_ops_level": 45,
            "requirements": [
                {
                    "id": 0,
                    "type": "building",
                    "name": "Operations",
                    "value": 45
                }
            ],
            "build_costs": {
                "resources": [
                    {
                        "id": 2325683920,
                        "type": "Parsteel",
                        "value": 18060158700
                    },
                    {
                        "id": 743985951,
                        "type": "Tritanium",
                        "value": 147550300
                    }
                ],
                "materials": [
                    {
                        "id": 1904955588,
                        "type": "4\u2605 Uncommon Ore",
                        "grade": 4,
                        "rarity": 2,
                        "value": 14170
                    },
                    {
                        "id": 920308245,
                        "type": "4\u2605 Rare Ore",
                        "grade": 4,
                        "rarity": 3,
                        "value": 3290
                    }
                ],
                "others": []
            },
            "rewards": null
        },
        {
            "level": 46,
            "power": 38000,
            "increased_power": 2500,
            "build_time": 57241440,
            "bonuses": [
                {
                    "id": 1,
                    "value": 1.3
                },
                {
                    "id": 2,
                    "value": 1.19
                }
            ],
            "required_ops_level": 46,
            "requirements": [
                {
                    "id": 0,
                    "type": "building",
                    "name": "Operations",
                    "value": 46
                }
            ],
            "build_costs": {
                "resources": [
                    {
                        "id": 2325683920,
                        "type": "Parsteel",
                        "value": 24832718200
                    },
                    {
                        "id": 743985951,
                        "type": "Tritanium",
                        "value": 202881700
                    }
                ],
                "materials": [
                    {
                        "id": 1904955588,
                        "type": "4\u2605 Uncommon Ore",
                        "grade": 4,
                        "rarity": 2,
                        "value": 15180
                    },
                    {
                        "id": 920308245,
                        "type": "4\u2605 Rare Ore",
                        "grade": 4,
                        "rarity": 3,
                        "value": 3795
                    }
                ],
                "others": []
            },
            "rewards": null
        },
        {
            "level": 47,
            "power": 41000,
            "increased_power": 3000,
            "build_time": 72511200,
            "bonuses": [
                {
                    "id": 1,
                    "value": 1.35
                },
                {
                    "id": 2,
                    "value": 1.26
                }
            ],
            "required_ops_level": 47,
            "requirements": [
                {
                    "id": 0,
                    "type": "building",
                    "name": "Operations",
                    "value": 47
                }
            ],
            "build_costs": {
                "resources": [
                    {
                        "id": 2325683920,
                        "type": "Parsteel",
                        "value": 36120317350
                    },
                    {
                        "id": 743985951,
                        "type": "Tritanium",
                        "value": 295100650
                    }
                ],
                "materials": [
                    {
                        "id": 1904955588,
                        "type": "4\u2605 Uncommon Ore",
                        "grade": 4,
                        "rarity": 2,
                        "value": 16195
                    },
                    {
                        "id": 920308245,
                        "type": "4\u2605 Rare Ore",
                        "grade": 4,
                        "rarity": 3,
                        "value": 4300
                    }
                ],
                "others": []
            },
            "rewards": null
        },
        {
            "level": 48,
            "power": 44000,
            "increased_power": 3000,
            "build_time": 91101600,
            "bonuses": [
                {
                    "id": 1,
                    "value": 1.4
                },
                {
                    "id": 2,
                    "value": 1.33
                }
            ],
            "required_ops_level": 48,
            "requirements": [
                {
                    "id": 0,
                    "type": "building",
                    "name": "Operations",
                    "value": 48
                }
            ],
            "build_costs": {
                "resources": [
                    {
                        "id": 2325683920,
                        "type": "Parsteel",
                        "value": 58348204950
                    },
                    {
                        "id": 743985951,
                        "type": "Tritanium",
                        "value": 476701000
                    }
                ],
                "materials": [
                    {
                        "id": 1904955588,
                        "type": "4\u2605 Uncommon Ore",
                        "grade": 4,
                        "rarity": 2,
                        "value": 17205
                    },
                    {
                        "id": 920308245,
                        "type": "4\u2605 Rare Ore",
                        "grade": 4,
                        "rarity": 3,
                        "value": 4810
                    }
                ],
                "others": []
            },
            "rewards": null
        },
        {
            "level": 49,
            "power": 47000,
            "increased_power": 3000,
            "build_time": 113587200,
            "bonuses": [
                {
                    "id": 1,
                    "value": 1.45
                },
                {
                    "id": 2,
                    "value": 1.4
                }
            ],
            "required_ops_level": 49,
            "requirements": [
                {
                    "id": 0,
                    "type": "building",
                    "name": "Operations",
                    "value": 49
                }
            ],
            "build_costs": {
                "resources": [
                    {
                        "id": 2325683920,
                        "type": "Parsteel",
                        "value": 97247008250
                    },
                    {
                        "id": 743985951,
                        "type": "Tritanium",
                        "value": 794501700
                    }
                ],
                "materials": [
                    {
                        "id": 1904955588,
                        "type": "4\u2605 Uncommon Ore",
                        "grade": 4,
                        "rarity": 2,
                        "value": 19230
                    },
                    {
                        "id": 920308245,
                        "type": "4\u2605 Rare Ore",
                        "grade": 4,
                        "rarity": 3,
                        "value": 5565
                    }
                ],
                "others": []
            },
            "rewards": null
        },
        {
            "level": 50,
            "power": 50000,
            "increased_power": 3000,
            "build_time": 140627520,
            "bonuses": [
                {
                    "id": 1,
                    "value": 1.5
                },
                {
                    "id": 2,
                    "value": 1.5
                }
            ],
            "required_ops_level": 50,
            "requirements": [
                {
                    "id": 0,
                    "type": "building",
                    "name": "Operations",
                    "value": 50
                }
            ],
            "build_costs": {
                "resources": [
                    {
                        "id": 2325683920,
                        "type": "Parsteel",
                        "value": 170182264450
                    },
                    {
                        "id": 743985951,
                        "type": "Tritanium",
                        "value": 1390378000
                    }
                ],
                "materials": [
                    {
                        "id": 1904955588,
                        "type": "4\u2605 Uncommon Ore",
                        "grade": 4,
                        "rarity": 2,
                        "value": 22265
                    },
                    {
                        "id": 920308245,
                        "type": "4\u2605 Rare Ore",
                        "grade": 4,
                        "rarity": 3,
                        "value": 6075
                    }
                ],
                "others": []
            },
            "rewards": null
        },
        {
            "level": 51,
            "power": 53500,
            "increased_power": 3500,
            "build_time": 149065920,
            "bonuses": [
                {
                    "id": 1,
                    "value": 1.55
                },
                {
                    "id": 2,
                    "value": 1.58
                }
            ],
            "required_ops_level": 51,
            "requirements": [
                {
                    "id": 0,
                    "type": "building",
                    "name": "Operations",
                    "value": 51
                }
            ],
            "build_costs": {
                "resources": [
                    {
                        "id": 2325683920,
                        "type": "Parsteel",
                        "value": 747864000000
                    },
                    {
                        "id": 743985951,
                        "type": "Tritanium",
                        "value": 3900000000
                    }
                ],
                "materials": [
                    {
                        "id": 2893480370,
                        "type": "5\u2605 Common Ore",
                        "grade": 5,
                        "rarity": 1,
                        "value": 11400
                    },
                    {
                        "id": 2258174662,
                        "type": "5\u2605 Uncommon Ore",
                        "grade": 5,
                        "rarity": 2,
                        "value": 5400
                    }
                ],
                "others": []
            },
            "rewards": null
        },
        {
            "level": 52,
            "power": 57000,
            "increased_power": 3500,
            "build_time": 158009760,
            "bonuses": [
                {
                    "id": 1,
                    "value": 1.6
                },
                {
                    "id": 2,
                    "value": 1.66
                }
            ],
            "required_ops_level": 52,
            "requirements": [
                {
                    "id": 0,
                    "type": "building",
                    "name": "Operations",
                    "value": 52
                }
            ],
            "build_costs": {
                "resources": [
                    {
                        "id": 2325683920,
                        "type": "Parsteel",
                        "value": 1352520000000
                    },
                    {
                        "id": 743985951,
                        "type": "Tritanium",
                        "value": 6630000000
                    }
                ],
                "materials": [
                    {
                        "id": 2893480370,
                        "type": "5\u2605 Common Ore",
                        "grade": 5,
                        "rarity": 1,
                        "value": 19800
                    },
                    {
                        "id": 2258174662,
                        "type": "5\u2605 Uncommon Ore",
                        "grade": 5,
                        "rarity": 2,
                        "value": 12000
                    }
                ],
                "others": []
            },
            "rewards": null
        },
        {
            "level": 53,
            "power": 61000,
            "increased_power": 4000,
            "build_time": 167490720,
            "bonuses": [
                {
                    "id": 1,
                    "value": 1.65
                },
                {
                    "id": 2,
                    "value": 1.74
                }
            ],
            "required_ops_level": 53,
            "requirements": [
                {
                    "id": 0,
                    "type": "building",
                    "name": "Operations",
                    "value": 53
                }
            ],
            "build_costs": {
                "resources": [
                    {
                        "id": 2325683920,
                        "type": "Parsteel",
                        "value": 2271744000000
                    },
                    {
                        "id": 743985951,
                        "type": "Tritanium",
                        "value": 11600000000
                    }
                ],
                "materials": [
                    {
                        "id": 2893480370,
                        "type": "5\u2605 Common Ore",
                        "grade": 5,
                        "rarity": 1,
                        "value": 38000
                    },
                    {
                        "id": 2258174662,
                        "type": "5\u2605 Uncommon Ore",
                        "grade": 5,
                        "rarity": 2,
                        "value": 33900
                    }
                ],
                "others": []
            },
            "rewards": null
        },
        {
            "level": 54,
            "power": 65000,
            "increased_power": 4000,
            "build_time": 177540480,
            "bonuses": [
                {
                    "id": 1,
                    "value": 1.7
                },
                {
                    "id": 2,
                    "value": 1.82
                }
            ],
            "required_ops_level": 54,
            "requirements": [
                {
                    "id": 0,
                    "type": "building",
                    "name": "Operations",
                    "value": 54
                }
            ],
            "build_costs": {
                "resources": [
                    {
                        "id": 2325683920,
                        "type": "Parsteel",
                        "value": 3407616000000
                    },
                    {
                        "id": 743985951,
                        "type": "Tritanium",
                        "value": 17400000000
                    }
                ],
                "materials": [
                    {
                        "id": 2893480370,
                        "type": "5\u2605 Common Ore",
                        "grade": 5,
                        "rarity": 1,
                        "value": 67500
                    }
                ],
                "others": []
            },
            "rewards": null
        },
        {
            "level": 55,
            "power": 69000,
            "increased_power": 4000,
            "build_time": 188192160,
            "bonuses": [
                {
                    "id": 1,
                    "value": 1.75
                },
                {
                    "id": 2,
                    "value": 1.9
                }
            ],
            "required_ops_level": 55,
            "requirements": [
                {
                    "id": 0,
                    "type": "building",
                    "name": "Operations",
                    "value": 55
                }
            ],
            "build_costs": {
                "resources": [
                    {
                        "id": 2325683920,
                        "type": "Parsteel",
                        "value": 5791968000000
                    },
                    {
                        "id": 743985951,
                        "type": "Tritanium",
                        "value": 27300000000
                    }
                ],
                "materials": [
                    {
                        "id": 2893480370,
                        "type": "5\u2605 Common Ore",
                        "grade": 5,
                        "rarity": 1,
                        "value": 67600
                    },
                    {
                        "id": 4109746240,
                        "type": "5\u2605 Rare Ore",
                        "grade": 5,
                        "rarity": 3,
                        "value": 8500
                    }
                ],
                "others": []
            },
            "rewards": null
        },
        {
            "level": 56,
            "power": 73000,
            "increased_power": 4000,
            "build_time": 199483200,
            "bonuses": [
                {
                    "id": 1,
                    "value": 1.8
                },
                {
                    "id": 2,
                    "value": 1.98
                }
            ],
            "required_ops_level": 56,
            "requirements": [
                {
                    "id": 0,
                    "type": "building",
                    "name": "Operations",
                    "value": 56
                }
            ],
            "build_costs": {
                "resources": [
                    {
                        "id": 2325683920,
                        "type": "Parsteel",
                        "value": 9101664000000
                    },
                    {
                        "id": 743985951,
                        "type": "Tritanium",
                        "value": 42900000000
                    }
                ],
                "materials": [
                    {
                        "id": 2258174662,
                        "type": "5\u2605 Uncommon Ore",
                        "grade": 5,
                        "rarity": 2,
                        "value": 55100
                    },
                    {
                        "id": 4109746240,
                        "type": "5\u2605 Rare Ore",
                        "grade": 5,
                        "rarity": 3,
                        "value": 11500
                    }
                ],
                "others": []
            },
            "rewards": null
        },
        {
            "level": 57,
            "power": 77000,
            "increased_power": 4000,
            "build_time": 211452480,
            "bonuses": [
                {
                    "id": 1,
                    "value": 1.85
                },
                {
                    "id": 2,
                    "value": 2.06
                }
            ],
            "required_ops_level": 57,
            "requirements": [
                {
                    "id": 0,
                    "type": "building",
                    "name": "Operations",
                    "value": 57
                }
            ],
            "build_costs": {
                "resources": [
                    {
                        "id": 2325683920,
                        "type": "Parsteel",
                        "value": 14248665600000
                    },
                    {
                        "id": 743985951,
                        "type": "Tritanium",
                        "value": 67160000000
                    }
                ],
                "materials": [
                    {
                        "id": 2258174662,
                        "type": "5\u2605 Uncommon Ore",
                        "grade": 5,
                        "rarity": 2,
                        "value": 51900
                    },
                    {
                        "id": 4109746240,
                        "type": "5\u2605 Rare Ore",
                        "grade": 5,
                        "rarity": 3,
                        "value": 12900
                    }
                ],
                "others": []
            },
            "rewards": null
        },
        {
            "level": 58,
            "power": 82000,
            "increased_power": 5000,
            "build_time": 224140320,
            "bonuses": [
                {
                    "id": 1,
                    "value": 1.9
                },
                {
                    "id": 2,
                    "value": 2.14
                }
            ],
            "required_ops_level": 58,
            "requirements": [
                {
                    "id": 0,
                    "type": "building",
                    "name": "Operations",
                    "value": 58
                }
            ],
            "build_costs": {
                "resources": [
                    {
                        "id": 2325683920,
                        "type": "Parsteel",
                        "value": 20586700800000
                    },
                    {
                        "id": 743985951,
                        "type": "Tritanium",
                        "value": 105120000000
                    }
                ],
                "materials": [
                    {
                        "id": 2258174662,
                        "type": "5\u2605 Uncommon Ore",
                        "grade": 5,
                        "rarity": 2,
                        "value": 50600
                    },
                    {
                        "id": 4109746240,
                        "type": "5\u2605 Rare Ore",
                        "grade": 5,
                        "rarity": 3,
                        "value": 17200
                    }
                ],
                "others": []
            },
            "rewards": null
        },
        {
            "level": 59,
            "power": 87000,
            "increased_power": 5000,
            "build_time": 237588480,
            "bonuses": [
                {
                    "id": 1,
                    "value": 1.95
                },
                {
                    "id": 2,
                    "value": 2.22
                }
            ],
            "required_ops_level": 59,
            "requirements": [
                {
                    "id": 0,
                    "type": "building",
                    "name": "Operations",
                    "value": 59
                }
            ],
            "build_costs": {
                "resources": [
                    {
                        "id": 2325683920,
                        "type": "Parsteel",
                        "value": 30880051200000
                    },
                    {
                        "id": 743985951,
                        "type": "Tritanium",
                        "value": 157680000000
                    }
                ],
                "materials": [
                    {
                        "id": 2258174662,
                        "type": "5\u2605 Uncommon Ore",
                        "grade": 5,
                        "rarity": 2,
                        "value": 112700
                    },
                    {
                        "id": 4109746240,
                        "type": "5\u2605 Rare Ore",
                        "grade": 5,
                        "rarity": 3,
                        "value": 24900
                    }
                ],
                "others": []
            },
            "rewards": null
        },
        {
            "level": 60,
            "power": 92000,
            "increased_power": 5000,
            "build_time": 251843040,
            "bonuses": [
                {
                    "id": 1,
                    "value": 2.0
                },
                {
                    "id": 2,
                    "value": 2.3
                }
            ],
            "required_ops_level": 60,
            "requirements": [
                {
                    "id": 0,
                    "type": "building",
                    "name": "Operations",
                    "value": 60
                }
            ],
            "build_costs": {
                "resources": [
                    {
                        "id": 2325683920,
                        "type": "Parsteel",
                        "value": 48225600000000
                    },
                    {
                        "id": 743985951,
                        "type": "Tritanium",
                        "value": 246250000000
                    }
                ],
                "materials": [
                    {
                        "id": 2258174662,
                        "type": "5\u2605 Uncommon Ore",
                        "grade": 5,
                        "rarity": 2,
                        "value": 104400
                    },
                    {
                        "id": 4109746240,
                        "type": "5\u2605 Rare Ore",
                        "grade": 5,
                        "rarity": 3,
                        "value": 24400
                    }
                ],
                "others": []
            },
            "rewards": null
        }
    ]
}