{
    "id": 4,
    "name": "Parsteel Warehouse",
    "description": "Stores all collected Parsteel. Upgrade the Warehouse to increase the Parsteel Capacity.",
    "group": 6,
    "start_level": 0,
    "bonuses": [
        {
            "id": 1,
            "name": "Parsteel Capacity",
            "is_percentage": false
        }
    ],
    "levels": [
        {
            "level": 1,
            "power": 20,
            "increased_power": 20,
            "build_time": 30,
            "bonuses": [
                {
                    "id": 1,
                    "value": 5000.0
                }
            ],
            "required_ops_level": 1,
            "requirements": [
                {
                    "id": 0,
                    "type": "building",
                    "name": "Operations",
                    "value": 1
                },
                {
                    "id": 1,
                    "type": "building",
                    "name": "Parsteel Generator A",
                    "value": 1
                }
            ],
            "build_costs": {
                "resources": [
                    {
                        "id": 2325683920,
                        "type": "Parsteel",
                        "value": 20
                    }
                ],
                "materials": [],
                "others": []
            },
            "rewards": null
        },
        {
            "level": 2,
            "power": 40,
            "increased_power": 20,
            "build_time": 120,
            "bonuses": [
                {
                    "id": 1,
                    "value": 6750.0
                }
            ],
            "required_ops_level": 2,
            "requirements": [
                {
                    "id": 0,
                    "type": "building",
                    "name": "Operations",
                    "value": 2
                },
                {
                    "id": 1,
                    "type": "building",
                    "name": "Parsteel Generator A",
                    "value": 2
                },
                {
                    "id": 2,
                    "type": "building",
                    "name": "Parsteel Generator B",
                    "value": 1
                }
            ],
            "build_costs": {
                "resources": [
                    {
                        "id": 2325683920,
                        "type": "Parsteel",
                        "value": 35
                    }
                ],
                "materials": [],
                "others": []
            },
            "rewards": null
        },
        {
            "level": 3,
            "power": 65,
            "increased_power": 25,
            "build_time": 240,
            "bonuses": [
                {
                    "id": 1,
                    "value": 10000.0
                }
            ],
            "required_ops_level": 3,
            "requirements": [
                {
                    "id": 0,
                    "type": "building",
                    "name": "Operations",
                    "value": 3
                },
                {
                    "id": 1,
                    "type": "building",
                    "name": "Parsteel Generator A",
                    "value": 3
                }
            ],
            "build_costs": {
                "resources": [
                    {
                        "id": 2325683920,
                        "type": "Parsteel",
                        "value": 70
                    }
                ],
                "materials": [],
                "others": []
            },
            "rewards": null
        },
        {
            "level": 4,
            "power": 90,
            "increased_power": 25,
            "build_time": 300,
            "bonuses": [
                {
                    "id": 1,
                    "value": 13750.0
                }
            ],
            "required_ops_level": 4,
            "requirements": [
                {
                    "id": 0,
                    "type": "building",
                    "name": "Operations",
                    "value": 4
                },
                {
                    "id": 2,
                    "type": "building",
                    "name": "Parsteel Generator B",
                    "value": 4
                }
            ],
            "build_costs": {
                "resources": [
                    {
                        "id": 2325683920,
                        "type": "Parsteel",
                        "value": 120
                    }
                ],
                "materials": [],
                "others": []
            },
            "rewards": null
        },
        {
            "level": 5,
            "power": 120,
            "increased_power": 30,
            "build_time": 390,
            "bonuses": [
                {
                    "id": 1,
                    "value": 21500.0
                }
            ],
            "required_ops_level": 5,
            "requirements": [
                {
                    "id": 0,
                    "type": "building",
                    "name": "Operations",
                    "value": 5
                },
                {
                    "id": 1,
                    "type": "building",
                    "name": "Parsteel Generator A",
                    "value": 5
                }
            ],
            "build_costs": {
                "resources": [
                    {
                        "id": 2325683920,
                        "type": "Parsteel",
                        "value": 350
                    }
                ],
                "materials": [],
                "others": []
            },
            "rewards": null
        },
        {
            "level": 6,
            "power": 160,
            "increased_power": 40,
            "build_time": 480,
            "bonuses": [
                {
                    "id": 1,
                    "value": 26000.0
                }
            ],
            "required_ops_level": 6,
            "requirements": [
                {
                    "id": 0,
                    "type": "building",
                    "name": "Operations",
                    "value": 6
                },
                {
                    "id": 1,
                    "type": "building",
                    "name": "Parsteel Generator A",
                    "value": 6
                }
            ],
            "build_costs": {
                "resources": [
                    {
                        "id": 2325683920,
                        "type": "Parsteel",
                        "value": 1000
                    }
                ],
                "materials": [],
                "others": []
            },
            "rewards": null
        },
        {
            "level": 7,
            "power": 210,
            "increased_power": 50,
            "build_time": 720,
            "bonuses": [
                {
                    "id": 1,
                    "value": 33500.0
                }
            ],
            "required_ops_level": 7,
            "requirements": [
                {
                    "id": 0,
                    "type": "building",
                    "name": "Operations",
                    "value": 7
                },
                {
                    "id": 1,
                    "type": "building",
                    "name": "Parsteel Generator A",
                    "value": 7
                },
                {
                    "id": 18,
                    "type": "building",
                    "name": "Drydock B",
                    "value": 6
                }
            ],
            "build_costs": {
                "resources": [
                    {
                        "id": 2325683920,
                        "type": "Parsteel",
                        "value": 2000
                    },
                    {
                        "id": 743985951,
                        "type": "Tritanium",
                        "value": 10
                    }
                ],
                "materials": [],
                "others": []
            },
            "rewards": null
        },
        {
            "level": 8,
            "power": 270,
            "increased_power": 60,
            "build_time": 1440,
            "bonuses": [
                {
                    "id": 1,
                    "value": 37500.0
                }
            ],
            "required_ops_level": 8,
            "requirements": [
                {
                    "id": 0,
                    "type": "building",
                    "name": "Operations",
                    "value": 8
                },
                {
                    "id": 1,
                    "type": "building",
                    "name": "Parsteel Generator A",
                    "value": 8
                }
            ],
            "build_costs": {
                "resources": [
                    {
                        "id": 2325683920,
                        "type": "Parsteel",
                        "value": 3500
                    },
                    {
                        "id": 743985951,
                        "type": "Tritanium",
                        "value": 30
                    }
                ],
                "materials": [],
                "others": []
            },
            "rewards": null
        },
        {
            "level": 9,
            "power": 340,
            "increased_power": 70,
            "build_time": 2160,
            "bonuses": [
                {
                    "id": 1,
                    "value": 39500.0
                }
            ],
            "required_ops_level": 9,
            "requirements": [
                {
                    "id": 0,
                    "type": "building",
                    "name": "Operations",
                    "value": 9
                },
                {
                    "id": 2,
                    "type": "building",
                    "name": "Parsteel Generator B",
                    "value": 9
                }
            ],
            "build_costs": {
                "resources": [
                    {
                        "id": 2325683920,
                        "type": "Parsteel",
                        "value": 5000
                    },
                    {
                        "id": 743985951,
                        "type": "Tritanium",
                        "value": 75
                    }
                ],
                "materials": [],
                "others": []
            },
            "rewards": null
        },
        {
            "level": 10,
            "power": 420,
            "increased_power": 80,
            "build_time": 2520,
            "bonuses": [
                {
                    "id": 1,
                    "value": 41500.0
                }
            ],
            "required_ops_level": 10,
            "requirements": [
                {
                    "id": 0,
                    "type": "building",
                    "name": "Operations",
                    "value": 10
                },
                {
                    "id": 1,
                    "type": "building",
                    "name": "Parsteel Generator A",
                    "value": 10
                }
            ],
            "build_costs": {
                "resources": [
                    {
                        "id": 2325683920,
                        "type": "Parsteel",
                        "value": 7000
                    },
                    {
                        "id": 743985951,
                        "type": "Tritanium",
                        "value": 125
                    }
                ],
                "materials": [],
                "others": []
            },
            "rewards": null
        },
        {
            "level": 11,
            "power": 525,
            "increased_power": 105,
            "build_time": 2520,
            "bonuses": [
                {
                    "id": 1,
                    "value": 43500.0
                }
            ],
            "required_ops_level": 11,
            "requirements": [
                {
                    "id": 0,
                    "type": "building",
                    "name": "Operations",
                    "value": 11
                },
                {
                    "id": 1,
                    "type": "building",
                    "name": "Parsteel Generator A",
                    "value": 11
                }
            ],
            "build_costs": {
                "resources": [
                    {
                        "id": 2325683920,
                        "type": "Parsteel",
                        "value": 10200
                    },
                    {
                        "id": 743985951,
                        "type": "Tritanium",
                        "value": 100
                    }
                ],
                "materials": [],
                "others": []
            },
            "rewards": null
        },
        {
            "level": 12,
            "power": 650,
            "increased_power": 125,
            "build_time": 4560,
            "bonuses": [
                {
                    "id": 1,
                    "value": 45500.0
                }
            ],
            "required_ops_level": 12,
            "requirements": [
                {
                    "id": 0,
                    "type": "building",
                    "name": "Operations",
                    "value": 12
                },
                {
                    "id": 1,
                    "type": "building",
                    "name": "Parsteel Generator A",
                    "value": 12
                }
            ],
            "build_costs": {
                "resources": [
                    {
                        "id": 2325683920,
                        "type": "Parsteel",
                        "value": 14025
                    },
                    {
                        "id": 743985951,
                        "type": "Tritanium",
                        "value": 138
                    }
                ],
                "materials": [],
                "others": []
            },
            "rewards": null
        },
        {
            "level": 13,
            "power": 800,
            "increased_power": 150,
            "build_time": 6900,
            "bonuses": [
                {
                    "id": 1,
                    "value": 48000.0
                }
            ],
            "required_ops_level": 13,
            "requirements": [
                {
                    "id": 0,
                    "type": "building",
                    "name": "Operations",
                    "value": 13
                },
                {
                    "id": 1,
                    "type": "building",
                    "name": "Parsteel Generator A",
                    "value": 13
                }
            ],
            "build_costs": {
                "resources": [
                    {
                        "id": 2325683920,
                        "type": "Parsteel",
                        "value": 20400
                    },
                    {
                        "id": 743985951,
                        "type": "Tritanium",
                        "value": 200
                    }
                ],
                "materials": [],
                "others": []
            },
            "rewards": null
        },
        {
            "level": 14,
            "power": 975,
            "increased_power": 175,
            "build_time": 9600,
            "bonuses": [
                {
                    "id": 1,
                    "value": 50500.0
                }
            ],
            "required_ops_level": 14,
            "requirements": [
                {
                    "id": 0,
                    "type": "building",
                    "name": "Operations",
                    "value": 14
                },
                {
                    "id": 1,
                    "type": "building",
                    "name": "Parsteel Generator A",
                    "value": 14
                }
            ],
            "build_costs": {
                "resources": [
                    {
                        "id": 2325683920,
                        "type": "Parsteel",
                        "value": 28050
                    },
                    {
                        "id": 743985951,
                        "type": "Tritanium",
                        "value": 275
                    }
                ],
                "materials": [],
                "others": []
            },
            "rewards": null
        },
        {
            "level": 15,
            "power": 1175,
            "increased_power": 200,
            "build_time": 12300,
            "bonuses": [
                {
                    "id": 1,
                    "value": 55000.0
                }
            ],
            "required_ops_level": 15,
            "requirements": [
                {
                    "id": 0,
                    "type": "building",
                    "name": "Operations",
                    "value": 15
                },
                {
                    "id": 1,
                    "type": "building",
                    "name": "Parsteel Generator A",
                    "value": 15
                },
                {
                    "id": 2,
                    "type": "building",
                    "name": "Parsteel Generator B",
                    "value": 15
                }
            ],
            "build_costs": {
                "resources": [
                    {
                        "id": 2325683920,
                        "type": "Parsteel",
                        "value": 38250
                    },
                    {
                        "id": 743985951,
                        "type": "Tritanium",
                        "value": 375
                    }
                ],
                "materials": [],
                "others": []
            },
            "rewards": null
        },
        {
            "level": 16,
            "power": 1400,
            "increased_power": 225,
            "build_time": 14400,
            "bonuses": [
                {
                    "id": 1,
                    "value": 71000.0
                }
            ],
            "required_ops_level": 16,
            "requirements": [
                {
                    "id": 0,
                    "type": "building",
                    "name": "Operations",
                    "value": 16
                },
                {
                    "id": 1,
                    "type": "building",
                    "name": "Parsteel Generator A",
                    "value": 16
                }
            ],
            "build_costs": {
                "resources": [
                    {
                        "id": 2325683920,
                        "type": "Parsteel",
                        "value": 51000
                    },
                    {
                        "id": 743985951,
                        "type": "Tritanium",
                        "value": 500
                    }
                ],
                "materials": [],
                "others": []
            },
            "rewards": null
        },
        {
            "level": 17,
            "power": 1700,
            "increased_power": 300,
            "build_time": 15600,
            "bonuses": [
                {
                    "id": 1,
                    "value": 96000.0
                }
            ],
            "required_ops_level": 17,
            "requirements": [
                {
                    "id": 0,
                    "type": "building",
                    "name": "Operations",
                    "value": 17
                },
                {
                    "id": 1,
                    "type": "building",
                    "name": "Parsteel Generator A",
                    "value": 17
                }
            ],
            "build_costs": {
                "resources": [
                    {
                        "id": 2325683920,
                        "type": "Parsteel",
                        "value": 71400
                    },
                    {
                        "id": 743985951,
                        "type": "Tritanium",
                        "value": 700
                    }
                ],
                "materials": [
                    {
                        "id": 1478791698,
                        "type": "2\u2605 Common Ore",
                        "grade": 2,
                        "rarity": 1,
                        "value": 25
                    }
                ],
                "others": []
            },
            "rewards": null
        },
        {
            "level": 18,
            "power": 2000,
            "increased_power": 300,
            "build_time": 23760,
            "bonuses": [
                {
                    "id": 1,
                    "value": 132000.0
                }
            ],
            "required_ops_level": 18,
            "requirements": [
                {
                    "id": 0,
                    "type": "building",
                    "name": "Operations",
                    "value": 18
                },
                {
                    "id": 1,
                    "type": "building",
                    "name": "Parsteel Generator A",
                    "value": 18
                }
            ],
            "build_costs": {
                "resources": [
                    {
                        "id": 2325683920,
                        "type": "Parsteel",
                        "value": 102000
                    },
                    {
                        "id": 743985951,
                        "type": "Tritanium",
                        "value": 1000
                    }
                ],
                "materials": [
                    {
                        "id": 1478791698,
                        "type": "2\u2605 Common Ore",
                        "grade": 2,
                        "rarity": 1,
                        "value": 100
                    }
                ],
                "others": []
            },
            "rewards": null
        },
        {
            "level": 19,
            "power": 2300,
            "increased_power": 300,
            "build_time": 34560,
            "bonuses": [
                {
                    "id": 1,
                    "value": 191000.0
                }
            ],
            "required_ops_level": 19,
            "requirements": [
                {
                    "id": 0,
                    "type": "building",
                    "name": "Operations",
                    "value": 19
                },
                {
                    "id": 1,
                    "type": "building",
                    "name": "Parsteel Generator A",
                    "value": 19
                },
                {
                    "id": 2,
                    "type": "building",
                    "name": "Parsteel Generator B",
                    "value": 19
                }
            ],
            "build_costs": {
                "resources": [
                    {
                        "id": 2325683920,
                        "type": "Parsteel",
                        "value": 153000
                    },
                    {
                        "id": 743985951,
                        "type": "Tritanium",
                        "value": 1500
                    }
                ],
                "materials": [
                    {
                        "id": 1478791698,
                        "type": "2\u2605 Common Ore",
                        "grade": 2,
                        "rarity": 1,
                        "value": 200
                    }
                ],
                "others": []
            },
            "rewards": null
        },
        {
            "level": 20,
            "power": 2700,
            "increased_power": 400,
            "build_time": 51840,
            "bonuses": [
                {
                    "id": 1,
                    "value": 260000.0
                }
            ],
            "required_ops_level": 20,
            "requirements": [
                {
                    "id": 0,
                    "type": "building",
                    "name": "Operations",
                    "value": 20
                },
                {
                    "id": 1,
                    "type": "building",
                    "name": "Parsteel Generator A",
                    "value": 20
                }
            ],
            "build_costs": {
                "resources": [
                    {
                        "id": 2325683920,
                        "type": "Parsteel",
                        "value": 216750
                    },
                    {
                        "id": 743985951,
                        "type": "Tritanium",
                        "value": 2125
                    }
                ],
                "materials": [],
                "others": []
            },
            "rewards": null
        },
        {
            "level": 21,
            "power": 3100,
            "increased_power": 400,
            "build_time": 47520,
            "bonuses": [
                {
                    "id": 1,
                    "value": 395000.0
                }
            ],
            "required_ops_level": 21,
            "requirements": [
                {
                    "id": 0,
                    "type": "building",
                    "name": "Operations",
                    "value": 21
                },
                {
                    "id": 1,
                    "type": "building",
                    "name": "Parsteel Generator A",
                    "value": 21
                }
            ],
            "build_costs": {
                "resources": [
                    {
                        "id": 2325683920,
                        "type": "Parsteel",
                        "value": 364905
                    },
                    {
                        "id": 743985951,
                        "type": "Tritanium",
                        "value": 3578
                    }
                ],
                "materials": [],
                "others": []
            },
            "rewards": null
        },
        {
            "level": 22,
            "power": 3600,
            "increased_power": 500,
            "build_time": 74160,
            "bonuses": [
                {
                    "id": 1,
                    "value": 585000.0
                }
            ],
            "required_ops_level": 22,
            "requirements": [
                {
                    "id": 0,
                    "type": "building",
                    "name": "Operations",
                    "value": 22
                },
                {
                    "id": 1,
                    "type": "building",
                    "name": "Parsteel Generator A",
                    "value": 22
                }
            ],
            "build_costs": {
                "resources": [
                    {
                        "id": 2325683920,
                        "type": "Parsteel",
                        "value": 567630
                    },
                    {
                        "id": 743985951,
                        "type": "Tritanium",
                        "value": 5565
                    }
                ],
                "materials": [],
                "others": []
            },
            "rewards": null
        },
        {
            "level": 23,
            "power": 4100,
            "increased_power": 500,
            "build_time": 87120,
            "bonuses": [
                {
                    "id": 1,
                    "value": 880000.0
                }
            ],
            "required_ops_level": 23,
            "requirements": [
                {
                    "id": 0,
                    "type": "building",
                    "name": "Operations",
                    "value": 23
                },
                {
                    "id": 1,
                    "type": "building",
                    "name": "Parsteel Generator A",
                    "value": 23
                }
            ],
            "build_costs": {
                "resources": [
                    {
                        "id": 2325683920,
                        "type": "Parsteel",
                        "value": 934065
                    },
                    {
                        "id": 743985951,
                        "type": "Tritanium",
                        "value": 9158
                    }
                ],
                "materials": [],
                "others": []
            },
            "rewards": null
        },
        {
            "level": 24,
            "power": 4700,
            "increased_power": 600,
            "build_time": 107280,
            "bonuses": [
                {
                    "id": 1,
                    "value": 1300000.0
                }
            ],
            "required_ops_level": 24,
            "requirements": [
                {
                    "id": 0,
                    "type": "building",
                    "name": "Operations",
                    "value": 24
                },
                {
                    "id": 1,
                    "type": "building",
                    "name": "Parsteel Generator A",
                    "value": 24
                }
            ],
            "build_costs": {
                "resources": [
                    {
                        "id": 2325683920,
                        "type": "Parsteel",
                        "value": 1471860
                    },
                    {
                        "id": 743985951,
                        "type": "Tritanium",
                        "value": 14430
                    }
                ],
                "materials": [
                    {
                        "id": 813886518,
                        "type": "3\u2605 Common Ore",
                        "grade": 3,
                        "rarity": 1,
                        "value": 150
                    }
                ],
                "others": []
            },
            "rewards": null
        },
        {
            "level": 25,
            "power": 5250,
            "increased_power": 550,
            "build_time": 99360,
            "bonuses": [
                {
                    "id": 1,
                    "value": 1900000.0
                }
            ],
            "required_ops_level": 25,
            "requirements": [
                {
                    "id": 0,
                    "type": "building",
                    "name": "Operations",
                    "value": 25
                },
                {
                    "id": 1,
                    "type": "building",
                    "name": "Parsteel Generator A",
                    "value": 25
                }
            ],
            "build_costs": {
                "resources": [
                    {
                        "id": 2325683920,
                        "type": "Parsteel",
                        "value": 2386800
                    },
                    {
                        "id": 743985951,
                        "type": "Tritanium",
                        "value": 23400
                    }
                ],
                "materials": [
                    {
                        "id": 2453327618,
                        "type": "3\u2605 Uncommon Ore",
                        "grade": 3,
                        "rarity": 2,
                        "value": 2
                    }
                ],
                "others": []
            },
            "rewards": null
        },
        {
            "level": 26,
            "power": 6000,
            "increased_power": 750,
            "build_time": 134640,
            "bonuses": [
                {
                    "id": 1,
                    "value": 2800000.0
                }
            ],
            "required_ops_level": 26,
            "requirements": [
                {
                    "id": 0,
                    "type": "building",
                    "name": "Operations",
                    "value": 26
                },
                {
                    "id": 1,
                    "type": "building",
                    "name": "Parsteel Generator A",
                    "value": 26
                }
            ],
            "build_costs": {
                "resources": [
                    {
                        "id": 2325683920,
                        "type": "Parsteel",
                        "value": 3729375
                    },
                    {
                        "id": 743985951,
                        "type": "Tritanium",
                        "value": 36563
                    }
                ],
                "materials": [
                    {
                        "id": 813886518,
                        "type": "3\u2605 Common Ore",
                        "grade": 3,
                        "rarity": 1,
                        "value": 230
                    },
                    {
                        "id": 2453327618,
                        "type": "3\u2605 Uncommon Ore",
                        "grade": 3,
                        "rarity": 2,
                        "value": 5
                    }
                ],
                "others": []
            },
            "rewards": null
        },
        {
            "level": 27,
            "power": 6750,
            "increased_power": 750,
            "build_time": 153360,
            "bonuses": [
                {
                    "id": 1,
                    "value": 3800000.0
                }
            ],
            "required_ops_level": 27,
            "requirements": [
                {
                    "id": 0,
                    "type": "building",
                    "name": "Operations",
                    "value": 27
                },
                {
                    "id": 1,
                    "type": "building",
                    "name": "Parsteel Generator A",
                    "value": 27
                }
            ],
            "build_costs": {
                "resources": [
                    {
                        "id": 2325683920,
                        "type": "Parsteel",
                        "value": 5691600
                    },
                    {
                        "id": 743985951,
                        "type": "Tritanium",
                        "value": 55800
                    }
                ],
                "materials": [
                    {
                        "id": 2453327618,
                        "type": "3\u2605 Uncommon Ore",
                        "grade": 3,
                        "rarity": 2,
                        "value": 10
                    }
                ],
                "others": []
            },
            "rewards": null
        },
        {
            "level": 28,
            "power": 7500,
            "increased_power": 750,
            "build_time": 177840,
            "bonuses": [
                {
                    "id": 1,
                    "value": 5300000.0
                }
            ],
            "required_ops_level": 28,
            "requirements": [
                {
                    "id": 0,
                    "type": "building",
                    "name": "Operations",
                    "value": 28
                },
                {
                    "id": 1,
                    "type": "building",
                    "name": "Parsteel Generator A",
                    "value": 28
                }
            ],
            "build_costs": {
                "resources": [
                    {
                        "id": 2325683920,
                        "type": "Parsteel",
                        "value": 8537400
                    },
                    {
                        "id": 743985951,
                        "type": "Tritanium",
                        "value": 83700
                    }
                ],
                "materials": [
                    {
                        "id": 2453327618,
                        "type": "3\u2605 Uncommon Ore",
                        "grade": 3,
                        "rarity": 2,
                        "value": 17
                    }
                ],
                "others": []
            },
            "rewards": null
        },
        {
            "level": 29,
            "power": 8500,
            "increased_power": 1000,
            "build_time": 196560,
            "bonuses": [
                {
                    "id": 1,
                    "value": 7550000.0
                }
            ],
            "required_ops_level": 29,
            "requirements": [
                {
                    "id": 0,
                    "type": "building",
                    "name": "Operations",
                    "value": 29
                },
                {
                    "id": 1,
                    "type": "building",
                    "name": "Parsteel Generator A",
                    "value": 29
                }
            ],
            "build_costs": {
                "resources": [
                    {
                        "id": 2325683920,
                        "type": "Parsteel",
                        "value": 13591500
                    },
                    {
                        "id": 743985951,
                        "type": "Tritanium",
                        "value": 133250
                    }
                ],
                "materials": [
                    {
                        "id": 813886518,
                        "type": "3\u2605 Common Ore",
                        "grade": 3,
                        "rarity": 1,
                        "value": 450
                    },
                    {
                        "id": 2453327618,
                        "type": "3\u2605 Uncommon Ore",
                        "grade": 3,
                        "rarity": 2,
                        "value": 26
                    }
                ],
                "others": []
            },
            "rewards": null
        },
        {
            "level": 30,
            "power": 9500,
            "increased_power": 1000,
            "build_time": 213120,
            "bonuses": [
                {
                    "id": 1,
                    "value": 10000000.0
                }
            ],
            "required_ops_level": 30,
            "requirements": [
                {
                    "id": 0,
                    "type": "building",
                    "name": "Operations",
                    "value": 30
                },
                {
                    "id": 1,
                    "type": "building",
                    "name": "Parsteel Generator A",
                    "value": 30
                }
            ],
            "build_costs": {
                "resources": [
                    {
                        "id": 2325683920,
                        "type": "Parsteel",
                        "value": 19890000
                    },
                    {
                        "id": 743985951,
                        "type": "Tritanium",
                        "value": 195000
                    }
                ],
                "materials": [
                    {
                        "id": 2453327618,
                        "type": "3\u2605 Uncommon Ore",
                        "grade": 3,
                        "rarity": 2,
                        "value": 37
                    }
                ],
                "others": []
            },
            "rewards": null
        },
        {
            "level": 31,
            "power": 10500,
            "increased_power": 1000,
            "build_time": 279360,
            "bonuses": [
                {
                    "id": 1,
                    "value": 14000000.0
                }
            ],
            "required_ops_level": 31,
            "requirements": [
                {
                    "id": 0,
                    "type": "building",
                    "name": "Operations",
                    "value": 31
                },
                {
                    "id": 1,
                    "type": "building",
                    "name": "Parsteel Generator A",
                    "value": 31
                }
            ],
            "build_costs": {
                "resources": [
                    {
                        "id": 2325683920,
                        "type": "Parsteel",
                        "value": 31441500
                    },
                    {
                        "id": 743985951,
                        "type": "Tritanium",
                        "value": 308250
                    }
                ],
                "materials": [
                    {
                        "id": 813886518,
                        "type": "3\u2605 Common Ore",
                        "grade": 3,
                        "rarity": 1,
                        "value": 700
                    },
                    {
                        "id": 2453327618,
                        "type": "3\u2605 Uncommon Ore",
                        "grade": 3,
                        "rarity": 2,
                        "value": 50
                    }
                ],
                "others": []
            },
            "rewards": null
        },
        {
            "level": 32,
            "power": 11750,
            "increased_power": 1250,
            "build_time": 272160,
            "bonuses": [
                {
                    "id": 1,
                    "value": 18500000.0
                }
            ],
            "required_ops_level": 32,
            "requirements": [
                {
                    "id": 0,
                    "type": "building",
                    "name": "Operations",
                    "value": 32
                },
                {
                    "id": 1,
                    "type": "building",
                    "name": "Parsteel Generator A",
                    "value": 32
                }
            ],
            "build_costs": {
                "resources": [
                    {
                        "id": 2325683920,
                        "type": "Parsteel",
                        "value": 45415500
                    },
                    {
                        "id": 743985951,
                        "type": "Tritanium",
                        "value": 445250
                    }
                ],
                "materials": [
                    {
                        "id": 2453327618,
                        "type": "3\u2605 Uncommon Ore",
                        "grade": 3,
                        "rarity": 2,
                        "value": 65
                    }
                ],
                "others": []
            },
            "rewards": null
        },
        {
            "level": 33,
            "power": 13000,
            "increased_power": 1250,
            "build_time": 396000,
            "bonuses": [
                {
                    "id": 1,
                    "value": 24000000.0
                }
            ],
            "required_ops_level": 33,
            "requirements": [
                {
                    "id": 0,
                    "type": "building",
                    "name": "Operations",
                    "value": 33
                },
                {
                    "id": 1,
                    "type": "building",
                    "name": "Parsteel Generator A",
                    "value": 33
                }
            ],
            "build_costs": {
                "resources": [
                    {
                        "id": 2325683920,
                        "type": "Parsteel",
                        "value": 70252500
                    },
                    {
                        "id": 743985951,
                        "type": "Tritanium",
                        "value": 688750
                    }
                ],
                "materials": [
                    {
                        "id": 2453327618,
                        "type": "3\u2605 Uncommon Ore",
                        "grade": 3,
                        "rarity": 2,
                        "value": 80
                    }
                ],
                "others": []
            },
            "rewards": null
        },
        {
            "level": 34,
            "power": 14250,
            "increased_power": 1250,
            "build_time": 525600,
            "bonuses": [
                {
                    "id": 1,
                    "value": 33500000.0
                }
            ],
            "required_ops_level": 34,
            "requirements": [
                {
                    "id": 0,
                    "type": "building",
                    "name": "Operations",
                    "value": 34
                },
                {
                    "id": 1,
                    "type": "building",
                    "name": "Parsteel Generator A",
                    "value": 34
                }
            ],
            "build_costs": {
                "resources": [
                    {
                        "id": 2325683920,
                        "type": "Parsteel",
                        "value": 110925000
                    },
                    {
                        "id": 743985951,
                        "type": "Tritanium",
                        "value": 1087500
                    }
                ],
                "materials": [
                    {
                        "id": 813886518,
                        "type": "3\u2605 Common Ore",
                        "grade": 3,
                        "rarity": 1,
                        "value": 1100
                    },
                    {
                        "id": 2453327618,
                        "type": "3\u2605 Uncommon Ore",
                        "grade": 3,
                        "rarity": 2,
                        "value": 100
                    }
                ],
                "others": []
            },
            "rewards": null
        },
        {
            "level": 35,
            "power": 15500,
            "increased_power": 1250,
            "build_time": 691200,
            "bonuses": [
                {
                    "id": 1,
                    "value": 43000000.0
                }
            ],
            "required_ops_level": 35,
            "requirements": [
                {
                    "id": 0,
                    "type": "building",
                    "name": "Operations",
                    "value": 35
                },
                {
                    "id": 1,
                    "type": "building",
                    "name": "Parsteel Generator A",
                    "value": 35
                }
            ],
            "build_costs": {
                "resources": [
                    {
                        "id": 2325683920,
                        "type": "Parsteel",
                        "value": 171666000
                    },
                    {
                        "id": 743985951,
                        "type": "Tritanium",
                        "value": 1683000
                    }
                ],
                "materials": [
                    {
                        "id": 2453327618,
                        "type": "3\u2605 Uncommon Ore",
                        "grade": 3,
                        "rarity": 2,
                        "value": 120
                    }
                ],
                "others": []
            },
            "rewards": null
        },
        {
            "level": 36,
            "power": 17000,
            "increased_power": 1500,
            "build_time": 884160,
            "bonuses": [
                {
                    "id": 1,
                    "value": 51500000.0
                }
            ],
            "required_ops_level": 36,
            "requirements": [
                {
                    "id": 0,
                    "type": "building",
                    "name": "Operations",
                    "value": 36
                },
                {
                    "id": 1,
                    "type": "building",
                    "name": "Parsteel Generator A",
                    "value": 36
                }
            ],
            "build_costs": {
                "resources": [
                    {
                        "id": 2325683920,
                        "type": "Parsteel",
                        "value": 241893000
                    },
                    {
                        "id": 743985951,
                        "type": "Tritanium",
                        "value": 2371500
                    }
                ],
                "materials": [
                    {
                        "id": 813886518,
                        "type": "3\u2605 Common Ore",
                        "grade": 3,
                        "rarity": 1,
                        "value": 1600
                    },
                    {
                        "id": 2453327618,
                        "type": "3\u2605 Uncommon Ore",
                        "grade": 3,
                        "rarity": 2,
                        "value": 150
                    }
                ],
                "others": []
            },
            "rewards": null
        },
        {
            "level": 37,
            "power": 18750,
            "increased_power": 1750,
            "build_time": 912960,
            "bonuses": [
                {
                    "id": 1,
                    "value": 62000000.0
                }
            ],
            "required_ops_level": 37,
            "requirements": [
                {
                    "id": 0,
                    "type": "building",
                    "name": "Operations",
                    "value": 37
                },
                {
                    "id": 1,
                    "type": "building",
                    "name": "Parsteel Generator A",
                    "value": 37
                }
            ],
            "build_costs": {
                "resources": [
                    {
                        "id": 2325683920,
                        "type": "Parsteel",
                        "value": 371790000
                    },
                    {
                        "id": 743985951,
                        "type": "Tritanium",
                        "value": 3645000
                    }
                ],
                "materials": [
                    {
                        "id": 2453327618,
                        "type": "3\u2605 Uncommon Ore",
                        "grade": 3,
                        "rarity": 2,
                        "value": 170
                    }
                ],
                "others": []
            },
            "rewards": null
        },
        {
            "level": 38,
            "power": 20500,
            "increased_power": 1750,
            "build_time": 1481760,
            "bonuses": [
                {
                    "id": 1,
                    "value": 76000000.0
                }
            ],
            "required_ops_level": 38,
            "requirements": [
                {
                    "id": 0,
                    "type": "building",
                    "name": "Operations",
                    "value": 38
                },
                {
                    "id": 1,
                    "type": "building",
                    "name": "Parsteel Generator A",
                    "value": 38
                }
            ],
            "build_costs": {
                "resources": [
                    {
                        "id": 2325683920,
                        "type": "Parsteel",
                        "value": 578340000
                    },
                    {
                        "id": 743985951,
                        "type": "Tritanium",
                        "value": 5670000
                    }
                ],
                "materials": [
                    {
                        "id": 813886518,
                        "type": "3\u2605 Common Ore",
                        "grade": 3,
                        "rarity": 1,
                        "value": 2100
                    },
                    {
                        "id": 2453327618,
                        "type": "3\u2605 Uncommon Ore",
                        "grade": 3,
                        "rarity": 2,
                        "value": 200
                    }
                ],
                "others": []
            },
            "rewards": null
        },
        {
            "level": 39,
            "power": 22000,
            "increased_power": 1500,
            "build_time": 1967040,
            "bonuses": [
                {
                    "id": 1,
                    "value": 90000000.0
                }
            ],
            "required_ops_level": 39,
            "requirements": [
                {
                    "id": 0,
                    "type": "building",
                    "name": "Operations",
                    "value": 39
                },
                {
                    "id": 1,
                    "type": "building",
                    "name": "Parsteel Generator A",
                    "value": 39
                }
            ],
            "build_costs": {
                "resources": [
                    {
                        "id": 2325683920,
                        "type": "Parsteel",
                        "value": 986850000
                    },
                    {
                        "id": 743985951,
                        "type": "Tritanium",
                        "value": 9675000
                    }
                ],
                "materials": [],
                "others": []
            },
            "rewards": null
        },
        {
            "level": 40,
            "power": 24000,
            "increased_power": 2000,
            "build_time": 3490560,
            "bonuses": [
                {
                    "id": 1,
                    "value": 94500000.0
                }
            ],
            "required_ops_level": 40,
            "requirements": [
                {
                    "id": 0,
                    "type": "building",
                    "name": "Operations",
                    "value": 40
                },
                {
                    "id": 1,
                    "type": "building",
                    "name": "Parsteel Generator A",
                    "value": 40
                }
            ],
            "build_costs": {
                "resources": [
                    {
                        "id": 2325683920,
                        "type": "Parsteel",
                        "value": 4298280000
                    },
                    {
                        "id": 743985951,
                        "type": "Tritanium",
                        "value": 15050000
                    }
                ],
                "materials": [
                    {
                        "id": 3452257709,
                        "type": "4\u2605 Common Ore",
                        "grade": 4,
                        "rarity": 1,
                        "value": 5000
                    }
                ],
                "others": []
            },
            "rewards": null
        },
        {
            "level": 41,
            "power": 26000,
            "increased_power": 2000,
            "build_time": 3271680,
            "bonuses": [
                {
                    "id": 1,
                    "value": 120000000.0
                }
            ],
            "required_ops_level": 41,
            "requirements": [
                {
                    "id": 0,
                    "type": "building",
                    "name": "Operations",
                    "value": 41
                },
                {
                    "id": 1,
                    "type": "building",
                    "name": "Parsteel Generator A",
                    "value": 41
                }
            ],
            "build_costs": {
                "resources": [
                    {
                        "id": 2325683920,
                        "type": "Parsteel",
                        "value": 4386000000
                    },
                    {
                        "id": 743985951,
                        "type": "Tritanium",
                        "value": 21500000
                    }
                ],
                "materials": [
                    {
                        "id": 3452257709,
                        "type": "4\u2605 Common Ore",
                        "grade": 4,
                        "rarity": 1,
                        "value": 6000
                    }
                ],
                "others": []
            },
            "rewards": null
        },
        {
            "level": 42,
            "power": 28000,
            "increased_power": 2000,
            "build_time": 5028480,
            "bonuses": [
                {
                    "id": 1,
                    "value": 160000000.0
                }
            ],
            "required_ops_level": 42,
            "requirements": [
                {
                    "id": 0,
                    "type": "building",
                    "name": "Operations",
                    "value": 42
                },
                {
                    "id": 1,
                    "type": "building",
                    "name": "Parsteel Generator A",
                    "value": 42
                }
            ],
            "build_costs": {
                "resources": [
                    {
                        "id": 2325683920,
                        "type": "Parsteel",
                        "value": 6533100000
                    },
                    {
                        "id": 743985951,
                        "type": "Tritanium",
                        "value": 32025000
                    }
                ],
                "materials": [
                    {
                        "id": 3452257709,
                        "type": "4\u2605 Common Ore",
                        "grade": 4,
                        "rarity": 1,
                        "value": 7000
                    },
                    {
                        "id": 920308245,
                        "type": "4\u2605 Rare Ore",
                        "grade": 4,
                        "rarity": 3,
                        "value": 400
                    }
                ],
                "others": []
            },
            "rewards": null
        },
        {
            "level": 43,
            "power": 30500,
            "increased_power": 2500,
            "build_time": 6644160,
            "bonuses": [
                {
                    "id": 1,
                    "value": 220000000.0
                }
            ],
            "required_ops_level": 43,
            "requirements": [
                {
                    "id": 0,
                    "type": "building",
                    "name": "Operations",
                    "value": 43
                },
                {
                    "id": 1,
                    "type": "building",
                    "name": "Parsteel Generator A",
                    "value": 43
                }
            ],
            "build_costs": {
                "resources": [
                    {
                        "id": 2325683920,
                        "type": "Parsteel",
                        "value": 9333000000
                    },
                    {
                        "id": 743985951,
                        "type": "Tritanium",
                        "value": 45750000
                    }
                ],
                "materials": [
                    {
                        "id": 1904955588,
                        "type": "4\u2605 Uncommon Ore",
                        "grade": 4,
                        "rarity": 2,
                        "value": 1000
                    },
                    {
                        "id": 920308245,
                        "type": "4\u2605 Rare Ore",
                        "grade": 4,
                        "rarity": 3,
                        "value": 600
                    }
                ],
                "others": []
            },
            "rewards": null
        },
        {
            "level": 44,
            "power": 33000,
            "increased_power": 2500,
            "build_time": 8671680,
            "bonuses": [
                {
                    "id": 1,
                    "value": 310000000.0
                }
            ],
            "required_ops_level": 44,
            "requirements": [
                {
                    "id": 0,
                    "type": "building",
                    "name": "Operations",
                    "value": 44
                },
                {
                    "id": 1,
                    "type": "building",
                    "name": "Parsteel Generator A",
                    "value": 44
                }
            ],
            "build_costs": {
                "resources": [
                    {
                        "id": 2325683920,
                        "type": "Parsteel",
                        "value": 13999500000
                    },
                    {
                        "id": 743985951,
                        "type": "Tritanium",
                        "value": 68625000
                    }
                ],
                "materials": [
                    {
                        "id": 1904955588,
                        "type": "4\u2605 Uncommon Ore",
                        "grade": 4,
                        "rarity": 2,
                        "value": 2000
                    },
                    {
                        "id": 920308245,
                        "type": "4\u2605 Rare Ore",
                        "grade": 4,
                        "rarity": 3,
                        "value": 800
                    }
                ],
                "others": []
            },
            "rewards": null
        },
        {
            "level": 45,
            "power": 35500,
            "increased_power": 2500,
            "build_time": 11194560,
            "bonuses": [
                {
                    "id": 1,
                    "value": 390000000.0
                }
            ],
            "required_ops_level": 45,
            "requirements": [
                {
                    "id": 0,
                    "type": "building",
                    "name": "Operations",
                    "value": 45
                },
                {
                    "id": 1,
                    "type": "building",
                    "name": "Parsteel Generator A",
                    "value": 45
                }
            ],
            "build_costs": {
                "resources": [
                    {
                        "id": 2325683920,
                        "type": "Parsteel",
                        "value": 19890000000
                    },
                    {
                        "id": 743985951,
                        "type": "Tritanium",
                        "value": 97500000
                    }
                ],
                "materials": [
                    {
                        "id": 1904955588,
                        "type": "4\u2605 Uncommon Ore",
                        "grade": 4,
                        "rarity": 2,
                        "value": 3500
                    }
                ],
                "others": []
            },
            "rewards": null
        },
        {
            "level": 46,
            "power": 38000,
            "increased_power": 2500,
            "build_time": 14310720,
            "bonuses": [
                {
                    "id": 1,
                    "value": 505000000.0
                }
            ],
            "required_ops_level": 46,
            "requirements": [
                {
                    "id": 0,
                    "type": "building",
                    "name": "Operations",
                    "value": 46
                },
                {
                    "id": 1,
                    "type": "building",
                    "name": "Parsteel Generator A",
                    "value": 46
                }
            ],
            "build_costs": {
                "resources": [
                    {
                        "id": 2325683920,
                        "type": "Parsteel",
                        "value": 27348750000
                    },
                    {
                        "id": 743985951,
                        "type": "Tritanium",
                        "value": 134062500
                    }
                ],
                "materials": [
                    {
                        "id": 1904955588,
                        "type": "4\u2605 Uncommon Ore",
                        "grade": 4,
                        "rarity": 2,
                        "value": 500
                    },
                    {
                        "id": 920308245,
                        "type": "4\u2605 Rare Ore",
                        "grade": 4,
                        "rarity": 3,
                        "value": 150
                    }
                ],
                "others": []
            },
            "rewards": null
        },
        {
            "level": 47,
            "power": 41000,
            "increased_power": 3000,
            "build_time": 18128160,
            "bonuses": [
                {
                    "id": 1,
                    "value": 685000000.0
                }
            ],
            "required_ops_level": 47,
            "requirements": [
                {
                    "id": 0,
                    "type": "building",
                    "name": "Operations",
                    "value": 47
                },
                {
                    "id": 1,
                    "type": "building",
                    "name": "Parsteel Generator A",
                    "value": 47
                }
            ],
            "build_costs": {
                "resources": [
                    {
                        "id": 2325683920,
                        "type": "Parsteel",
                        "value": 39780000000
                    },
                    {
                        "id": 743985951,
                        "type": "Tritanium",
                        "value": 195000000
                    }
                ],
                "materials": [
                    {
                        "id": 1904955588,
                        "type": "4\u2605 Uncommon Ore",
                        "grade": 4,
                        "rarity": 2,
                        "value": 1500
                    },
                    {
                        "id": 920308245,
                        "type": "4\u2605 Rare Ore",
                        "grade": 4,
                        "rarity": 3,
                        "value": 300
                    }
                ],
                "others": []
            },
            "rewards": null
        },
        {
            "level": 48,
            "power": 44000,
            "increased_power": 3000,
            "build_time": 22775040,
            "bonuses": [
                {
                    "id": 1,
                    "value": 960000000.0
                }
            ],
            "required_ops_level": 48,
            "requirements": [
                {
                    "id": 0,
                    "type": "building",
                    "name": "Operations",
                    "value": 48
                },
                {
                    "id": 1,
                    "type": "building",
                    "name": "Parsteel Generator A",
                    "value": 48
                }
            ],
            "build_costs": {
                "resources": [
                    {
                        "id": 2325683920,
                        "type": "Parsteel",
                        "value": 64260000000
                    },
                    {
                        "id": 743985951,
                        "type": "Tritanium",
                        "value": 315000000
                    }
                ],
                "materials": [
                    {
                        "id": 3452257709,
                        "type": "4\u2605 Common Ore",
                        "grade": 4,
                        "rarity": 1,
                        "value": 30000
                    },
                    {
                        "id": 920308245,
                        "type": "4\u2605 Rare Ore",
                        "grade": 4,
                        "rarity": 3,
                        "value": 1200
                    }
                ],
                "others": []
            },
            "rewards": null
        },
        {
            "level": 49,
            "power": 47000,
            "increased_power": 3000,
            "build_time": 28396800,
            "bonuses": [
                {
                    "id": 1,
                    "value": 1500000000.0
                }
            ],
            "required_ops_level": 49,
            "requirements": [
                {
                    "id": 0,
                    "type": "building",
                    "name": "Operations",
                    "value": 49
                },
                {
                    "id": 1,
                    "type": "building",
                    "name": "Parsteel Generator A",
                    "value": 49
                }
            ],
            "build_costs": {
                "resources": [
                    {
                        "id": 2325683920,
                        "type": "Parsteel",
                        "value": 107100000000
                    },
                    {
                        "id": 743985951,
                        "type": "Tritanium",
                        "value": 525000000
                    }
                ],
                "materials": [
                    {
                        "id": 3452257709,
                        "type": "4\u2605 Common Ore",
                        "grade": 4,
                        "rarity": 1,
                        "value": 45000
                    },
                    {
                        "id": 920308245,
                        "type": "4\u2605 Rare Ore",
                        "grade": 4,
                        "rarity": 3,
                        "value": 4500
                    }
                ],
                "others": []
            },
            "rewards": null
        },
        {
            "level": 50,
            "power": 50000,
            "increased_power": 3000,
            "build_time": 35157600,
            "bonuses": [
                {
                    "id": 1,
                    "value": 2400000000.0
                }
            ],
            "required_ops_level": 50,
            "requirements": [
                {
                    "id": 0,
                    "type": "building",
                    "name": "Operations",
                    "value": 50
                },
                {
                    "id": 1,
                    "type": "building",
                    "name": "Parsteel Generator A",
                    "value": 50
                }
            ],
            "build_costs": {
                "resources": [
                    {
                        "id": 2325683920,
                        "type": "Parsteel",
                        "value": 187425000000
                    },
                    {
                        "id": 743985951,
                        "type": "Tritanium",
                        "value": 918750000
                    }
                ],
                "materials": [],
                "others": []
            },
            "rewards": null
        },
        {
            "level": 51,
            "power": 53500,
            "increased_power": 3500,
            "build_time": 37265760,
            "bonuses": [
                {
                    "id": 1,
                    "value": 3550000000.0
                }
            ],
            "required_ops_level": 51,
            "requirements": [
                {
                    "id": 0,
                    "type": "building",
                    "name": "Operations",
                    "value": 51
                },
                {
                    "id": 1,
                    "type": "building",
                    "name": "Parsteel Generator A",
                    "value": 51
                }
            ],
            "build_costs": {
                "resources": [
                    {
                        "id": 2325683920,
                        "type": "Parsteel",
                        "value": 934830000000
                    },
                    {
                        "id": 743985951,
                        "type": "Tritanium",
                        "value": 1950000000
                    }
                ],
                "materials": [
                    {
                        "id": 2893480370,
                        "type": "5\u2605 Common Ore",
                        "grade": 5,
                        "rarity": 1,
                        "value": 8900
                    }
                ],
                "others": []
            },
            "rewards": null
        },
        {
            "level": 52,
            "power": 57000,
            "increased_power": 3500,
            "build_time": 39502080,
            "bonuses": [
                {
                    "id": 1,
                    "value": 5300000000.0
                }
            ],
            "required_ops_level": 52,
            "requirements": [
                {
                    "id": 0,
                    "type": "building",
                    "name": "Operations",
                    "value": 52
                },
                {
                    "id": 1,
                    "type": "building",
                    "name": "Parsteel Generator A",
                    "value": 52
                }
            ],
            "build_costs": {
                "resources": [
                    {
                        "id": 2325683920,
                        "type": "Parsteel",
                        "value": 1690650000000
                    },
                    {
                        "id": 743985951,
                        "type": "Tritanium",
                        "value": 3315000000
                    }
                ],
                "materials": [
                    {
                        "id": 2893480370,
                        "type": "5\u2605 Common Ore",
                        "grade": 5,
                        "rarity": 1,
                        "value": 19500
                    },
                    {
                        "id": 2258174662,
                        "type": "5\u2605 Uncommon Ore",
                        "grade": 5,
                        "rarity": 2,
                        "value": 3000
                    }
                ],
                "others": []
            },
            "rewards": null
        },
        {
            "level": 53,
            "power": 61000,
            "increased_power": 4000,
            "build_time": 41872320,
            "bonuses": [
                {
                    "id": 1,
                    "value": 7900000000.0
                }
            ],
            "required_ops_level": 53,
            "requirements": [
                {
                    "id": 0,
                    "type": "building",
                    "name": "Operations",
                    "value": 53
                },
                {
                    "id": 1,
                    "type": "building",
                    "name": "Parsteel Generator A",
                    "value": 53
                }
            ],
            "build_costs": {
                "resources": [
                    {
                        "id": 2325683920,
                        "type": "Parsteel",
                        "value": 2839680000000
                    },
                    {
                        "id": 743985951,
                        "type": "Tritanium",
                        "value": 5800000000
                    }
                ],
                "materials": [
                    {
                        "id": 2893480370,
                        "type": "5\u2605 Common Ore",
                        "grade": 5,
                        "rarity": 1,
                        "value": 37500
                    },
                    {
                        "id": 2258174662,
                        "type": "5\u2605 Uncommon Ore",
                        "grade": 5,
                        "rarity": 2,
                        "value": 3100
                    }
                ],
                "others": []
            },
            "rewards": null
        },
        {
            "level": 54,
            "power": 65000,
            "increased_power": 4000,
            "build_time": 44385120,
            "bonuses": [
                {
                    "id": 1,
                    "value": 11850000000.0
                }
            ],
            "required_ops_level": 54,
            "requirements": [
                {
                    "id": 0,
                    "type": "building",
                    "name": "Operations",
                    "value": 54
                },
                {
                    "id": 1,
                    "type": "building",
                    "name": "Parsteel Generator A",
                    "value": 54
                }
            ],
            "build_costs": {
                "resources": [
                    {
                        "id": 2325683920,
                        "type": "Parsteel",
                        "value": 4259520000000
                    },
                    {
                        "id": 743985951,
                        "type": "Tritanium",
                        "value": 8700000000
                    }
                ],
                "materials": [
                    {
                        "id": 2258174662,
                        "type": "5\u2605 Uncommon Ore",
                        "grade": 5,
                        "rarity": 2,
                        "value": 10400
                    },
                    {
                        "id": 4109746240,
                        "type": "5\u2605 Rare Ore",
                        "grade": 5,
                        "rarity": 3,
                        "value": 800
                    }
                ],
                "others": []
            },
            "rewards": null
        },
        {
            "level": 55,
            "power": 69000,
            "increased_power": 4000,
            "build_time": 47047680,
            "bonuses": [
                {
                    "id": 1,
                    "value": 17700000000.0
                }
            ],
            "required_ops_level": 55,
            "requirements": [
                {
                    "id": 0,
                    "type": "building",
                    "name": "Operations",
                    "value": 55
                },
                {
                    "id": 1,
                    "type": "building",
                    "name": "Parsteel Generator A",
                    "value": 55
                }
            ],
            "build_costs": {
                "resources": [
                    {
                        "id": 2325683920,
                        "type": "Parsteel",
                        "value": 7239960000000
                    },
                    {
                        "id": 743985951,
                        "type": "Tritanium",
                        "value": 13650000000
                    }
                ],
                "materials": [
                    {
                        "id": 4109746240,
                        "type": "5\u2605 Rare Ore",
                        "grade": 5,
                        "rarity": 3,
                        "value": 4800
                    }
                ],
                "others": []
            },
            "rewards": null
        },
        {
            "level": 56,
            "power": 73000,
            "increased_power": 4000,
            "build_time": 49871520,
            "bonuses": [
                {
                    "id": 1,
                    "value": 26500000000.0
                }
            ],
            "required_ops_level": 56,
            "requirements": [
                {
                    "id": 0,
                    "type": "building",
                    "name": "Operations",
                    "value": 56
                },
                {
                    "id": 1,
                    "type": "building",
                    "name": "Parsteel Generator A",
                    "value": 56
                }
            ],
            "build_costs": {
                "resources": [
                    {
                        "id": 2325683920,
                        "type": "Parsteel",
                        "value": 11377080000000
                    },
                    {
                        "id": 743985951,
                        "type": "Tritanium",
                        "value": 21450000000
                    }
                ],
                "materials": [
                    {
                        "id": 2893480370,
                        "type": "5\u2605 Common Ore",
                        "grade": 5,
                        "rarity": 1,
                        "value": 56400
                    },
                    {
                        "id": 4109746240,
                        "type": "5\u2605 Rare Ore",
                        "grade": 5,
                        "rarity": 3,
                        "value": 2100
                    }
                ],
                "others": []
            },
            "rewards": null
        },
        {
            "level": 57,
            "power": 77000,
            "increased_power": 4000,
            "build_time": 52863840,
            "bonuses": [
                {
                    "id": 1,
                    "value": 39700000000.0
                }
            ],
            "required_ops_level": 57,
            "requirements": [
                {
                    "id": 0,
                    "type": "building",
                    "name": "Operations",
                    "value": 57
                },
                {
                    "id": 1,
                    "type": "building",
                    "name": "Parsteel Generator A",
                    "value": 57
                }
            ],
            "build_costs": {
                "resources": [
                    {
                        "id": 2325683920,
                        "type": "Parsteel",
                        "value": 17810832000000
                    },
                    {
                        "id": 743985951,
                        "type": "Tritanium",
                        "value": 33580000000
                    }
                ],
                "materials": [
                    {
                        "id": 2893480370,
                        "type": "5\u2605 Common Ore",
                        "grade": 5,
                        "rarity": 1,
                        "value": 60700
                    },
                    {
                        "id": 4109746240,
                        "type": "5\u2605 Rare Ore",
                        "grade": 5,
                        "rarity": 3,
                        "value": 4300
                    }
                ],
                "others": []
            },
            "rewards": null
        },
        {
            "level": 58,
            "power": 82000,
            "increased_power": 5000,
            "build_time": 56034720,
            "bonuses": [
                {
                    "id": 1,
                    "value": 59550000000.0
                }
            ],
            "required_ops_level": 58,
            "requirements": [
                {
                    "id": 0,
                    "type": "building",
                    "name": "Operations",
                    "value": 58
                },
                {
                    "id": 1,
                    "type": "building",
                    "name": "Parsteel Generator A",
                    "value": 58
                }
            ],
            "build_costs": {
                "resources": [
                    {
                        "id": 2325683920,
                        "type": "Parsteel",
                        "value": 25733376000000
                    },
                    {
                        "id": 743985951,
                        "type": "Tritanium",
                        "value": 52560000000
                    }
                ],
                "materials": [
                    {
                        "id": 2893480370,
                        "type": "5\u2605 Common Ore",
                        "grade": 5,
                        "rarity": 1,
                        "value": 70900
                    },
                    {
                        "id": 4109746240,
                        "type": "5\u2605 Rare Ore",
                        "grade": 5,
                        "rarity": 3,
                        "value": 5200
                    }
                ],
                "others": []
            },
            "rewards": null
        },
        {
            "level": 59,
            "power": 87000,
            "increased_power": 5000,
            "build_time": 59397120,
            "bonuses": [
                {
                    "id": 1,
                    "value": 89350000000.0
                }
            ],
            "required_ops_level": 59,
            "requirements": [
                {
                    "id": 0,
                    "type": "building",
                    "name": "Operations",
                    "value": 59
                },
                {
                    "id": 1,
                    "type": "building",
                    "name": "Parsteel Generator A",
                    "value": 59
                }
            ],
            "build_costs": {
                "resources": [
                    {
                        "id": 2325683920,
                        "type": "Parsteel",
                        "value": 38600064000000
                    },
                    {
                        "id": 743985951,
                        "type": "Tritanium",
                        "value": 78840000000
                    }
                ],
                "materials": [
                    {
                        "id": 2893480370,
                        "type": "5\u2605 Common Ore",
                        "grade": 5,
                        "rarity": 1,
                        "value": 129800
                    },
                    {
                        "id": 4109746240,
                        "type": "5\u2605 Rare Ore",
                        "grade": 5,
                        "rarity": 3,
                        "value": 12900
                    }
                ],
                "others": []
            },
            "rewards": null
        },
        {
            "level": 60,
            "power": 92000,
            "increased_power": 5000,
            "build_time": 62961120,
            "bonuses": [
                {
                    "id": 1,
                    "value": 133950000000.0
                }
            ],
            "required_ops_level": 60,
            "requirements": [
                {
                    "id": 0,
                    "type": "building",
                    "name": "Operations",
                    "value": 60
                },
                {
                    "id": 1,
                    "type": "building",
                    "name": "Parsteel Generator A",
                    "value": 60
                }
            ],
            "build_costs": {
                "resources": [
                    {
                        "id": 2325683920,
                        "type": "Parsteel",
                        "value": 60282000000000
                    },
                    {
                        "id": 743985951,
                        "type": "Tritanium",
                        "value": 123125000000
                    }
                ],
                "materials": [
                    {
                        "id": 2893480370,
                        "type": "5\u2605 Common Ore",
                        "grade": 5,
                        "rarity": 1,
                        "value": 115100
                    },
                    {
                        "id": 4109746240,
                        "type": "5\u2605 Rare Ore",
                        "grade": 5,
                        "rarity": 3,
                        "value": 7600
                    }
                ],
                "others": []
            },
            "rewards": null
        }
    ]
}