{
    "id": 40,
    "name": "Exocomp Factory",
    "description": "The Exocomp Factory grants the ability to activate and improve Consumables, unlock additional Exocomps, and earn Axionic Chips.",
    "group": 0,
    "start_level": 0,
    "bonuses": [
        {
            "id": 1,
            "name": "Axionic Chips Daily Bundle Amount",
            "is_percentage": false
        },
        {
            "id": 2,
            "name": "Exocomp Consumable Grade",
            "is_percentage": false
        },
        {
            "id": 3,
            "name": "Exocomps Unlocked",
            "is_percentage": false
        }
    ],
    "levels": [
        {
            "level": 1,
            "power": 0,
            "increased_power": 0,
            "build_time": 180,
            "bonuses": [
                {
                    "id": 1,
                    "value": 5.0
                },
                {
                    "id": 2,
                    "value": 2.0
                },
                {
                    "id": 3,
                    "value": 1.0
                }
            ],
            "required_ops_level": 16,
            "requirements": [
                {
                    "id": 0,
                    "type": "building",
                    "name": "Operations",
                    "value": 16
                }
            ],
            "build_costs": {
                "resources": [
                    {
                        "id": 2325683920,
                        "type": "Parsteel",
                        "value": 800
                    }
                ],
                "materials": [],
                "others": [
                    {
                        "id": 3782163651,
                        "type": "Exocomp Factory Key",
                        "value": 1
                    }
                ]
            },
            "rewards": {
                "resources": [],
                "materials": [],
                "others": [
                    {
                        "id": 1048097146,
                        "type": "Axionic Chip",
                        "value": 120
                    },
                    {
                        "id": 889121503,
                        "type": "Galaxy Exocomp",
                        "value": 1
                    }
                ]
            }
        },
        {
            "level": 2,
            "power": 20,
            "increased_power": 20,
            "build_time": 240,
            "bonuses": [
                {
                    "id": 1,
                    "value": 7.0
                },
                {
                    "id": 2,
                    "value": 2.0
                },
                {
                    "id": 3,
                    "value": 1.0
                }
            ],
            "required_ops_level": 16,
            "requirements": [
                {
                    "id": 0,
                    "type": "building",
                    "name": "Operations",
                    "value": 16
                }
            ],
            "build_costs": {
                "resources": [
                    {
                        "id": 2325683920,
                        "type": "Parsteel",
                        "value": 1000
                    }
                ],
                "materials": [],
                "others": [
                    {
                        "id": 3112791796,
                        "type": "Axionic Servo",
                        "value": 2
                    }
                ]
            },
            "rewards": null
        },
        {
            "level": 3,
            "power": 40,
            "increased_power": 20,
            "build_time": 360,
            "bonuses": [
                {
                    "id": 1,
                    "value": 7.0
                },
                {
                    "id": 2,
                    "value": 2.0
                },
                {
                    "id": 3,
                    "value": 1.0
                }
            ],
            "required_ops_level": 16,
            "requirements": [
                {
                    "id": 0,
                    "type": "building",
                    "name": "Operations",
                    "value": 16
                }
            ],
            "build_costs": {
                "resources": [
                    {
                        "id": 2325683920,
                        "type": "Parsteel",
                        "value": 1200
                    }
                ],
                "materials": [],
                "others": [
                    {
                        "id": 3112791796,
                        "type": "Axionic Servo",
                        "value": 3
                    }
                ]
            },
            "rewards": null
        },
        {
            "level": 4,
            "power": 65,
            "increased_power": 25,
            "build_time": 780,
            "bonuses": [
                {
                    "id": 1,
                    "value": 9.0
                },
                {
                    "id": 2,
                    "value": 2.0
                },
                {
                    "id": 3,
                    "value": 1.0
                }
            ],
            "required_ops_level": 16,
            "requirements": [
                {
                    "id": 0,
                    "type": "building",
                    "name": "Operations",
                    "value": 16
                }
            ],
            "build_costs": {
                "resources": [
                    {
                        "id": 2325683920,
                        "type": "Parsteel",
                        "value": 1500
                    }
                ],
                "materials": [],
                "others": [
                    {
                        "id": 3112791796,
                        "type": "Axionic Servo",
                        "value": 5
                    }
                ]
            },
            "rewards": null
        },
        {
            "level": 5,
            "power": 90,
            "increased_power": 25,
            "build_time": 1320,
            "bonuses": [
                {
                    "id": 1,
                    "value": 9.0
                },
                {
                    "id": 2,
                    "value": 2.0
                },
                {
                    "id": 3,
                    "value": 2.0
                }
            ],
            "required_ops_level": 16,
            "requirements": [
                {
                    "id": 0,
                    "type": "building",
                    "name": "Operations",
                    "value": 16
                }
            ],
            "build_costs": {
                "resources": [
                    {
                        "id": 2325683920,
                        "type": "Parsteel",
                        "value": 1800
                    }
                ],
                "materials": [],
                "others": [
                    {
                        "id": 3112791796,
                        "type": "Axionic Servo",
                        "value": 6
                    }
                ]
            },
            "rewards": {
                "resources": [],
                "materials": [],
                "others": [
                    {
                        "id": 3891168123,
                        "type": "Station Exocomp",
                        "value": 1
                    }
                ]
            }
        },
        {
            "level": 6,
            "power": 120,
            "increased_power": 30,
            "build_time": 2160,
            "bonuses": [
                {
                    "id": 1,
                    "value": 11.0
                },
                {
                    "id": 2,
                    "value": 2.0
                },
                {
                    "id": 3,
                    "value": 2.0
                }
            ],
            "required_ops_level": 16,
            "requirements": [
                {
                    "id": 0,
                    "type": "building",
                    "name": "Operations",
                    "value": 16
                }
            ],
            "build_costs": {
                "resources": [
                    {
                        "id": 2325683920,
                        "type": "Parsteel",
                        "value": 2200
                    }
                ],
                "materials": [],
                "others": [
                    {
                        "id": 3112791796,
                        "type": "Axionic Servo",
                        "value": 8
                    }
                ]
            },
            "rewards": null
        },
        {
            "level": 7,
            "power": 160,
            "increased_power": 40,
            "build_time": 4200,
            "bonuses": [
                {
                    "id": 1,
                    "value": 11.0
                },
                {
                    "id": 2,
                    "value": 2.0
                },
                {
                    "id": 3,
                    "value": 2.0
                }
            ],
            "required_ops_level": 16,
            "requirements": [
                {
                    "id": 0,
                    "type": "building",
                    "name": "Operations",
                    "value": 16
                }
            ],
            "build_costs": {
                "resources": [
                    {
                        "id": 2325683920,
                        "type": "Parsteel",
                        "value": 3000
                    },
                    {
                        "id": 743985951,
                        "type": "Tritanium",
                        "value": 9
                    }
                ],
                "materials": [],
                "others": [
                    {
                        "id": 3112791796,
                        "type": "Axionic Servo",
                        "value": 10
                    }
                ]
            },
            "rewards": null
        },
        {
            "level": 8,
            "power": 210,
            "increased_power": 50,
            "build_time": 6000,
            "bonuses": [
                {
                    "id": 1,
                    "value": 13.0
                },
                {
                    "id": 2,
                    "value": 2.0
                },
                {
                    "id": 3,
                    "value": 2.0
                }
            ],
            "required_ops_level": 16,
            "requirements": [
                {
                    "id": 0,
                    "type": "building",
                    "name": "Operations",
                    "value": 16
                }
            ],
            "build_costs": {
                "resources": [
                    {
                        "id": 2325683920,
                        "type": "Parsteel",
                        "value": 4000
                    },
                    {
                        "id": 743985951,
                        "type": "Tritanium",
                        "value": 30
                    }
                ],
                "materials": [],
                "others": [
                    {
                        "id": 3112791796,
                        "type": "Axionic Servo",
                        "value": 12
                    }
                ]
            },
            "rewards": null
        },
        {
            "level": 9,
            "power": 270,
            "increased_power": 60,
            "build_time": 9000,
            "bonuses": [
                {
                    "id": 1,
                    "value": 13.0
                },
                {
                    "id": 2,
                    "value": 2.0
                },
                {
                    "id": 3,
                    "value": 2.0
                }
            ],
            "required_ops_level": 16,
            "requirements": [
                {
                    "id": 0,
                    "type": "building",
                    "name": "Operations",
                    "value": 16
                }
            ],
            "build_costs": {
                "resources": [
                    {
                        "id": 2325683920,
                        "type": "Parsteel",
                        "value": 5500
                    },
                    {
                        "id": 743985951,
                        "type": "Tritanium",
                        "value": 75
                    }
                ],
                "materials": [],
                "others": [
                    {
                        "id": 3112791796,
                        "type": "Axionic Servo",
                        "value": 14
                    }
                ]
            },
            "rewards": null
        },
        {
            "level": 10,
            "power": 340,
            "increased_power": 70,
            "build_time": 9900,
            "bonuses": [
                {
                    "id": 1,
                    "value": 16.0
                },
                {
                    "id": 2,
                    "value": 2.0
                },
                {
                    "id": 3,
                    "value": 2.0
                }
            ],
            "required_ops_level": 16,
            "requirements": [
                {
                    "id": 0,
                    "type": "building",
                    "name": "Operations",
                    "value": 16
                }
            ],
            "build_costs": {
                "resources": [
                    {
                        "id": 2325683920,
                        "type": "Parsteel",
                        "value": 7000
                    },
                    {
                        "id": 743985951,
                        "type": "Tritanium",
                        "value": 150
                    }
                ],
                "materials": [],
                "others": [
                    {
                        "id": 3112791796,
                        "type": "Axionic Servo",
                        "value": 34
                    }
                ]
            },
            "rewards": null
        },
        {
            "level": 11,
            "power": 420,
            "increased_power": 80,
            "build_time": 10200,
            "bonuses": [
                {
                    "id": 1,
                    "value": 16.0
                },
                {
                    "id": 2,
                    "value": 2.0
                },
                {
                    "id": 3,
                    "value": 2.0
                }
            ],
            "required_ops_level": 16,
            "requirements": [
                {
                    "id": 0,
                    "type": "building",
                    "name": "Operations",
                    "value": 16
                }
            ],
            "build_costs": {
                "resources": [
                    {
                        "id": 2325683920,
                        "type": "Parsteel",
                        "value": 6800
                    },
                    {
                        "id": 743985951,
                        "type": "Tritanium",
                        "value": 200
                    }
                ],
                "materials": [],
                "others": [
                    {
                        "id": 3112791796,
                        "type": "Axionic Servo",
                        "value": 15
                    }
                ]
            },
            "rewards": null
        },
        {
            "level": 12,
            "power": 525,
            "increased_power": 105,
            "build_time": 18300,
            "bonuses": [
                {
                    "id": 1,
                    "value": 19.0
                },
                {
                    "id": 2,
                    "value": 2.0
                },
                {
                    "id": 3,
                    "value": 2.0
                }
            ],
            "required_ops_level": 16,
            "requirements": [
                {
                    "id": 0,
                    "type": "building",
                    "name": "Operations",
                    "value": 16
                }
            ],
            "build_costs": {
                "resources": [
                    {
                        "id": 2325683920,
                        "type": "Parsteel",
                        "value": 9350
                    },
                    {
                        "id": 743985951,
                        "type": "Tritanium",
                        "value": 275
                    }
                ],
                "materials": [],
                "others": [
                    {
                        "id": 3112791796,
                        "type": "Axionic Servo",
                        "value": 17
                    }
                ]
            },
            "rewards": null
        },
        {
            "level": 13,
            "power": 650,
            "increased_power": 125,
            "build_time": 27360,
            "bonuses": [
                {
                    "id": 1,
                    "value": 19.0
                },
                {
                    "id": 2,
                    "value": 2.0
                },
                {
                    "id": 3,
                    "value": 2.0
                }
            ],
            "required_ops_level": 16,
            "requirements": [
                {
                    "id": 0,
                    "type": "building",
                    "name": "Operations",
                    "value": 16
                }
            ],
            "build_costs": {
                "resources": [
                    {
                        "id": 2325683920,
                        "type": "Parsteel",
                        "value": 13600
                    },
                    {
                        "id": 743985951,
                        "type": "Tritanium",
                        "value": 400
                    }
                ],
                "materials": [],
                "others": [
                    {
                        "id": 3112791796,
                        "type": "Axionic Servo",
                        "value": 19
                    }
                ]
            },
            "rewards": null
        },
        {
            "level": 14,
            "power": 800,
            "increased_power": 150,
            "build_time": 38160,
            "bonuses": [
                {
                    "id": 1,
                    "value": 22.0
                },
                {
                    "id": 2,
                    "value": 2.0
                },
                {
                    "id": 3,
                    "value": 2.0
                }
            ],
            "required_ops_level": 16,
            "requirements": [
                {
                    "id": 0,
                    "type": "building",
                    "name": "Operations",
                    "value": 16
                }
            ],
            "build_costs": {
                "resources": [
                    {
                        "id": 2325683920,
                        "type": "Parsteel",
                        "value": 18700
                    },
                    {
                        "id": 743985951,
                        "type": "Tritanium",
                        "value": 550
                    }
                ],
                "materials": [],
                "others": [
                    {
                        "id": 3112791796,
                        "type": "Axionic Servo",
                        "value": 22
                    }
                ]
            },
            "rewards": null
        },
        {
            "level": 15,
            "power": 975,
            "increased_power": 175,
            "build_time": 48960,
            "bonuses": [
                {
                    "id": 1,
                    "value": 22.0
                },
                {
                    "id": 2,
                    "value": 2.0
                },
                {
                    "id": 3,
                    "value": 3.0
                }
            ],
            "required_ops_level": 16,
            "requirements": [
                {
                    "id": 0,
                    "type": "building",
                    "name": "Operations",
                    "value": 16
                }
            ],
            "build_costs": {
                "resources": [
                    {
                        "id": 2325683920,
                        "type": "Parsteel",
                        "value": 25500
                    },
                    {
                        "id": 743985951,
                        "type": "Tritanium",
                        "value": 750
                    }
                ],
                "materials": [],
                "others": [
                    {
                        "id": 3112791796,
                        "type": "Axionic Servo",
                        "value": 43
                    }
                ]
            },
            "rewards": {
                "resources": [],
                "materials": [],
                "others": [
                    {
                        "id": 3906625240,
                        "type": "Combat Exocomp",
                        "value": 1
                    }
                ]
            }
        },
        {
            "level": 16,
            "power": 1175,
            "increased_power": 200,
            "build_time": 58320,
            "bonuses": [
                {
                    "id": 1,
                    "value": 25.0
                },
                {
                    "id": 2,
                    "value": 2.0
                },
                {
                    "id": 3,
                    "value": 3.0
                }
            ],
            "required_ops_level": 16,
            "requirements": [
                {
                    "id": 0,
                    "type": "building",
                    "name": "Operations",
                    "value": 16
                }
            ],
            "build_costs": {
                "resources": [
                    {
                        "id": 2325683920,
                        "type": "Parsteel",
                        "value": 34000
                    },
                    {
                        "id": 743985951,
                        "type": "Tritanium",
                        "value": 1000
                    }
                ],
                "materials": [],
                "others": [
                    {
                        "id": 3112791796,
                        "type": "Axionic Servo",
                        "value": 26
                    }
                ]
            },
            "rewards": null
        },
        {
            "level": 17,
            "power": 1400,
            "increased_power": 225,
            "build_time": 62640,
            "bonuses": [
                {
                    "id": 1,
                    "value": 25.0
                },
                {
                    "id": 2,
                    "value": 2.0
                },
                {
                    "id": 3,
                    "value": 3.0
                }
            ],
            "required_ops_level": 17,
            "requirements": [
                {
                    "id": 0,
                    "type": "building",
                    "name": "Operations",
                    "value": 17
                }
            ],
            "build_costs": {
                "resources": [
                    {
                        "id": 2325683920,
                        "type": "Parsteel",
                        "value": 47600
                    },
                    {
                        "id": 743985951,
                        "type": "Tritanium",
                        "value": 1400
                    }
                ],
                "materials": [],
                "others": [
                    {
                        "id": 3112791796,
                        "type": "Axionic Servo",
                        "value": 31
                    }
                ]
            },
            "rewards": null
        },
        {
            "level": 18,
            "power": 1700,
            "increased_power": 300,
            "build_time": 95760,
            "bonuses": [
                {
                    "id": 1,
                    "value": 28.0
                },
                {
                    "id": 2,
                    "value": 2.0
                },
                {
                    "id": 3,
                    "value": 3.0
                }
            ],
            "required_ops_level": 18,
            "requirements": [
                {
                    "id": 0,
                    "type": "building",
                    "name": "Operations",
                    "value": 18
                }
            ],
            "build_costs": {
                "resources": [
                    {
                        "id": 2325683920,
                        "type": "Parsteel",
                        "value": 68000
                    },
                    {
                        "id": 743985951,
                        "type": "Tritanium",
                        "value": 2000
                    }
                ],
                "materials": [],
                "others": [
                    {
                        "id": 3112791796,
                        "type": "Axionic Servo",
                        "value": 37
                    }
                ]
            },
            "rewards": null
        },
        {
            "level": 19,
            "power": 2000,
            "increased_power": 300,
            "build_time": 138960,
            "bonuses": [
                {
                    "id": 1,
                    "value": 28.0
                },
                {
                    "id": 2,
                    "value": 2.0
                },
                {
                    "id": 3,
                    "value": 3.0
                }
            ],
            "required_ops_level": 19,
            "requirements": [
                {
                    "id": 0,
                    "type": "building",
                    "name": "Operations",
                    "value": 19
                }
            ],
            "build_costs": {
                "resources": [
                    {
                        "id": 2325683920,
                        "type": "Parsteel",
                        "value": 102000
                    },
                    {
                        "id": 743985951,
                        "type": "Tritanium",
                        "value": 3000
                    }
                ],
                "materials": [],
                "others": [
                    {
                        "id": 3112791796,
                        "type": "Axionic Servo",
                        "value": 42
                    }
                ]
            },
            "rewards": null
        },
        {
            "level": 20,
            "power": 2300,
            "increased_power": 300,
            "build_time": 208800,
            "bonuses": [
                {
                    "id": 1,
                    "value": 31.0
                },
                {
                    "id": 2,
                    "value": 2.0
                },
                {
                    "id": 3,
                    "value": 3.0
                }
            ],
            "required_ops_level": 20,
            "requirements": [
                {
                    "id": 0,
                    "type": "building",
                    "name": "Operations",
                    "value": 20
                }
            ],
            "build_costs": {
                "resources": [
                    {
                        "id": 2325683920,
                        "type": "Parsteel",
                        "value": 144500
                    },
                    {
                        "id": 743985951,
                        "type": "Tritanium",
                        "value": 4250
                    }
                ],
                "materials": [],
                "others": [
                    {
                        "id": 3112791796,
                        "type": "Axionic Servo",
                        "value": 47
                    }
                ]
            },
            "rewards": null
        },
        {
            "level": 21,
            "power": 2700,
            "increased_power": 400,
            "build_time": 190800,
            "bonuses": [
                {
                    "id": 1,
                    "value": 31.0
                },
                {
                    "id": 2,
                    "value": 2.0
                },
                {
                    "id": 3,
                    "value": 3.0
                }
            ],
            "required_ops_level": 21,
            "requirements": [
                {
                    "id": 0,
                    "type": "building",
                    "name": "Operations",
                    "value": 21
                }
            ],
            "build_costs": {
                "resources": [
                    {
                        "id": 2325683920,
                        "type": "Parsteel",
                        "value": 243270
                    },
                    {
                        "id": 743985951,
                        "type": "Tritanium",
                        "value": 7155
                    }
                ],
                "materials": [],
                "others": [
                    {
                        "id": 3112791796,
                        "type": "Axionic Servo",
                        "value": 51
                    }
                ]
            },
            "rewards": null
        },
        {
            "level": 22,
            "power": 3100,
            "increased_power": 400,
            "build_time": 296640,
            "bonuses": [
                {
                    "id": 1,
                    "value": 35.0
                },
                {
                    "id": 2,
                    "value": 2.0
                },
                {
                    "id": 3,
                    "value": 3.0
                }
            ],
            "required_ops_level": 22,
            "requirements": [
                {
                    "id": 0,
                    "type": "building",
                    "name": "Operations",
                    "value": 22
                }
            ],
            "build_costs": {
                "resources": [
                    {
                        "id": 2325683920,
                        "type": "Parsteel",
                        "value": 378420
                    },
                    {
                        "id": 743985951,
                        "type": "Tritanium",
                        "value": 11130
                    }
                ],
                "materials": [],
                "others": [
                    {
                        "id": 3112791796,
                        "type": "Axionic Servo",
                        "value": 59
                    }
                ]
            },
            "rewards": null
        },
        {
            "level": 23,
            "power": 3600,
            "increased_power": 500,
            "build_time": 349920,
            "bonuses": [
                {
                    "id": 1,
                    "value": 35.0
                },
                {
                    "id": 2,
                    "value": 2.0
                },
                {
                    "id": 3,
                    "value": 3.0
                }
            ],
            "required_ops_level": 23,
            "requirements": [
                {
                    "id": 0,
                    "type": "building",
                    "name": "Operations",
                    "value": 23
                }
            ],
            "build_costs": {
                "resources": [
                    {
                        "id": 2325683920,
                        "type": "Parsteel",
                        "value": 622710
                    },
                    {
                        "id": 743985951,
                        "type": "Tritanium",
                        "value": 18315
                    }
                ],
                "materials": [],
                "others": [
                    {
                        "id": 3112791796,
                        "type": "Axionic Servo",
                        "value": 64
                    }
                ]
            },
            "rewards": null
        },
        {
            "level": 24,
            "power": 4100,
            "increased_power": 500,
            "build_time": 429120,
            "bonuses": [
                {
                    "id": 1,
                    "value": 39.0
                },
                {
                    "id": 2,
                    "value": 2.0
                },
                {
                    "id": 3,
                    "value": 3.0
                }
            ],
            "required_ops_level": 24,
            "requirements": [
                {
                    "id": 0,
                    "type": "building",
                    "name": "Operations",
                    "value": 24
                }
            ],
            "build_costs": {
                "resources": [
                    {
                        "id": 2325683920,
                        "type": "Parsteel",
                        "value": 981240
                    },
                    {
                        "id": 743985951,
                        "type": "Tritanium",
                        "value": 28860
                    }
                ],
                "materials": [],
                "others": [
                    {
                        "id": 3112791796,
                        "type": "Axionic Servo",
                        "value": 69
                    }
                ]
            },
            "rewards": null
        },
        {
            "level": 25,
            "power": 4700,
            "increased_power": 600,
            "build_time": 397440,
            "bonuses": [
                {
                    "id": 1,
                    "value": 39.0
                },
                {
                    "id": 2,
                    "value": 3.0
                },
                {
                    "id": 3,
                    "value": 3.0
                }
            ],
            "required_ops_level": 25,
            "requirements": [
                {
                    "id": 0,
                    "type": "building",
                    "name": "Operations",
                    "value": 25
                }
            ],
            "build_costs": {
                "resources": [
                    {
                        "id": 2325683920,
                        "type": "Parsteel",
                        "value": 1591200
                    },
                    {
                        "id": 743985951,
                        "type": "Tritanium",
                        "value": 46800
                    }
                ],
                "materials": [],
                "others": [
                    {
                        "id": 3112791796,
                        "type": "Axionic Servo",
                        "value": 150
                    }
                ]
            },
            "rewards": null
        },
        {
            "level": 26,
            "power": 5250,
            "increased_power": 550,
            "build_time": 538560,
            "bonuses": [
                {
                    "id": 1,
                    "value": 43.0
                },
                {
                    "id": 2,
                    "value": 3.0
                },
                {
                    "id": 3,
                    "value": 3.0
                }
            ],
            "required_ops_level": 26,
            "requirements": [
                {
                    "id": 0,
                    "type": "building",
                    "name": "Operations",
                    "value": 26
                }
            ],
            "build_costs": {
                "resources": [
                    {
                        "id": 2325683920,
                        "type": "Parsteel",
                        "value": 2486250
                    },
                    {
                        "id": 743985951,
                        "type": "Tritanium",
                        "value": 73125
                    }
                ],
                "materials": [],
                "others": [
                    {
                        "id": 3112791796,
                        "type": "Axionic Servo",
                        "value": 120
                    }
                ]
            },
            "rewards": null
        },
        {
            "level": 27,
            "power": 6000,
            "increased_power": 750,
            "build_time": 613440,
            "bonuses": [
                {
                    "id": 1,
                    "value": 43.0
                },
                {
                    "id": 2,
                    "value": 3.0
                },
                {
                    "id": 3,
                    "value": 3.0
                }
            ],
            "required_ops_level": 27,
            "requirements": [
                {
                    "id": 0,
                    "type": "building",
                    "name": "Operations",
                    "value": 27
                }
            ],
            "build_costs": {
                "resources": [
                    {
                        "id": 2325683920,
                        "type": "Parsteel",
                        "value": 3794400
                    },
                    {
                        "id": 743985951,
                        "type": "Tritanium",
                        "value": 111600
                    }
                ],
                "materials": [],
                "others": [
                    {
                        "id": 3112791796,
                        "type": "Axionic Servo",
                        "value": 140
                    }
                ]
            },
            "rewards": null
        },
        {
            "level": 28,
            "power": 6750,
            "increased_power": 750,
            "build_time": 712800,
            "bonuses": [
                {
                    "id": 1,
                    "value": 48.0
                },
                {
                    "id": 2,
                    "value": 3.0
                },
                {
                    "id": 3,
                    "value": 3.0
                }
            ],
            "required_ops_level": 28,
            "requirements": [
                {
                    "id": 0,
                    "type": "building",
                    "name": "Operations",
                    "value": 28
                }
            ],
            "build_costs": {
                "resources": [
                    {
                        "id": 2325683920,
                        "type": "Parsteel",
                        "value": 5691600
                    },
                    {
                        "id": 743985951,
                        "type": "Tritanium",
                        "value": 167400
                    }
                ],
                "materials": [],
                "others": [
                    {
                        "id": 3112791796,
                        "type": "Axionic Servo",
                        "value": 160
                    }
                ]
            },
            "rewards": null
        },
        {
            "level": 29,
            "power": 7500,
            "increased_power": 750,
            "build_time": 784800,
            "bonuses": [
                {
                    "id": 1,
                    "value": 48.0
                },
                {
                    "id": 2,
                    "value": 3.0
                },
                {
                    "id": 3,
                    "value": 3.0
                }
            ],
            "required_ops_level": 29,
            "requirements": [
                {
                    "id": 0,
                    "type": "building",
                    "name": "Operations",
                    "value": 29
                }
            ],
            "build_costs": {
                "resources": [
                    {
                        "id": 2325683920,
                        "type": "Parsteel",
                        "value": 9061000
                    },
                    {
                        "id": 743985951,
                        "type": "Tritanium",
                        "value": 266500
                    }
                ],
                "materials": [],
                "others": [
                    {
                        "id": 3112791796,
                        "type": "Axionic Servo",
                        "value": 170
                    }
                ]
            },
            "rewards": null
        },
        {
            "level": 30,
            "power": 8500,
            "increased_power": 1000,
            "build_time": 851040,
            "bonuses": [
                {
                    "id": 1,
                    "value": 53.0
                },
                {
                    "id": 2,
                    "value": 3.0
                },
                {
                    "id": 3,
                    "value": 3.0
                }
            ],
            "required_ops_level": 30,
            "requirements": [
                {
                    "id": 0,
                    "type": "building",
                    "name": "Operations",
                    "value": 30
                }
            ],
            "build_costs": {
                "resources": [
                    {
                        "id": 2325683920,
                        "type": "Parsteel",
                        "value": 13260000
                    },
                    {
                        "id": 743985951,
                        "type": "Tritanium",
                        "value": 390000
                    }
                ],
                "materials": [],
                "others": [
                    {
                        "id": 3112791796,
                        "type": "Axionic Servo",
                        "value": 200
                    }
                ]
            },
            "rewards": null
        },
        {
            "level": 31,
            "power": 9500,
            "increased_power": 1000,
            "build_time": 1117440,
            "bonuses": [
                {
                    "id": 1,
                    "value": 53.0
                },
                {
                    "id": 2,
                    "value": 3.0
                },
                {
                    "id": 3,
                    "value": 3.0
                }
            ],
            "required_ops_level": 31,
            "requirements": [
                {
                    "id": 0,
                    "type": "building",
                    "name": "Operations",
                    "value": 31
                }
            ],
            "build_costs": {
                "resources": [
                    {
                        "id": 2325683920,
                        "type": "Parsteel",
                        "value": 20961000
                    },
                    {
                        "id": 743985951,
                        "type": "Tritanium",
                        "value": 616500
                    }
                ],
                "materials": [],
                "others": [
                    {
                        "id": 3112791796,
                        "type": "Axionic Servo",
                        "value": 210
                    }
                ]
            },
            "rewards": null
        },
        {
            "level": 32,
            "power": 10500,
            "increased_power": 1000,
            "build_time": 1091520,
            "bonuses": [
                {
                    "id": 1,
                    "value": 59.0
                },
                {
                    "id": 2,
                    "value": 3.0
                },
                {
                    "id": 3,
                    "value": 3.0
                }
            ],
            "required_ops_level": 32,
            "requirements": [
                {
                    "id": 0,
                    "type": "building",
                    "name": "Operations",
                    "value": 32
                }
            ],
            "build_costs": {
                "resources": [
                    {
                        "id": 2325683920,
                        "type": "Parsteel",
                        "value": 30277000
                    },
                    {
                        "id": 743985951,
                        "type": "Tritanium",
                        "value": 890500
                    }
                ],
                "materials": [],
                "others": [
                    {
                        "id": 3112791796,
                        "type": "Axionic Servo",
                        "value": 240
                    }
                ]
            },
            "rewards": null
        },
        {
            "level": 33,
            "power": 11750,
            "increased_power": 1250,
            "build_time": 1585440,
            "bonuses": [
                {
                    "id": 1,
                    "value": 59.0
                },
                {
                    "id": 2,
                    "value": 3.0
                },
                {
                    "id": 3,
                    "value": 3.0
                }
            ],
            "required_ops_level": 33,
            "requirements": [
                {
                    "id": 0,
                    "type": "building",
                    "name": "Operations",
                    "value": 33
                }
            ],
            "build_costs": {
                "resources": [
                    {
                        "id": 2325683920,
                        "type": "Parsteel",
                        "value": 46835000
                    },
                    {
                        "id": 743985951,
                        "type": "Tritanium",
                        "value": 1377500
                    }
                ],
                "materials": [],
                "others": [
                    {
                        "id": 3112791796,
                        "type": "Axionic Servo",
                        "value": 270
                    }
                ]
            },
            "rewards": null
        },
        {
            "level": 34,
            "power": 13000,
            "increased_power": 1250,
            "build_time": 2099520,
            "bonuses": [
                {
                    "id": 1,
                    "value": 66.0
                },
                {
                    "id": 2,
                    "value": 3.0
                },
                {
                    "id": 3,
                    "value": 3.0
                }
            ],
            "required_ops_level": 34,
            "requirements": [
                {
                    "id": 0,
                    "type": "building",
                    "name": "Operations",
                    "value": 34
                }
            ],
            "build_costs": {
                "resources": [
                    {
                        "id": 2325683920,
                        "type": "Parsteel",
                        "value": 73950000
                    },
                    {
                        "id": 743985951,
                        "type": "Tritanium",
                        "value": 2175000
                    }
                ],
                "materials": [],
                "others": [
                    {
                        "id": 3112791796,
                        "type": "Axionic Servo",
                        "value": 300
                    }
                ]
            },
            "rewards": null
        },
        {
            "level": 35,
            "power": 14250,
            "increased_power": 1250,
            "build_time": 2767680,
            "bonuses": [
                {
                    "id": 1,
                    "value": 66.0
                },
                {
                    "id": 2,
                    "value": 3.0
                },
                {
                    "id": 3,
                    "value": 4.0
                }
            ],
            "required_ops_level": 35,
            "requirements": [
                {
                    "id": 0,
                    "type": "building",
                    "name": "Operations",
                    "value": 35
                }
            ],
            "build_costs": {
                "resources": [
                    {
                        "id": 2325683920,
                        "type": "Parsteel",
                        "value": 114444000
                    },
                    {
                        "id": 743985951,
                        "type": "Tritanium",
                        "value": 3366000
                    }
                ],
                "materials": [],
                "others": [
                    {
                        "id": 3112791796,
                        "type": "Axionic Servo",
                        "value": 840
                    }
                ]
            },
            "rewards": {
                "resources": [],
                "materials": [],
                "others": [
                    {
                        "id": 1917231543,
                        "type": "Multi-Purpose Exocomp",
                        "value": 1
                    }
                ]
            }
        },
        {
            "level": 36,
            "power": 15500,
            "increased_power": 1250,
            "build_time": 3536640,
            "bonuses": [
                {
                    "id": 1,
                    "value": 74.0
                },
                {
                    "id": 2,
                    "value": 3.0
                },
                {
                    "id": 3,
                    "value": 4.0
                }
            ],
            "required_ops_level": 36,
            "requirements": [
                {
                    "id": 0,
                    "type": "building",
                    "name": "Operations",
                    "value": 36
                }
            ],
            "build_costs": {
                "resources": [
                    {
                        "id": 2325683920,
                        "type": "Parsteel",
                        "value": 161262000
                    },
                    {
                        "id": 743985951,
                        "type": "Tritanium",
                        "value": 4743000
                    }
                ],
                "materials": [],
                "others": [
                    {
                        "id": 3112791796,
                        "type": "Axionic Servo",
                        "value": 350
                    }
                ]
            },
            "rewards": null
        },
        {
            "level": 37,
            "power": 17000,
            "increased_power": 1500,
            "build_time": 3654720,
            "bonuses": [
                {
                    "id": 1,
                    "value": 74.0
                },
                {
                    "id": 2,
                    "value": 3.0
                },
                {
                    "id": 3,
                    "value": 4.0
                }
            ],
            "required_ops_level": 37,
            "requirements": [
                {
                    "id": 0,
                    "type": "building",
                    "name": "Operations",
                    "value": 37
                }
            ],
            "build_costs": {
                "resources": [
                    {
                        "id": 2325683920,
                        "type": "Parsteel",
                        "value": 247860000
                    },
                    {
                        "id": 743985951,
                        "type": "Tritanium",
                        "value": 7290000
                    }
                ],
                "materials": [],
                "others": [
                    {
                        "id": 3112791796,
                        "type": "Axionic Servo",
                        "value": 380
                    }
                ]
            },
            "rewards": null
        },
        {
            "level": 38,
            "power": 18750,
            "increased_power": 1750,
            "build_time": 5927040,
            "bonuses": [
                {
                    "id": 1,
                    "value": 82.0
                },
                {
                    "id": 2,
                    "value": 3.0
                },
                {
                    "id": 3,
                    "value": 4.0
                }
            ],
            "required_ops_level": 38,
            "requirements": [
                {
                    "id": 0,
                    "type": "building",
                    "name": "Operations",
                    "value": 38
                }
            ],
            "build_costs": {
                "resources": [
                    {
                        "id": 2325683920,
                        "type": "Parsteel",
                        "value": 385560000
                    },
                    {
                        "id": 743985951,
                        "type": "Tritanium",
                        "value": 11340000
                    }
                ],
                "materials": [],
                "others": [
                    {
                        "id": 3112791796,
                        "type": "Axionic Servo",
                        "value": 430
                    }
                ]
            },
            "rewards": null
        },
        {
            "level": 39,
            "power": 20500,
            "increased_power": 1750,
            "build_time": 7866720,
            "bonuses": [
                {
                    "id": 1,
                    "value": 82.0
                },
                {
                    "id": 2,
                    "value": 3.0
                },
                {
                    "id": 3,
                    "value": 4.0
                }
            ],
            "required_ops_level": 39,
            "requirements": [
                {
                    "id": 0,
                    "type": "building",
                    "name": "Operations",
                    "value": 39
                }
            ],
            "build_costs": {
                "resources": [
                    {
                        "id": 2325683920,
                        "type": "Parsteel",
                        "value": 657900000
                    },
                    {
                        "id": 743985951,
                        "type": "Tritanium",
                        "value": 19350000
                    }
                ],
                "materials": [],
                "others": [
                    {
                        "id": 3112791796,
                        "type": "Axionic Servo",
                        "value": 460
                    }
                ]
            },
            "rewards": null
        },
        {
            "level": 40,
            "power": 22000,
            "increased_power": 1500,
            "build_time": 13962240,
            "bonuses": [
                {
                    "id": 1,
                    "value": 91.0
                },
                {
                    "id": 2,
                    "value": 4.0
                },
                {
                    "id": 3,
                    "value": 4.0
                }
            ],
            "required_ops_level": 40,
            "requirements": [
                {
                    "id": 0,
                    "type": "building",
                    "name": "Operations",
                    "value": 40
                }
            ],
            "build_costs": {
                "resources": [
                    {
                        "id": 2325683920,
                        "type": "Parsteel",
                        "value": 2865520000
                    },
                    {
                        "id": 743985951,
                        "type": "Tritanium",
                        "value": 30100000
                    }
                ],
                "materials": [],
                "others": [
                    {
                        "id": 3112791796,
                        "type": "Axionic Servo",
                        "value": 1400
                    }
                ]
            },
            "rewards": null
        },
        {
            "level": 41,
            "power": 24000,
            "increased_power": 2000,
            "build_time": 13085280,
            "bonuses": [
                {
                    "id": 1,
                    "value": 91.0
                },
                {
                    "id": 2,
                    "value": 4.0
                },
                {
                    "id": 3,
                    "value": 4.0
                }
            ],
            "required_ops_level": 41,
            "requirements": [
                {
                    "id": 0,
                    "type": "building",
                    "name": "Operations",
                    "value": 41
                }
            ],
            "build_costs": {
                "resources": [
                    {
                        "id": 2325683920,
                        "type": "Parsteel",
                        "value": 2924000000
                    },
                    {
                        "id": 743985951,
                        "type": "Tritanium",
                        "value": 32536750
                    }
                ],
                "materials": [],
                "others": [
                    {
                        "id": 3112791796,
                        "type": "Axionic Servo",
                        "value": 820
                    },
                    {
                        "id": 1494425877,
                        "type": "Advanced Exocomp Factory Key",
                        "value": 1
                    }
                ]
            },
            "rewards": null
        },
        {
            "level": 42,
            "power": 26000,
            "increased_power": 2000,
            "build_time": 20113920,
            "bonuses": [
                {
                    "id": 1,
                    "value": 101.0
                },
                {
                    "id": 2,
                    "value": 4.0
                },
                {
                    "id": 3,
                    "value": 4.0
                }
            ],
            "required_ops_level": 42,
            "requirements": [
                {
                    "id": 0,
                    "type": "building",
                    "name": "Operations",
                    "value": 42
                }
            ],
            "build_costs": {
                "resources": [
                    {
                        "id": 2325683920,
                        "type": "Parsteel",
                        "value": 4355400000
                    },
                    {
                        "id": 743985951,
                        "type": "Tritanium",
                        "value": 48464600
                    }
                ],
                "materials": [],
                "others": [
                    {
                        "id": 3112791796,
                        "type": "Axionic Servo",
                        "value": 930
                    }
                ]
            },
            "rewards": null
        },
        {
            "level": 43,
            "power": 28000,
            "increased_power": 2000,
            "build_time": 26575200,
            "bonuses": [
                {
                    "id": 1,
                    "value": 101.0
                },
                {
                    "id": 2,
                    "value": 4.0
                },
                {
                    "id": 3,
                    "value": 4.0
                }
            ],
            "required_ops_level": 43,
            "requirements": [
                {
                    "id": 0,
                    "type": "building",
                    "name": "Operations",
                    "value": 43
                }
            ],
            "build_costs": {
                "resources": [
                    {
                        "id": 2325683920,
                        "type": "Parsteel",
                        "value": 6222000000
                    },
                    {
                        "id": 743985951,
                        "type": "Tritanium",
                        "value": 69235150
                    }
                ],
                "materials": [],
                "others": [
                    {
                        "id": 3112791796,
                        "type": "Axionic Servo",
                        "value": 1000
                    }
                ]
            },
            "rewards": null
        },
        {
            "level": 44,
            "power": 30500,
            "increased_power": 2500,
            "build_time": 34686720,
            "bonuses": [
                {
                    "id": 1,
                    "value": 113.0
                },
                {
                    "id": 2,
                    "value": 4.0
                },
                {
                    "id": 3,
                    "value": 4.0
                }
            ],
            "required_ops_level": 44,
            "requirements": [
                {
                    "id": 0,
                    "type": "building",
                    "name": "Operations",
                    "value": 44
                }
            ],
            "build_costs": {
                "resources": [
                    {
                        "id": 2325683920,
                        "type": "Parsteel",
                        "value": 9333000000
                    },
                    {
                        "id": 743985951,
                        "type": "Tritanium",
                        "value": 103852700
                    }
                ],
                "materials": [],
                "others": [
                    {
                        "id": 3112791796,
                        "type": "Axionic Servo",
                        "value": 1150
                    }
                ]
            },
            "rewards": null
        },
        {
            "level": 45,
            "power": 33000,
            "increased_power": 2500,
            "build_time": 44779680,
            "bonuses": [
                {
                    "id": 1,
                    "value": 113.0
                },
                {
                    "id": 2,
                    "value": 4.0
                },
                {
                    "id": 3,
                    "value": 4.0
                }
            ],
            "required_ops_level": 45,
            "requirements": [
                {
                    "id": 0,
                    "type": "building",
                    "name": "Operations",
                    "value": 45
                }
            ],
            "build_costs": {
                "resources": [
                    {
                        "id": 2325683920,
                        "type": "Parsteel",
                        "value": 13260000000
                    },
                    {
                        "id": 743985951,
                        "type": "Tritanium",
                        "value": 147550300
                    }
                ],
                "materials": [],
                "others": [
                    {
                        "id": 3112791796,
                        "type": "Axionic Servo",
                        "value": 1200
                    }
                ]
            },
            "rewards": null
        },
        {
            "level": 46,
            "power": 35500,
            "increased_power": 2500,
            "build_time": 57241440,
            "bonuses": [
                {
                    "id": 1,
                    "value": 126.0
                },
                {
                    "id": 2,
                    "value": 4.0
                },
                {
                    "id": 3,
                    "value": 4.0
                }
            ],
            "required_ops_level": 46,
            "requirements": [
                {
                    "id": 0,
                    "type": "building",
                    "name": "Operations",
                    "value": 46
                }
            ],
            "build_costs": {
                "resources": [
                    {
                        "id": 2325683920,
                        "type": "Parsteel",
                        "value": 18232500000
                    },
                    {
                        "id": 743985951,
                        "type": "Tritanium",
                        "value": 202881700
                    }
                ],
                "materials": [],
                "others": [
                    {
                        "id": 3112791796,
                        "type": "Axionic Servo",
                        "value": 1350
                    }
                ]
            },
            "rewards": null
        },
        {
            "level": 47,
            "power": 38000,
            "increased_power": 2500,
            "build_time": 72511200,
            "bonuses": [
                {
                    "id": 1,
                    "value": 126.0
                },
                {
                    "id": 2,
                    "value": 4.0
                },
                {
                    "id": 3,
                    "value": 4.0
                }
            ],
            "required_ops_level": 47,
            "requirements": [
                {
                    "id": 0,
                    "type": "building",
                    "name": "Operations",
                    "value": 47
                }
            ],
            "build_costs": {
                "resources": [
                    {
                        "id": 2325683920,
                        "type": "Parsteel",
                        "value": 26520000000
                    },
                    {
                        "id": 743985951,
                        "type": "Tritanium",
                        "value": 295100650
                    }
                ],
                "materials": [],
                "others": [
                    {
                        "id": 3112791796,
                        "type": "Axionic Servo",
                        "value": 1450
                    }
                ]
            },
            "rewards": null
        },
        {
            "level": 48,
            "power": 41000,
            "increased_power": 3000,
            "build_time": 91101600,
            "bonuses": [
                {
                    "id": 1,
                    "value": 140.0
                },
                {
                    "id": 2,
                    "value": 4.0
                },
                {
                    "id": 3,
                    "value": 4.0
                }
            ],
            "required_ops_level": 48,
            "requirements": [
                {
                    "id": 0,
                    "type": "building",
                    "name": "Operations",
                    "value": 48
                }
            ],
            "build_costs": {
                "resources": [
                    {
                        "id": 2325683920,
                        "type": "Parsteel",
                        "value": 42840000000
                    },
                    {
                        "id": 743985951,
                        "type": "Tritanium",
                        "value": 476701000
                    }
                ],
                "materials": [],
                "others": [
                    {
                        "id": 3112791796,
                        "type": "Axionic Servo",
                        "value": 1650
                    }
                ]
            },
            "rewards": null
        },
        {
            "level": 49,
            "power": 44000,
            "increased_power": 3000,
            "build_time": 113587200,
            "bonuses": [
                {
                    "id": 1,
                    "value": 140.0
                },
                {
                    "id": 2,
                    "value": 4.0
                },
                {
                    "id": 3,
                    "value": 4.0
                }
            ],
            "required_ops_level": 49,
            "requirements": [
                {
                    "id": 0,
                    "type": "building",
                    "name": "Operations",
                    "value": 49
                }
            ],
            "build_costs": {
                "resources": [
                    {
                        "id": 2325683920,
                        "type": "Parsteel",
                        "value": 71400000000
                    },
                    {
                        "id": 743985951,
                        "type": "Tritanium",
                        "value": 794501700
                    }
                ],
                "materials": [],
                "others": [
                    {
                        "id": 3112791796,
                        "type": "Axionic Servo",
                        "value": 1750
                    }
                ]
            },
            "rewards": null
        },
        {
            "level": 50,
            "power": 47000,
            "increased_power": 3000,
            "build_time": 140627520,
            "bonuses": [
                {
                    "id": 1,
                    "value": 156.0
                },
                {
                    "id": 2,
                    "value": 4.0
                },
                {
                    "id": 3,
                    "value": 4.0
                }
            ],
            "required_ops_level": 50,
            "requirements": [
                {
                    "id": 0,
                    "type": "building",
                    "name": "Operations",
                    "value": 50
                }
            ],
            "build_costs": {
                "resources": [
                    {
                        "id": 2325683920,
                        "type": "Parsteel",
                        "value": 124950000000
                    },
                    {
                        "id": 743985951,
                        "type": "Tritanium",
                        "value": 1390378000
                    }
                ],
                "materials": [],
                "others": [
                    {
                        "id": 3112791796,
                        "type": "Axionic Servo",
                        "value": 2100
                    }
                ]
            },
            "rewards": null
        },
        {
            "level": 51,
            "power": 53500,
            "increased_power": 6500,
            "build_time": 149065920,
            "bonuses": [
                {
                    "id": 1,
                    "value": 156.0
                },
                {
                    "id": 2,
                    "value": 5.0
                },
                {
                    "id": 3,
                    "value": 4.0
                }
            ],
            "required_ops_level": 51,
            "requirements": [
                {
                    "id": 0,
                    "type": "building",
                    "name": "Operations",
                    "value": 51
                }
            ],
            "build_costs": {
                "resources": [
                    {
                        "id": 2325683920,
                        "type": "Parsteel",
                        "value": 623220000000
                    },
                    {
                        "id": 743985951,
                        "type": "Tritanium",
                        "value": 3900000000
                    }
                ],
                "materials": [],
                "others": [
                    {
                        "id": 3112791796,
                        "type": "Axionic Servo",
                        "value": 2200
                    }
                ]
            },
            "rewards": null
        },
        {
            "level": 52,
            "power": 57000,
            "increased_power": 3500,
            "build_time": 158009760,
            "bonuses": [
                {
                    "id": 1,
                    "value": 174.0
                },
                {
                    "id": 2,
                    "value": 5.0
                },
                {
                    "id": 3,
                    "value": 4.0
                }
            ],
            "required_ops_level": 52,
            "requirements": [
                {
                    "id": 0,
                    "type": "building",
                    "name": "Operations",
                    "value": 52
                }
            ],
            "build_costs": {
                "resources": [
                    {
                        "id": 2325683920,
                        "type": "Parsteel",
                        "value": 1127100000000
                    },
                    {
                        "id": 743985951,
                        "type": "Tritanium",
                        "value": 6630000000
                    }
                ],
                "materials": [],
                "others": [
                    {
                        "id": 3112791796,
                        "type": "Axionic Servo",
                        "value": 3600
                    },
                    {
                        "id": 2901483114,
                        "type": "Advanced Exocomp Factory Key II",
                        "value": 1
                    }
                ]
            },
            "rewards": null
        },
        {
            "level": 53,
            "power": 61000,
            "increased_power": 4000,
            "build_time": 167490720,
            "bonuses": [
                {
                    "id": 1,
                    "value": 174.0
                },
                {
                    "id": 2,
                    "value": 5.0
                },
                {
                    "id": 3,
                    "value": 4.0
                }
            ],
            "required_ops_level": 53,
            "requirements": [
                {
                    "id": 0,
                    "type": "building",
                    "name": "Operations",
                    "value": 53
                }
            ],
            "build_costs": {
                "resources": [
                    {
                        "id": 2325683920,
                        "type": "Parsteel",
                        "value": 1893120000000
                    },
                    {
                        "id": 743985951,
                        "type": "Tritanium",
                        "value": 11600000000
                    }
                ],
                "materials": [],
                "others": [
                    {
                        "id": 3112791796,
                        "type": "Axionic Servo",
                        "value": 3800
                    }
                ]
            },
            "rewards": null
        },
        {
            "level": 54,
            "power": 65000,
            "increased_power": 4000,
            "build_time": 177540480,
            "bonuses": [
                {
                    "id": 1,
                    "value": 194.0
                },
                {
                    "id": 2,
                    "value": 5.0
                },
                {
                    "id": 3,
                    "value": 4.0
                }
            ],
            "required_ops_level": 54,
            "requirements": [
                {
                    "id": 0,
                    "type": "building",
                    "name": "Operations",
                    "value": 54
                }
            ],
            "build_costs": {
                "resources": [
                    {
                        "id": 2325683920,
                        "type": "Parsteel",
                        "value": 2839680000000
                    },
                    {
                        "id": 743985951,
                        "type": "Tritanium",
                        "value": 17400000000
                    }
                ],
                "materials": [],
                "others": [
                    {
                        "id": 3112791796,
                        "type": "Axionic Servo",
                        "value": 4250
                    }
                ]
            },
            "rewards": null
        },
        {
            "level": 55,
            "power": 69000,
            "increased_power": 4000,
            "build_time": 188192160,
            "bonuses": [
                {
                    "id": 1,
                    "value": 194.0
                },
                {
                    "id": 2,
                    "value": 5.0
                },
                {
                    "id": 3,
                    "value": 4.0
                }
            ],
            "required_ops_level": 55,
            "requirements": [
                {
                    "id": 0,
                    "type": "building",
                    "name": "Operations",
                    "value": 55
                }
            ],
            "build_costs": {
                "resources": [
                    {
                        "id": 2325683920,
                        "type": "Parsteel",
                        "value": 4826640000000
                    },
                    {
                        "id": 743985951,
                        "type": "Tritanium",
                        "value": 27300000000
                    }
                ],
                "materials": [],
                "others": [
                    {
                        "id": 3112791796,
                        "type": "Axionic Servo",
                        "value": 4450
                    }
                ]
            },
            "rewards": null
        },
        {
            "level": 56,
            "power": 73000,
            "increased_power": 4000,
            "build_time": 199483200,
            "bonuses": [
                {
                    "id": 1,
                    "value": 216.0
                },
                {
                    "id": 2,
                    "value": 5.0
                },
                {
                    "id": 3,
                    "value": 4.0
                }
            ],
            "required_ops_level": 56,
            "requirements": [
                {
                    "id": 0,
                    "type": "building",
                    "name": "Operations",
                    "value": 56
                }
            ],
            "build_costs": {
                "resources": [
                    {
                        "id": 2325683920,
                        "type": "Parsteel",
                        "value": 7584720000000
                    },
                    {
                        "id": 743985951,
                        "type": "Tritanium",
                        "value": 42900000000
                    }
                ],
                "materials": [],
                "others": [
                    {
                        "id": 3112791796,
                        "type": "Axionic Servo",
                        "value": 5000
                    }
                ]
            },
            "rewards": null
        },
        {
            "level": 57,
            "power": 77000,
            "increased_power": 4000,
            "build_time": 211452480,
            "bonuses": [
                {
                    "id": 1,
                    "value": 216.0
                },
                {
                    "id": 2,
                    "value": 5.0
                },
                {
                    "id": 3,
                    "value": 4.0
                }
            ],
            "required_ops_level": 57,
            "requirements": [
                {
                    "id": 0,
                    "type": "building",
                    "name": "Operations",
                    "value": 57
                }
            ],
            "build_costs": {
                "resources": [
                    {
                        "id": 2325683920,
                        "type": "Parsteel",
                        "value": 11873888000000
                    },
                    {
                        "id": 743985951,
                        "type": "Tritanium",
                        "value": 67160000000
                    }
                ],
                "materials": [],
                "others": [
                    {
                        "id": 3112791796,
                        "type": "Axionic Servo",
                        "value": 5250
                    }
                ]
            },
            "rewards": null
        },
        {
            "level": 58,
            "power": 82000,
            "increased_power": 5000,
            "build_time": 224140320,
            "bonuses": [
                {
                    "id": 1,
                    "value": 241.0
                },
                {
                    "id": 2,
                    "value": 5.0
                },
                {
                    "id": 3,
                    "value": 4.0
                }
            ],
            "required_ops_level": 58,
            "requirements": [
                {
                    "id": 0,
                    "type": "building",
                    "name": "Operations",
                    "value": 58
                }
            ],
            "build_costs": {
                "resources": [
                    {
                        "id": 2325683920,
                        "type": "Parsteel",
                        "value": 17155584000000
                    },
                    {
                        "id": 743985951,
                        "type": "Tritanium",
                        "value": 105120000000
                    }
                ],
                "materials": [],
                "others": [
                    {
                        "id": 3112791796,
                        "type": "Axionic Servo",
                        "value": 5850
                    }
                ]
            },
            "rewards": null
        },
        {
            "level": 59,
            "power": 87000,
            "increased_power": 5000,
            "build_time": 237588480,
            "bonuses": [
                {
                    "id": 1,
                    "value": 241.0
                },
                {
                    "id": 2,
                    "value": 5.0
                },
                {
                    "id": 3,
                    "value": 4.0
                }
            ],
            "required_ops_level": 59,
            "requirements": [
                {
                    "id": 0,
                    "type": "building",
                    "name": "Operations",
                    "value": 59
                }
            ],
            "build_costs": {
                "resources": [
                    {
                        "id": 2325683920,
                        "type": "Parsteel",
                        "value": 25733376000000
                    },
                    {
                        "id": 743985951,
                        "type": "Tritanium",
                        "value": 157680000000
                    }
                ],
                "materials": [],
                "others": [
                    {
                        "id": 3112791796,
                        "type": "Axionic Servo",
                        "value": 6100
                    }
                ]
            },
            "rewards": null
        },
        {
            "level": 60,
            "power": 92000,
            "increased_power": 5000,
            "build_time": 251843040,
            "bonuses": [
                {
                    "id": 1,
                    "value": 282.0
                },
                {
                    "id": 2,
                    "value": 5.0
                },
                {
                    "id": 3,
                    "value": 4.0
                }
            ],
            "required_ops_level": 60,
            "requirements": [
                {
                    "id": 0,
                    "type": "building",
                    "name": "Operations",
                    "value": 60
                }
            ],
            "build_costs": {
                "resources": [
                    {
                        "id": 2325683920,
                        "type": "Parsteel",
                        "value": 40188000000000
                    },
                    {
                        "id": 743985951,
                        "type": "Tritanium",
                        "value": 246250000000
                    }
                ],
                "materials": [],
                "others": [
                    {
                        "id": 3112791796,
                        "type": "Axionic Servo",
                        "value": 7100
                    }
                ]
            },
            "rewards": null
        }
    ]
}