{
    "id": 53,
    "name": "Parsteel Generator G",
    "description": "Produces Parsteel, an alloy with immense tensile strength used to build Station buildings. Upgrading Parsteel Generators increases the amount of Parsteel that is produced.",
    "group": 6,
    "start_level": 0,
    "bonuses": [
        {
            "id": 1,
            "name": "Parsteel Production",
            "is_percentage": false
        },
        {
            "id": 2,
            "name": "Parsteel Storage",
            "is_percentage": false
        }
    ],
    "levels": [
        {
            "level": 1,
            "power": 10,
            "increased_power": 10,
            "build_time": 15,
            "bonuses": [
                {
                    "id": 1,
                    "value": 90.0
                },
                {
                    "id": 2,
                    "value": 45.0
                }
            ],
            "required_ops_level": 50,
            "requirements": [
                {
                    "id": 0,
                    "type": "building",
                    "name": "Operations",
                    "value": 50
                },
                {
                    "id": 51,
                    "type": "building",
                    "name": "Parsteel Generator E",
                    "value": 1
                }
            ],
            "build_costs": {
                "resources": [
                    {
                        "id": 2325683920,
                        "type": "Parsteel",
                        "value": 10
                    }
                ],
                "materials": [],
                "others": []
            },
            "rewards": null
        },
        {
            "level": 2,
            "power": 20,
            "increased_power": 10,
            "build_time": 45,
            "bonuses": [
                {
                    "id": 1,
                    "value": 190.0
                },
                {
                    "id": 2,
                    "value": 285.0
                }
            ],
            "required_ops_level": 50,
            "requirements": [
                {
                    "id": 0,
                    "type": "building",
                    "name": "Operations",
                    "value": 2
                },
                {
                    "id": 51,
                    "type": "building",
                    "name": "Parsteel Generator E",
                    "value": 2
                }
            ],
            "build_costs": {
                "resources": [
                    {
                        "id": 2325683920,
                        "type": "Parsteel",
                        "value": 20
                    }
                ],
                "materials": [],
                "others": []
            },
            "rewards": null
        },
        {
            "level": 3,
            "power": 32,
            "increased_power": 12,
            "build_time": 90,
            "bonuses": [
                {
                    "id": 1,
                    "value": 290.0
                },
                {
                    "id": 2,
                    "value": 580.0
                }
            ],
            "required_ops_level": 50,
            "requirements": [
                {
                    "id": 0,
                    "type": "building",
                    "name": "Operations",
                    "value": 3
                },
                {
                    "id": 51,
                    "type": "building",
                    "name": "Parsteel Generator E",
                    "value": 3
                }
            ],
            "build_costs": {
                "resources": [
                    {
                        "id": 2325683920,
                        "type": "Parsteel",
                        "value": 35
                    }
                ],
                "materials": [],
                "others": []
            },
            "rewards": null
        },
        {
            "level": 4,
            "power": 45,
            "increased_power": 13,
            "build_time": 150,
            "bonuses": [
                {
                    "id": 1,
                    "value": 395.0
                },
                {
                    "id": 2,
                    "value": 1190.0
                }
            ],
            "required_ops_level": 50,
            "requirements": [
                {
                    "id": 0,
                    "type": "building",
                    "name": "Operations",
                    "value": 4
                },
                {
                    "id": 51,
                    "type": "building",
                    "name": "Parsteel Generator E",
                    "value": 4
                }
            ],
            "build_costs": {
                "resources": [
                    {
                        "id": 2325683920,
                        "type": "Parsteel",
                        "value": 70
                    }
                ],
                "materials": [],
                "others": []
            },
            "rewards": null
        },
        {
            "level": 5,
            "power": 60,
            "increased_power": 15,
            "build_time": 240,
            "bonuses": [
                {
                    "id": 1,
                    "value": 495.0
                },
                {
                    "id": 2,
                    "value": 1975.0
                }
            ],
            "required_ops_level": 50,
            "requirements": [
                {
                    "id": 0,
                    "type": "building",
                    "name": "Operations",
                    "value": 5
                },
                {
                    "id": 51,
                    "type": "building",
                    "name": "Parsteel Generator E",
                    "value": 5
                }
            ],
            "build_costs": {
                "resources": [
                    {
                        "id": 2325683920,
                        "type": "Parsteel",
                        "value": 120
                    }
                ],
                "materials": [],
                "others": []
            },
            "rewards": null
        },
        {
            "level": 6,
            "power": 80,
            "increased_power": 20,
            "build_time": 330,
            "bonuses": [
                {
                    "id": 1,
                    "value": 600.0
                },
                {
                    "id": 2,
                    "value": 2700.0
                }
            ],
            "required_ops_level": 50,
            "requirements": [
                {
                    "id": 0,
                    "type": "building",
                    "name": "Operations",
                    "value": 6
                },
                {
                    "id": 51,
                    "type": "building",
                    "name": "Parsteel Generator E",
                    "value": 6
                }
            ],
            "build_costs": {
                "resources": [
                    {
                        "id": 2325683920,
                        "type": "Parsteel",
                        "value": 350
                    }
                ],
                "materials": [],
                "others": []
            },
            "rewards": null
        },
        {
            "level": 7,
            "power": 100,
            "increased_power": 20,
            "build_time": 420,
            "bonuses": [
                {
                    "id": 1,
                    "value": 700.0
                },
                {
                    "id": 2,
                    "value": 3850.0
                }
            ],
            "required_ops_level": 50,
            "requirements": [
                {
                    "id": 0,
                    "type": "building",
                    "name": "Operations",
                    "value": 7
                },
                {
                    "id": 51,
                    "type": "building",
                    "name": "Parsteel Generator E",
                    "value": 7
                }
            ],
            "build_costs": {
                "resources": [
                    {
                        "id": 2325683920,
                        "type": "Parsteel",
                        "value": 700
                    },
                    {
                        "id": 743985951,
                        "type": "Tritanium",
                        "value": 5
                    }
                ],
                "materials": [],
                "others": []
            },
            "rewards": null
        },
        {
            "level": 8,
            "power": 130,
            "increased_power": 30,
            "build_time": 600,
            "bonuses": [
                {
                    "id": 1,
                    "value": 800.0
                },
                {
                    "id": 2,
                    "value": 5200.0
                }
            ],
            "required_ops_level": 50,
            "requirements": [
                {
                    "id": 0,
                    "type": "building",
                    "name": "Operations",
                    "value": 8
                },
                {
                    "id": 51,
                    "type": "building",
                    "name": "Parsteel Generator E",
                    "value": 8
                }
            ],
            "build_costs": {
                "resources": [
                    {
                        "id": 2325683920,
                        "type": "Parsteel",
                        "value": 1200
                    },
                    {
                        "id": 743985951,
                        "type": "Tritanium",
                        "value": 15
                    }
                ],
                "materials": [],
                "others": []
            },
            "rewards": null
        },
        {
            "level": 9,
            "power": 170,
            "increased_power": 40,
            "build_time": 900,
            "bonuses": [
                {
                    "id": 1,
                    "value": 900.0
                },
                {
                    "id": 2,
                    "value": 6300.0
                }
            ],
            "required_ops_level": 50,
            "requirements": [
                {
                    "id": 0,
                    "type": "building",
                    "name": "Operations",
                    "value": 9
                },
                {
                    "id": 51,
                    "type": "building",
                    "name": "Parsteel Generator E",
                    "value": 9
                }
            ],
            "build_costs": {
                "resources": [
                    {
                        "id": 2325683920,
                        "type": "Parsteel",
                        "value": 2500
                    },
                    {
                        "id": 743985951,
                        "type": "Tritanium",
                        "value": 38
                    }
                ],
                "materials": [],
                "others": []
            },
            "rewards": null
        },
        {
            "level": 10,
            "power": 210,
            "increased_power": 40,
            "build_time": 960,
            "bonuses": [
                {
                    "id": 1,
                    "value": 1200.0
                },
                {
                    "id": 2,
                    "value": 9600.0
                }
            ],
            "required_ops_level": 50,
            "requirements": [
                {
                    "id": 0,
                    "type": "building",
                    "name": "Operations",
                    "value": 10
                },
                {
                    "id": 51,
                    "type": "building",
                    "name": "Parsteel Generator E",
                    "value": 10
                }
            ],
            "build_costs": {
                "resources": [
                    {
                        "id": 2325683920,
                        "type": "Parsteel",
                        "value": 2800
                    },
                    {
                        "id": 743985951,
                        "type": "Tritanium",
                        "value": 75
                    }
                ],
                "materials": [],
                "others": []
            },
            "rewards": null
        },
        {
            "level": 11,
            "power": 260,
            "increased_power": 50,
            "build_time": 1020,
            "bonuses": [
                {
                    "id": 1,
                    "value": 1320.0
                },
                {
                    "id": 2,
                    "value": 11900.0
                }
            ],
            "required_ops_level": 50,
            "requirements": [
                {
                    "id": 0,
                    "type": "building",
                    "name": "Operations",
                    "value": 11
                },
                {
                    "id": 51,
                    "type": "building",
                    "name": "Parsteel Generator E",
                    "value": 11
                }
            ],
            "build_costs": {
                "resources": [
                    {
                        "id": 743985951,
                        "type": "Tritanium",
                        "value": 100
                    },
                    {
                        "id": 2614028847,
                        "type": "Dilithium",
                        "value": 20
                    }
                ],
                "materials": [],
                "others": []
            },
            "rewards": null
        },
        {
            "level": 12,
            "power": 330,
            "increased_power": 70,
            "build_time": 1800,
            "bonuses": [
                {
                    "id": 1,
                    "value": 1450.0
                },
                {
                    "id": 2,
                    "value": 15200.0
                }
            ],
            "required_ops_level": 50,
            "requirements": [
                {
                    "id": 0,
                    "type": "building",
                    "name": "Operations",
                    "value": 12
                },
                {
                    "id": 51,
                    "type": "building",
                    "name": "Parsteel Generator E",
                    "value": 12
                }
            ],
            "build_costs": {
                "resources": [
                    {
                        "id": 743985951,
                        "type": "Tritanium",
                        "value": 138
                    },
                    {
                        "id": 2614028847,
                        "type": "Dilithium",
                        "value": 55
                    }
                ],
                "materials": [],
                "others": []
            },
            "rewards": null
        },
        {
            "level": 13,
            "power": 400,
            "increased_power": 70,
            "build_time": 2760,
            "bonuses": [
                {
                    "id": 1,
                    "value": 1550.0
                },
                {
                    "id": 2,
                    "value": 17800.0
                }
            ],
            "required_ops_level": 50,
            "requirements": [
                {
                    "id": 0,
                    "type": "building",
                    "name": "Operations",
                    "value": 13
                },
                {
                    "id": 51,
                    "type": "building",
                    "name": "Parsteel Generator E",
                    "value": 13
                }
            ],
            "build_costs": {
                "resources": [
                    {
                        "id": 743985951,
                        "type": "Tritanium",
                        "value": 200
                    },
                    {
                        "id": 2614028847,
                        "type": "Dilithium",
                        "value": 120
                    }
                ],
                "materials": [],
                "others": []
            },
            "rewards": null
        },
        {
            "level": 14,
            "power": 490,
            "increased_power": 90,
            "build_time": 3840,
            "bonuses": [
                {
                    "id": 1,
                    "value": 1675.0
                },
                {
                    "id": 2,
                    "value": 21750.0
                }
            ],
            "required_ops_level": 50,
            "requirements": [
                {
                    "id": 0,
                    "type": "building",
                    "name": "Operations",
                    "value": 14
                },
                {
                    "id": 51,
                    "type": "building",
                    "name": "Parsteel Generator E",
                    "value": 14
                }
            ],
            "build_costs": {
                "resources": [
                    {
                        "id": 743985951,
                        "type": "Tritanium",
                        "value": 275
                    },
                    {
                        "id": 2614028847,
                        "type": "Dilithium",
                        "value": 220
                    }
                ],
                "materials": [],
                "others": []
            },
            "rewards": null
        },
        {
            "level": 15,
            "power": 575,
            "increased_power": 85,
            "build_time": 4920,
            "bonuses": [
                {
                    "id": 1,
                    "value": 1800.0
                },
                {
                    "id": 2,
                    "value": 25250.0
                }
            ],
            "required_ops_level": 50,
            "requirements": [
                {
                    "id": 0,
                    "type": "building",
                    "name": "Operations",
                    "value": 15
                },
                {
                    "id": 51,
                    "type": "building",
                    "name": "Parsteel Generator E",
                    "value": 15
                }
            ],
            "build_costs": {
                "resources": [
                    {
                        "id": 743985951,
                        "type": "Tritanium",
                        "value": 375
                    },
                    {
                        "id": 2614028847,
                        "type": "Dilithium",
                        "value": 375
                    }
                ],
                "materials": [],
                "others": []
            },
            "rewards": null
        },
        {
            "level": 16,
            "power": 700,
            "increased_power": 125,
            "build_time": 5700,
            "bonuses": [
                {
                    "id": 1,
                    "value": 1925.0
                },
                {
                    "id": 2,
                    "value": 29000.0
                }
            ],
            "required_ops_level": 50,
            "requirements": [
                {
                    "id": 0,
                    "type": "building",
                    "name": "Operations",
                    "value": 16
                },
                {
                    "id": 51,
                    "type": "building",
                    "name": "Parsteel Generator E",
                    "value": 16
                }
            ],
            "build_costs": {
                "resources": [
                    {
                        "id": 743985951,
                        "type": "Tritanium",
                        "value": 500
                    },
                    {
                        "id": 2614028847,
                        "type": "Dilithium",
                        "value": 500
                    }
                ],
                "materials": [],
                "others": []
            },
            "rewards": null
        },
        {
            "level": 17,
            "power": 825,
            "increased_power": 125,
            "build_time": 6300,
            "bonuses": [
                {
                    "id": 1,
                    "value": 2050.0
                },
                {
                    "id": 2,
                    "value": 33750.0
                }
            ],
            "required_ops_level": 50,
            "requirements": [
                {
                    "id": 0,
                    "type": "building",
                    "name": "Operations",
                    "value": 17
                },
                {
                    "id": 51,
                    "type": "building",
                    "name": "Parsteel Generator E",
                    "value": 17
                }
            ],
            "build_costs": {
                "resources": [
                    {
                        "id": 743985951,
                        "type": "Tritanium",
                        "value": 700
                    },
                    {
                        "id": 2614028847,
                        "type": "Dilithium",
                        "value": 700
                    }
                ],
                "materials": [],
                "others": []
            },
            "rewards": null
        },
        {
            "level": 18,
            "power": 975,
            "increased_power": 150,
            "build_time": 9600,
            "bonuses": [
                {
                    "id": 1,
                    "value": 2175.0
                },
                {
                    "id": 2,
                    "value": 38000.0
                }
            ],
            "required_ops_level": 50,
            "requirements": [
                {
                    "id": 0,
                    "type": "building",
                    "name": "Operations",
                    "value": 18
                },
                {
                    "id": 51,
                    "type": "building",
                    "name": "Parsteel Generator E",
                    "value": 18
                }
            ],
            "build_costs": {
                "resources": [
                    {
                        "id": 743985951,
                        "type": "Tritanium",
                        "value": 1000
                    },
                    {
                        "id": 2614028847,
                        "type": "Dilithium",
                        "value": 1000
                    }
                ],
                "materials": [],
                "others": []
            },
            "rewards": null
        },
        {
            "level": 19,
            "power": 1150,
            "increased_power": 175,
            "build_time": 13800,
            "bonuses": [
                {
                    "id": 1,
                    "value": 2300.0
                },
                {
                    "id": 2,
                    "value": 43750.0
                }
            ],
            "required_ops_level": 50,
            "requirements": [
                {
                    "id": 0,
                    "type": "building",
                    "name": "Operations",
                    "value": 19
                },
                {
                    "id": 51,
                    "type": "building",
                    "name": "Parsteel Generator E",
                    "value": 19
                }
            ],
            "build_costs": {
                "resources": [
                    {
                        "id": 743985951,
                        "type": "Tritanium",
                        "value": 1500
                    },
                    {
                        "id": 2614028847,
                        "type": "Dilithium",
                        "value": 1500
                    }
                ],
                "materials": [],
                "others": []
            },
            "rewards": null
        },
        {
            "level": 20,
            "power": 1350,
            "increased_power": 200,
            "build_time": 20880,
            "bonuses": [
                {
                    "id": 1,
                    "value": 2825.0
                },
                {
                    "id": 2,
                    "value": 56500.0
                }
            ],
            "required_ops_level": 50,
            "requirements": [
                {
                    "id": 0,
                    "type": "building",
                    "name": "Operations",
                    "value": 20
                },
                {
                    "id": 51,
                    "type": "building",
                    "name": "Parsteel Generator E",
                    "value": 20
                }
            ],
            "build_costs": {
                "resources": [
                    {
                        "id": 743985951,
                        "type": "Tritanium",
                        "value": 2125
                    },
                    {
                        "id": 2614028847,
                        "type": "Dilithium",
                        "value": 2125
                    }
                ],
                "materials": [],
                "others": []
            },
            "rewards": null
        },
        {
            "level": 21,
            "power": 1600,
            "increased_power": 250,
            "build_time": 18900,
            "bonuses": [
                {
                    "id": 1,
                    "value": 2950.0
                },
                {
                    "id": 2,
                    "value": 59000.0
                }
            ],
            "required_ops_level": 50,
            "requirements": [
                {
                    "id": 0,
                    "type": "building",
                    "name": "Operations",
                    "value": 21
                },
                {
                    "id": 51,
                    "type": "building",
                    "name": "Parsteel Generator E",
                    "value": 21
                }
            ],
            "build_costs": {
                "resources": [
                    {
                        "id": 743985951,
                        "type": "Tritanium",
                        "value": 3578
                    },
                    {
                        "id": 2614028847,
                        "type": "Dilithium",
                        "value": 3578
                    }
                ],
                "materials": [],
                "others": []
            },
            "rewards": null
        },
        {
            "level": 22,
            "power": 1800,
            "increased_power": 200,
            "build_time": 29520,
            "bonuses": [
                {
                    "id": 1,
                    "value": 3100.0
                },
                {
                    "id": 2,
                    "value": 62000.0
                }
            ],
            "required_ops_level": 50,
            "requirements": [
                {
                    "id": 0,
                    "type": "building",
                    "name": "Operations",
                    "value": 22
                },
                {
                    "id": 51,
                    "type": "building",
                    "name": "Parsteel Generator E",
                    "value": 22
                }
            ],
            "build_costs": {
                "resources": [
                    {
                        "id": 743985951,
                        "type": "Tritanium",
                        "value": 5565
                    },
                    {
                        "id": 2614028847,
                        "type": "Dilithium",
                        "value": 5565
                    }
                ],
                "materials": [],
                "others": []
            },
            "rewards": null
        },
        {
            "level": 23,
            "power": 2100,
            "increased_power": 300,
            "build_time": 35280,
            "bonuses": [
                {
                    "id": 1,
                    "value": 3225.0
                },
                {
                    "id": 2,
                    "value": 64500.0
                }
            ],
            "required_ops_level": 50,
            "requirements": [
                {
                    "id": 0,
                    "type": "building",
                    "name": "Operations",
                    "value": 23
                },
                {
                    "id": 51,
                    "type": "building",
                    "name": "Parsteel Generator E",
                    "value": 23
                }
            ],
            "build_costs": {
                "resources": [
                    {
                        "id": 743985951,
                        "type": "Tritanium",
                        "value": 9158
                    },
                    {
                        "id": 2614028847,
                        "type": "Dilithium",
                        "value": 9158
                    }
                ],
                "materials": [],
                "others": []
            },
            "rewards": null
        },
        {
            "level": 24,
            "power": 2300,
            "increased_power": 200,
            "build_time": 43200,
            "bonuses": [
                {
                    "id": 1,
                    "value": 3375.0
                },
                {
                    "id": 2,
                    "value": 67500.0
                }
            ],
            "required_ops_level": 50,
            "requirements": [
                {
                    "id": 0,
                    "type": "building",
                    "name": "Operations",
                    "value": 24
                },
                {
                    "id": 51,
                    "type": "building",
                    "name": "Parsteel Generator E",
                    "value": 24
                }
            ],
            "build_costs": {
                "resources": [
                    {
                        "id": 743985951,
                        "type": "Tritanium",
                        "value": 14430
                    },
                    {
                        "id": 2614028847,
                        "type": "Dilithium",
                        "value": 14430
                    }
                ],
                "materials": [],
                "others": []
            },
            "rewards": null
        },
        {
            "level": 25,
            "power": 2700,
            "increased_power": 400,
            "build_time": 39600,
            "bonuses": [
                {
                    "id": 1,
                    "value": 4025.0
                },
                {
                    "id": 2,
                    "value": 80500.0
                }
            ],
            "required_ops_level": 50,
            "requirements": [
                {
                    "id": 0,
                    "type": "building",
                    "name": "Operations",
                    "value": 25
                },
                {
                    "id": 51,
                    "type": "building",
                    "name": "Parsteel Generator E",
                    "value": 25
                }
            ],
            "build_costs": {
                "resources": [
                    {
                        "id": 743985951,
                        "type": "Tritanium",
                        "value": 23400
                    },
                    {
                        "id": 2614028847,
                        "type": "Dilithium",
                        "value": 23400
                    }
                ],
                "materials": [],
                "others": []
            },
            "rewards": null
        },
        {
            "level": 26,
            "power": 3000,
            "increased_power": 300,
            "build_time": 54000,
            "bonuses": [
                {
                    "id": 1,
                    "value": 4175.0
                },
                {
                    "id": 2,
                    "value": 83500.0
                }
            ],
            "required_ops_level": 50,
            "requirements": [
                {
                    "id": 0,
                    "type": "building",
                    "name": "Operations",
                    "value": 26
                },
                {
                    "id": 51,
                    "type": "building",
                    "name": "Parsteel Generator E",
                    "value": 26
                }
            ],
            "build_costs": {
                "resources": [
                    {
                        "id": 743985951,
                        "type": "Tritanium",
                        "value": 36563
                    },
                    {
                        "id": 2614028847,
                        "type": "Dilithium",
                        "value": 36563
                    }
                ],
                "materials": [],
                "others": []
            },
            "rewards": null
        },
        {
            "level": 27,
            "power": 3400,
            "increased_power": 400,
            "build_time": 61200,
            "bonuses": [
                {
                    "id": 1,
                    "value": 4350.0
                },
                {
                    "id": 2,
                    "value": 87000.0
                }
            ],
            "required_ops_level": 50,
            "requirements": [
                {
                    "id": 0,
                    "type": "building",
                    "name": "Operations",
                    "value": 27
                },
                {
                    "id": 51,
                    "type": "building",
                    "name": "Parsteel Generator E",
                    "value": 27
                }
            ],
            "build_costs": {
                "resources": [
                    {
                        "id": 743985951,
                        "type": "Tritanium",
                        "value": 55800
                    },
                    {
                        "id": 2614028847,
                        "type": "Dilithium",
                        "value": 55800
                    }
                ],
                "materials": [],
                "others": []
            },
            "rewards": null
        },
        {
            "level": 28,
            "power": 3800,
            "increased_power": 400,
            "build_time": 71280,
            "bonuses": [
                {
                    "id": 1,
                    "value": 4500.0
                },
                {
                    "id": 2,
                    "value": 90000.0
                }
            ],
            "required_ops_level": 50,
            "requirements": [
                {
                    "id": 0,
                    "type": "building",
                    "name": "Operations",
                    "value": 28
                },
                {
                    "id": 51,
                    "type": "building",
                    "name": "Parsteel Generator E",
                    "value": 28
                }
            ],
            "build_costs": {
                "resources": [
                    {
                        "id": 743985951,
                        "type": "Tritanium",
                        "value": 83700
                    },
                    {
                        "id": 2614028847,
                        "type": "Dilithium",
                        "value": 83700
                    }
                ],
                "materials": [],
                "others": []
            },
            "rewards": null
        },
        {
            "level": 29,
            "power": 4300,
            "increased_power": 500,
            "build_time": 78480,
            "bonuses": [
                {
                    "id": 1,
                    "value": 4675.0
                },
                {
                    "id": 2,
                    "value": 93500.0
                }
            ],
            "required_ops_level": 50,
            "requirements": [
                {
                    "id": 0,
                    "type": "building",
                    "name": "Operations",
                    "value": 29
                },
                {
                    "id": 51,
                    "type": "building",
                    "name": "Parsteel Generator E",
                    "value": 29
                }
            ],
            "build_costs": {
                "resources": [
                    {
                        "id": 743985951,
                        "type": "Tritanium",
                        "value": 133250
                    },
                    {
                        "id": 2614028847,
                        "type": "Dilithium",
                        "value": 133250
                    }
                ],
                "materials": [],
                "others": []
            },
            "rewards": null
        },
        {
            "level": 30,
            "power": 4700,
            "increased_power": 400,
            "build_time": 84960,
            "bonuses": [
                {
                    "id": 1,
                    "value": 5400.0
                },
                {
                    "id": 2,
                    "value": 108000.0
                }
            ],
            "required_ops_level": 50,
            "requirements": [
                {
                    "id": 0,
                    "type": "building",
                    "name": "Operations",
                    "value": 30
                },
                {
                    "id": 51,
                    "type": "building",
                    "name": "Parsteel Generator E",
                    "value": 30
                }
            ],
            "build_costs": {
                "resources": [
                    {
                        "id": 743985951,
                        "type": "Tritanium",
                        "value": 195000
                    },
                    {
                        "id": 2614028847,
                        "type": "Dilithium",
                        "value": 195000
                    }
                ],
                "materials": [],
                "others": []
            },
            "rewards": null
        },
        {
            "level": 31,
            "power": 5250,
            "increased_power": 550,
            "build_time": 111600,
            "bonuses": [
                {
                    "id": 1,
                    "value": 5600.0
                },
                {
                    "id": 2,
                    "value": 112000.0
                }
            ],
            "required_ops_level": 50,
            "requirements": [
                {
                    "id": 0,
                    "type": "building",
                    "name": "Operations",
                    "value": 31
                },
                {
                    "id": 51,
                    "type": "building",
                    "name": "Parsteel Generator E",
                    "value": 31
                }
            ],
            "build_costs": {
                "resources": [
                    {
                        "id": 743985951,
                        "type": "Tritanium",
                        "value": 308250
                    },
                    {
                        "id": 2614028847,
                        "type": "Dilithium",
                        "value": 308250
                    }
                ],
                "materials": [],
                "others": []
            },
            "rewards": null
        },
        {
            "level": 32,
            "power": 5750,
            "increased_power": 500,
            "build_time": 109440,
            "bonuses": [
                {
                    "id": 1,
                    "value": 5800.0
                },
                {
                    "id": 2,
                    "value": 125280.0
                }
            ],
            "required_ops_level": 50,
            "requirements": [
                {
                    "id": 0,
                    "type": "building",
                    "name": "Operations",
                    "value": 32
                },
                {
                    "id": 51,
                    "type": "building",
                    "name": "Parsteel Generator E",
                    "value": 32
                }
            ],
            "build_costs": {
                "resources": [
                    {
                        "id": 743985951,
                        "type": "Tritanium",
                        "value": 445250
                    },
                    {
                        "id": 2614028847,
                        "type": "Dilithium",
                        "value": 445250
                    }
                ],
                "materials": [],
                "others": []
            },
            "rewards": null
        },
        {
            "level": 33,
            "power": 6500,
            "increased_power": 750,
            "build_time": 158400,
            "bonuses": [
                {
                    "id": 1,
                    "value": 6000.0
                },
                {
                    "id": 2,
                    "value": 139200.0
                }
            ],
            "required_ops_level": 50,
            "requirements": [
                {
                    "id": 0,
                    "type": "building",
                    "name": "Operations",
                    "value": 33
                },
                {
                    "id": 51,
                    "type": "building",
                    "name": "Parsteel Generator E",
                    "value": 33
                }
            ],
            "build_costs": {
                "resources": [
                    {
                        "id": 743985951,
                        "type": "Tritanium",
                        "value": 688750
                    },
                    {
                        "id": 2614028847,
                        "type": "Dilithium",
                        "value": 688750
                    }
                ],
                "materials": [],
                "others": []
            },
            "rewards": null
        },
        {
            "level": 34,
            "power": 7000,
            "increased_power": 500,
            "build_time": 210240,
            "bonuses": [
                {
                    "id": 1,
                    "value": 6200.0
                },
                {
                    "id": 2,
                    "value": 143840.0
                }
            ],
            "required_ops_level": 50,
            "requirements": [
                {
                    "id": 0,
                    "type": "building",
                    "name": "Operations",
                    "value": 34
                },
                {
                    "id": 51,
                    "type": "building",
                    "name": "Parsteel Generator E",
                    "value": 34
                }
            ],
            "build_costs": {
                "resources": [
                    {
                        "id": 743985951,
                        "type": "Tritanium",
                        "value": 1087500
                    },
                    {
                        "id": 2614028847,
                        "type": "Dilithium",
                        "value": 1087500
                    }
                ],
                "materials": [],
                "others": []
            },
            "rewards": null
        },
        {
            "level": 35,
            "power": 7750,
            "increased_power": 750,
            "build_time": 276480,
            "bonuses": [
                {
                    "id": 1,
                    "value": 7000.0
                },
                {
                    "id": 2,
                    "value": 173600.0
                }
            ],
            "required_ops_level": 50,
            "requirements": [
                {
                    "id": 0,
                    "type": "building",
                    "name": "Operations",
                    "value": 35
                },
                {
                    "id": 51,
                    "type": "building",
                    "name": "Parsteel Generator E",
                    "value": 35
                }
            ],
            "build_costs": {
                "resources": [
                    {
                        "id": 743985951,
                        "type": "Tritanium",
                        "value": 1683000
                    },
                    {
                        "id": 2614028847,
                        "type": "Dilithium",
                        "value": 1683000
                    }
                ],
                "materials": [],
                "others": []
            },
            "rewards": null
        },
        {
            "level": 36,
            "power": 8500,
            "increased_power": 750,
            "build_time": 354240,
            "bonuses": [
                {
                    "id": 1,
                    "value": 7300.0
                },
                {
                    "id": 2,
                    "value": 194180.0
                }
            ],
            "required_ops_level": 50,
            "requirements": [
                {
                    "id": 0,
                    "type": "building",
                    "name": "Operations",
                    "value": 36
                },
                {
                    "id": 51,
                    "type": "building",
                    "name": "Parsteel Generator E",
                    "value": 36
                }
            ],
            "build_costs": {
                "resources": [
                    {
                        "id": 743985951,
                        "type": "Tritanium",
                        "value": 2371500
                    },
                    {
                        "id": 2614028847,
                        "type": "Dilithium",
                        "value": 2371500
                    }
                ],
                "materials": [],
                "others": []
            },
            "rewards": null
        },
        {
            "level": 37,
            "power": 9250,
            "increased_power": 750,
            "build_time": 365760,
            "bonuses": [
                {
                    "id": 1,
                    "value": 7500.0
                },
                {
                    "id": 2,
                    "value": 199500.0
                }
            ],
            "required_ops_level": 50,
            "requirements": [
                {
                    "id": 0,
                    "type": "building",
                    "name": "Operations",
                    "value": 37
                },
                {
                    "id": 51,
                    "type": "building",
                    "name": "Parsteel Generator E",
                    "value": 37
                }
            ],
            "build_costs": {
                "resources": [
                    {
                        "id": 743985951,
                        "type": "Tritanium",
                        "value": 3645000
                    },
                    {
                        "id": 2614028847,
                        "type": "Dilithium",
                        "value": 3645000
                    }
                ],
                "materials": [],
                "others": []
            },
            "rewards": null
        },
        {
            "level": 38,
            "power": 10250,
            "increased_power": 1000,
            "build_time": 593280,
            "bonuses": [
                {
                    "id": 1,
                    "value": 7700.0
                },
                {
                    "id": 2,
                    "value": 218680.0
                }
            ],
            "required_ops_level": 50,
            "requirements": [
                {
                    "id": 0,
                    "type": "building",
                    "name": "Operations",
                    "value": 38
                },
                {
                    "id": 51,
                    "type": "building",
                    "name": "Parsteel Generator E",
                    "value": 38
                }
            ],
            "build_costs": {
                "resources": [
                    {
                        "id": 743985951,
                        "type": "Tritanium",
                        "value": 5670000
                    },
                    {
                        "id": 2614028847,
                        "type": "Dilithium",
                        "value": 5670000
                    }
                ],
                "materials": [],
                "others": []
            },
            "rewards": null
        },
        {
            "level": 39,
            "power": 11000,
            "increased_power": 750,
            "build_time": 786240,
            "bonuses": [
                {
                    "id": 1,
                    "value": 7900.0
                },
                {
                    "id": 2,
                    "value": 241740.0
                }
            ],
            "required_ops_level": 50,
            "requirements": [
                {
                    "id": 0,
                    "type": "building",
                    "name": "Operations",
                    "value": 39
                },
                {
                    "id": 51,
                    "type": "building",
                    "name": "Parsteel Generator E",
                    "value": 39
                }
            ],
            "build_costs": {
                "resources": [
                    {
                        "id": 743985951,
                        "type": "Tritanium",
                        "value": 9675000
                    },
                    {
                        "id": 2614028847,
                        "type": "Dilithium",
                        "value": 9675000
                    }
                ],
                "materials": [],
                "others": []
            },
            "rewards": null
        },
        {
            "level": 40,
            "power": 12000,
            "increased_power": 1000,
            "build_time": 1396800,
            "bonuses": [
                {
                    "id": 1,
                    "value": 8900.0
                },
                {
                    "id": 2,
                    "value": 272340.0
                }
            ],
            "required_ops_level": 50,
            "requirements": [
                {
                    "id": 0,
                    "type": "building",
                    "name": "Operations",
                    "value": 40
                },
                {
                    "id": 51,
                    "type": "building",
                    "name": "Parsteel Generator E",
                    "value": 40
                }
            ],
            "build_costs": {
                "resources": [
                    {
                        "id": 743985951,
                        "type": "Tritanium",
                        "value": 15050000
                    },
                    {
                        "id": 2614028847,
                        "type": "Dilithium",
                        "value": 15050000
                    }
                ],
                "materials": [],
                "others": []
            },
            "rewards": null
        },
        {
            "level": 41,
            "power": 13000,
            "increased_power": 1000,
            "build_time": 1308960,
            "bonuses": [
                {
                    "id": 1,
                    "value": 9100.0
                },
                {
                    "id": 2,
                    "value": 300300.0
                }
            ],
            "required_ops_level": 50,
            "requirements": [
                {
                    "id": 0,
                    "type": "building",
                    "name": "Operations",
                    "value": 41
                },
                {
                    "id": 51,
                    "type": "building",
                    "name": "Parsteel Generator E",
                    "value": 41
                }
            ],
            "build_costs": {
                "resources": [
                    {
                        "id": 743985951,
                        "type": "Tritanium",
                        "value": 21500000
                    },
                    {
                        "id": 2614028847,
                        "type": "Dilithium",
                        "value": 21500000
                    }
                ],
                "materials": [],
                "others": []
            },
            "rewards": null
        },
        {
            "level": 42,
            "power": 14000,
            "increased_power": 1000,
            "build_time": 2011680,
            "bonuses": [
                {
                    "id": 1,
                    "value": 9300.0
                },
                {
                    "id": 2,
                    "value": 336660.0
                }
            ],
            "required_ops_level": 50,
            "requirements": [
                {
                    "id": 0,
                    "type": "building",
                    "name": "Operations",
                    "value": 42
                },
                {
                    "id": 51,
                    "type": "building",
                    "name": "Parsteel Generator E",
                    "value": 42
                }
            ],
            "build_costs": {
                "resources": [
                    {
                        "id": 743985951,
                        "type": "Tritanium",
                        "value": 32025000
                    },
                    {
                        "id": 2614028847,
                        "type": "Dilithium",
                        "value": 32025000
                    }
                ],
                "materials": [],
                "others": []
            },
            "rewards": null
        },
        {
            "level": 43,
            "power": 15250,
            "increased_power": 1250,
            "build_time": 2656800,
            "bonuses": [
                {
                    "id": 1,
                    "value": 9500.0
                },
                {
                    "id": 2,
                    "value": 343900.0
                }
            ],
            "required_ops_level": 50,
            "requirements": [
                {
                    "id": 0,
                    "type": "building",
                    "name": "Operations",
                    "value": 43
                },
                {
                    "id": 51,
                    "type": "building",
                    "name": "Parsteel Generator E",
                    "value": 43
                }
            ],
            "build_costs": {
                "resources": [
                    {
                        "id": 743985951,
                        "type": "Tritanium",
                        "value": 45750000
                    },
                    {
                        "id": 2614028847,
                        "type": "Dilithium",
                        "value": 45750000
                    }
                ],
                "materials": [],
                "others": []
            },
            "rewards": null
        },
        {
            "level": 44,
            "power": 16500,
            "increased_power": 1250,
            "build_time": 3468960,
            "bonuses": [
                {
                    "id": 1,
                    "value": 9800.0
                },
                {
                    "id": 2,
                    "value": 392000.0
                }
            ],
            "required_ops_level": 50,
            "requirements": [
                {
                    "id": 0,
                    "type": "building",
                    "name": "Operations",
                    "value": 44
                },
                {
                    "id": 51,
                    "type": "building",
                    "name": "Parsteel Generator E",
                    "value": 44
                }
            ],
            "build_costs": {
                "resources": [
                    {
                        "id": 743985951,
                        "type": "Tritanium",
                        "value": 68625000
                    },
                    {
                        "id": 2614028847,
                        "type": "Dilithium",
                        "value": 68625000
                    }
                ],
                "materials": [],
                "others": []
            },
            "rewards": null
        },
        {
            "level": 45,
            "power": 17750,
            "increased_power": 1250,
            "build_time": 4478400,
            "bonuses": [
                {
                    "id": 1,
                    "value": 11300.0
                },
                {
                    "id": 2,
                    "value": 508500.0
                }
            ],
            "required_ops_level": 50,
            "requirements": [
                {
                    "id": 0,
                    "type": "building",
                    "name": "Operations",
                    "value": 45
                },
                {
                    "id": 51,
                    "type": "building",
                    "name": "Parsteel Generator E",
                    "value": 45
                }
            ],
            "build_costs": {
                "resources": [
                    {
                        "id": 743985951,
                        "type": "Tritanium",
                        "value": 97500000
                    },
                    {
                        "id": 2614028847,
                        "type": "Dilithium",
                        "value": 97500000
                    }
                ],
                "materials": [],
                "others": []
            },
            "rewards": null
        },
        {
            "level": 46,
            "power": 19000,
            "increased_power": 1250,
            "build_time": 5724000,
            "bonuses": [
                {
                    "id": 1,
                    "value": 11600.0
                },
                {
                    "id": 2,
                    "value": 522000.0
                }
            ],
            "required_ops_level": 50,
            "requirements": [
                {
                    "id": 0,
                    "type": "building",
                    "name": "Operations",
                    "value": 46
                },
                {
                    "id": 51,
                    "type": "building",
                    "name": "Parsteel Generator E",
                    "value": 46
                }
            ],
            "build_costs": {
                "resources": [
                    {
                        "id": 743985951,
                        "type": "Tritanium",
                        "value": 134062500
                    },
                    {
                        "id": 2614028847,
                        "type": "Dilithium",
                        "value": 134062500
                    }
                ],
                "materials": [],
                "others": []
            },
            "rewards": null
        },
        {
            "level": 47,
            "power": 20500,
            "increased_power": 1500,
            "build_time": 7251840,
            "bonuses": [
                {
                    "id": 1,
                    "value": 11800.0
                },
                {
                    "id": 2,
                    "value": 531000.0
                }
            ],
            "required_ops_level": 50,
            "requirements": [
                {
                    "id": 0,
                    "type": "building",
                    "name": "Operations",
                    "value": 47
                },
                {
                    "id": 51,
                    "type": "building",
                    "name": "Parsteel Generator E",
                    "value": 47
                }
            ],
            "build_costs": {
                "resources": [
                    {
                        "id": 743985951,
                        "type": "Tritanium",
                        "value": 195000000
                    },
                    {
                        "id": 2614028847,
                        "type": "Dilithium",
                        "value": 195000000
                    }
                ],
                "materials": [],
                "others": []
            },
            "rewards": null
        },
        {
            "level": 48,
            "power": 22000,
            "increased_power": 1500,
            "build_time": 9109440,
            "bonuses": [
                {
                    "id": 1,
                    "value": 12100.0
                },
                {
                    "id": 2,
                    "value": 544500.0
                }
            ],
            "required_ops_level": 50,
            "requirements": [
                {
                    "id": 0,
                    "type": "building",
                    "name": "Operations",
                    "value": 48
                },
                {
                    "id": 51,
                    "type": "building",
                    "name": "Parsteel Generator E",
                    "value": 48
                }
            ],
            "build_costs": {
                "resources": [
                    {
                        "id": 743985951,
                        "type": "Tritanium",
                        "value": 315000000
                    },
                    {
                        "id": 2614028847,
                        "type": "Dilithium",
                        "value": 315000000
                    }
                ],
                "materials": [],
                "others": []
            },
            "rewards": null
        },
        {
            "level": 49,
            "power": 23500,
            "increased_power": 1500,
            "build_time": 11358720,
            "bonuses": [
                {
                    "id": 1,
                    "value": 12300.0
                },
                {
                    "id": 2,
                    "value": 553500.0
                }
            ],
            "required_ops_level": 50,
            "requirements": [
                {
                    "id": 0,
                    "type": "building",
                    "name": "Operations",
                    "value": 49
                },
                {
                    "id": 51,
                    "type": "building",
                    "name": "Parsteel Generator E",
                    "value": 49
                }
            ],
            "build_costs": {
                "resources": [
                    {
                        "id": 743985951,
                        "type": "Tritanium",
                        "value": 525000000
                    },
                    {
                        "id": 2614028847,
                        "type": "Dilithium",
                        "value": 525000000
                    }
                ],
                "materials": [],
                "others": []
            },
            "rewards": null
        },
        {
            "level": 50,
            "power": 25000,
            "increased_power": 1500,
            "build_time": 14063040,
            "bonuses": [
                {
                    "id": 1,
                    "value": 15100.0
                },
                {
                    "id": 2,
                    "value": 679500.0
                }
            ],
            "required_ops_level": 50,
            "requirements": [
                {
                    "id": 0,
                    "type": "building",
                    "name": "Operations",
                    "value": 50
                },
                {
                    "id": 51,
                    "type": "building",
                    "name": "Parsteel Generator E",
                    "value": 50
                }
            ],
            "build_costs": {
                "resources": [
                    {
                        "id": 743985951,
                        "type": "Tritanium",
                        "value": 918750000
                    },
                    {
                        "id": 2614028847,
                        "type": "Dilithium",
                        "value": 918750000
                    }
                ],
                "materials": [],
                "others": []
            },
            "rewards": null
        },
        {
            "level": 51,
            "power": 27000,
            "increased_power": 2000,
            "build_time": 14906880,
            "bonuses": [
                {
                    "id": 1,
                    "value": 15400.0
                },
                {
                    "id": 2,
                    "value": 693000.0
                }
            ],
            "required_ops_level": 51,
            "requirements": [
                {
                    "id": 0,
                    "type": "building",
                    "name": "Operations",
                    "value": 51
                },
                {
                    "id": 51,
                    "type": "building",
                    "name": "Parsteel Generator E",
                    "value": 51
                }
            ],
            "build_costs": {
                "resources": [
                    {
                        "id": 743985951,
                        "type": "Tritanium",
                        "value": 1950000000
                    },
                    {
                        "id": 2614028847,
                        "type": "Dilithium",
                        "value": 1950000000
                    }
                ],
                "materials": [],
                "others": []
            },
            "rewards": null
        },
        {
            "level": 52,
            "power": 28500,
            "increased_power": 1500,
            "build_time": 15801120,
            "bonuses": [
                {
                    "id": 1,
                    "value": 15700.0
                },
                {
                    "id": 2,
                    "value": 706500.0
                }
            ],
            "required_ops_level": 52,
            "requirements": [
                {
                    "id": 0,
                    "type": "building",
                    "name": "Operations",
                    "value": 52
                },
                {
                    "id": 51,
                    "type": "building",
                    "name": "Parsteel Generator E",
                    "value": 52
                }
            ],
            "build_costs": {
                "resources": [
                    {
                        "id": 743985951,
                        "type": "Tritanium",
                        "value": 3315000000
                    },
                    {
                        "id": 2614028847,
                        "type": "Dilithium",
                        "value": 3315000000
                    }
                ],
                "materials": [],
                "others": []
            },
            "rewards": null
        },
        {
            "level": 53,
            "power": 30500,
            "increased_power": 2000,
            "build_time": 16748640,
            "bonuses": [
                {
                    "id": 1,
                    "value": 16000.0
                },
                {
                    "id": 2,
                    "value": 720000.0
                }
            ],
            "required_ops_level": 53,
            "requirements": [
                {
                    "id": 0,
                    "type": "building",
                    "name": "Operations",
                    "value": 53
                },
                {
                    "id": 51,
                    "type": "building",
                    "name": "Parsteel Generator E",
                    "value": 53
                }
            ],
            "build_costs": {
                "resources": [
                    {
                        "id": 743985951,
                        "type": "Tritanium",
                        "value": 5800000000
                    },
                    {
                        "id": 2614028847,
                        "type": "Dilithium",
                        "value": 5800000000
                    }
                ],
                "materials": [],
                "others": []
            },
            "rewards": null
        },
        {
            "level": 54,
            "power": 32500,
            "increased_power": 2000,
            "build_time": 17753760,
            "bonuses": [
                {
                    "id": 1,
                    "value": 16300.0
                },
                {
                    "id": 2,
                    "value": 733500.0
                }
            ],
            "required_ops_level": 54,
            "requirements": [
                {
                    "id": 0,
                    "type": "building",
                    "name": "Operations",
                    "value": 54
                },
                {
                    "id": 51,
                    "type": "building",
                    "name": "Parsteel Generator E",
                    "value": 54
                }
            ],
            "build_costs": {
                "resources": [
                    {
                        "id": 743985951,
                        "type": "Tritanium",
                        "value": 8700000000
                    },
                    {
                        "id": 2614028847,
                        "type": "Dilithium",
                        "value": 8700000000
                    }
                ],
                "materials": [],
                "others": []
            },
            "rewards": null
        },
        {
            "level": 55,
            "power": 34500,
            "increased_power": 2000,
            "build_time": 18819360,
            "bonuses": [
                {
                    "id": 1,
                    "value": 19400.0
                },
                {
                    "id": 2,
                    "value": 873000.0
                }
            ],
            "required_ops_level": 55,
            "requirements": [
                {
                    "id": 0,
                    "type": "building",
                    "name": "Operations",
                    "value": 55
                },
                {
                    "id": 51,
                    "type": "building",
                    "name": "Parsteel Generator E",
                    "value": 55
                }
            ],
            "build_costs": {
                "resources": [
                    {
                        "id": 743985951,
                        "type": "Tritanium",
                        "value": 13650000000
                    },
                    {
                        "id": 2614028847,
                        "type": "Dilithium",
                        "value": 13650000000
                    }
                ],
                "materials": [],
                "others": []
            },
            "rewards": null
        },
        {
            "level": 56,
            "power": 36500,
            "increased_power": 2000,
            "build_time": 19948320,
            "bonuses": [
                {
                    "id": 1,
                    "value": 19800.0
                },
                {
                    "id": 2,
                    "value": 891000.0
                }
            ],
            "required_ops_level": 56,
            "requirements": [
                {
                    "id": 0,
                    "type": "building",
                    "name": "Operations",
                    "value": 56
                },
                {
                    "id": 51,
                    "type": "building",
                    "name": "Parsteel Generator E",
                    "value": 56
                }
            ],
            "build_costs": {
                "resources": [
                    {
                        "id": 743985951,
                        "type": "Tritanium",
                        "value": 21450000000
                    },
                    {
                        "id": 2614028847,
                        "type": "Dilithium",
                        "value": 21450000000
                    }
                ],
                "materials": [],
                "others": []
            },
            "rewards": null
        },
        {
            "level": 57,
            "power": 38500,
            "increased_power": 2000,
            "build_time": 21144960,
            "bonuses": [
                {
                    "id": 1,
                    "value": 20000.0
                },
                {
                    "id": 2,
                    "value": 900000.0
                }
            ],
            "required_ops_level": 57,
            "requirements": [
                {
                    "id": 0,
                    "type": "building",
                    "name": "Operations",
                    "value": 57
                },
                {
                    "id": 51,
                    "type": "building",
                    "name": "Parsteel Generator E",
                    "value": 57
                }
            ],
            "build_costs": {
                "resources": [
                    {
                        "id": 743985951,
                        "type": "Tritanium",
                        "value": 33580000000
                    },
                    {
                        "id": 2614028847,
                        "type": "Dilithium",
                        "value": 33580000000
                    }
                ],
                "materials": [],
                "others": []
            },
            "rewards": null
        },
        {
            "level": 58,
            "power": 41000,
            "increased_power": 2500,
            "build_time": 22413600,
            "bonuses": [
                {
                    "id": 1,
                    "value": 20500.0
                },
                {
                    "id": 2,
                    "value": 922500.0
                }
            ],
            "required_ops_level": 58,
            "requirements": [
                {
                    "id": 0,
                    "type": "building",
                    "name": "Operations",
                    "value": 58
                },
                {
                    "id": 51,
                    "type": "building",
                    "name": "Parsteel Generator E",
                    "value": 58
                }
            ],
            "build_costs": {
                "resources": [
                    {
                        "id": 743985951,
                        "type": "Tritanium",
                        "value": 52560000000
                    },
                    {
                        "id": 2614028847,
                        "type": "Dilithium",
                        "value": 52560000000
                    }
                ],
                "materials": [],
                "others": []
            },
            "rewards": null
        },
        {
            "level": 59,
            "power": 43500,
            "increased_power": 2500,
            "build_time": 23758560,
            "bonuses": [
                {
                    "id": 1,
                    "value": 20750.0
                },
                {
                    "id": 2,
                    "value": 933750.0
                }
            ],
            "required_ops_level": 59,
            "requirements": [
                {
                    "id": 0,
                    "type": "building",
                    "name": "Operations",
                    "value": 59
                },
                {
                    "id": 51,
                    "type": "building",
                    "name": "Parsteel Generator E",
                    "value": 59
                }
            ],
            "build_costs": {
                "resources": [
                    {
                        "id": 743985951,
                        "type": "Tritanium",
                        "value": 78840000000
                    },
                    {
                        "id": 2614028847,
                        "type": "Dilithium",
                        "value": 78840000000
                    }
                ],
                "materials": [],
                "others": []
            },
            "rewards": null
        },
        {
            "level": 60,
            "power": 46000,
            "increased_power": 2500,
            "build_time": 25184160,
            "bonuses": [
                {
                    "id": 1,
                    "value": 24250.0
                },
                {
                    "id": 2,
                    "value": 1091250.0
                }
            ],
            "required_ops_level": 60,
            "requirements": [
                {
                    "id": 0,
                    "type": "building",
                    "name": "Operations",
                    "value": 60
                },
                {
                    "id": 51,
                    "type": "building",
                    "name": "Parsteel Generator E",
                    "value": 60
                }
            ],
            "build_costs": {
                "resources": [
                    {
                        "id": 743985951,
                        "type": "Tritanium",
                        "value": 123125000000
                    },
                    {
                        "id": 2614028847,
                        "type": "Dilithium",
                        "value": 123125000000
                    }
                ],
                "materials": [],
                "others": []
            },
            "rewards": null
        }
    ]
}