{
    "id": 6,
    "name": "Tritanium Generator B",
    "description": "Produces Tritanium, an alloy many times harder than diamond, used to costruct mighty ships. Upgrading Tritanium Generators increases the amount of Tritanium that is produced.",
    "group": 7,
    "start_level": 0,
    "bonuses": [
        {
            "id": 1,
            "name": "Tritanium Production",
            "is_percentage": false
        },
        {
            "id": 2,
            "name": "Tritanium Storage",
            "is_percentage": false
        }
    ],
    "levels": [
        {
            "level": 1,
            "power": 10,
            "increased_power": 10,
            "build_time": 30,
            "bonuses": [
                {
                    "id": 1,
                    "value": 15.0
                },
                {
                    "id": 2,
                    "value": 8.0
                }
            ],
            "required_ops_level": 7,
            "requirements": [
                {
                    "id": 0,
                    "type": "building",
                    "name": "Operations",
                    "value": 7
                },
                {
                    "id": 5,
                    "type": "building",
                    "name": "Tritanium Generator A",
                    "value": 1
                }
            ],
            "build_costs": {
                "resources": [
                    {
                        "id": 2325683920,
                        "type": "Parsteel",
                        "value": 300
                    }
                ],
                "materials": [],
                "others": []
            },
            "rewards": null
        },
        {
            "level": 2,
            "power": 20,
            "increased_power": 10,
            "build_time": 60,
            "bonuses": [
                {
                    "id": 1,
                    "value": 30.0
                },
                {
                    "id": 2,
                    "value": 30.0
                }
            ],
            "required_ops_level": 7,
            "requirements": [
                {
                    "id": 0,
                    "type": "building",
                    "name": "Operations",
                    "value": 7
                },
                {
                    "id": 5,
                    "type": "building",
                    "name": "Tritanium Generator A",
                    "value": 2
                }
            ],
            "build_costs": {
                "resources": [
                    {
                        "id": 2325683920,
                        "type": "Parsteel",
                        "value": 400
                    }
                ],
                "materials": [],
                "others": []
            },
            "rewards": null
        },
        {
            "level": 3,
            "power": 32,
            "increased_power": 12,
            "build_time": 120,
            "bonuses": [
                {
                    "id": 1,
                    "value": 45.0
                },
                {
                    "id": 2,
                    "value": 68.0
                }
            ],
            "required_ops_level": 7,
            "requirements": [
                {
                    "id": 0,
                    "type": "building",
                    "name": "Operations",
                    "value": 7
                },
                {
                    "id": 5,
                    "type": "building",
                    "name": "Tritanium Generator A",
                    "value": 3
                }
            ],
            "build_costs": {
                "resources": [
                    {
                        "id": 2325683920,
                        "type": "Parsteel",
                        "value": 600
                    }
                ],
                "materials": [],
                "others": []
            },
            "rewards": null
        },
        {
            "level": 4,
            "power": 45,
            "increased_power": 13,
            "build_time": 150,
            "bonuses": [
                {
                    "id": 1,
                    "value": 60.0
                },
                {
                    "id": 2,
                    "value": 150.0
                }
            ],
            "required_ops_level": 7,
            "requirements": [
                {
                    "id": 0,
                    "type": "building",
                    "name": "Operations",
                    "value": 7
                },
                {
                    "id": 5,
                    "type": "building",
                    "name": "Tritanium Generator A",
                    "value": 4
                }
            ],
            "build_costs": {
                "resources": [
                    {
                        "id": 2325683920,
                        "type": "Parsteel",
                        "value": 1000
                    }
                ],
                "materials": [],
                "others": []
            },
            "rewards": null
        },
        {
            "level": 5,
            "power": 60,
            "increased_power": 15,
            "build_time": 270,
            "bonuses": [
                {
                    "id": 1,
                    "value": 75.0
                },
                {
                    "id": 2,
                    "value": 225.0
                }
            ],
            "required_ops_level": 7,
            "requirements": [
                {
                    "id": 0,
                    "type": "building",
                    "name": "Operations",
                    "value": 7
                },
                {
                    "id": 5,
                    "type": "building",
                    "name": "Tritanium Generator A",
                    "value": 5
                }
            ],
            "build_costs": {
                "resources": [
                    {
                        "id": 2325683920,
                        "type": "Parsteel",
                        "value": 1600
                    }
                ],
                "materials": [],
                "others": []
            },
            "rewards": null
        },
        {
            "level": 6,
            "power": 80,
            "increased_power": 20,
            "build_time": 450,
            "bonuses": [
                {
                    "id": 1,
                    "value": 91.0
                },
                {
                    "id": 2,
                    "value": 320.0
                }
            ],
            "required_ops_level": 7,
            "requirements": [
                {
                    "id": 0,
                    "type": "building",
                    "name": "Operations",
                    "value": 7
                },
                {
                    "id": 5,
                    "type": "building",
                    "name": "Tritanium Generator A",
                    "value": 6
                }
            ],
            "build_costs": {
                "resources": [
                    {
                        "id": 2325683920,
                        "type": "Parsteel",
                        "value": 2500
                    }
                ],
                "materials": [],
                "others": []
            },
            "rewards": null
        },
        {
            "level": 7,
            "power": 100,
            "increased_power": 20,
            "build_time": 840,
            "bonuses": [
                {
                    "id": 1,
                    "value": 105.0
                },
                {
                    "id": 2,
                    "value": 420.0
                }
            ],
            "required_ops_level": 7,
            "requirements": [
                {
                    "id": 0,
                    "type": "building",
                    "name": "Operations",
                    "value": 7
                },
                {
                    "id": 5,
                    "type": "building",
                    "name": "Tritanium Generator A",
                    "value": 7
                }
            ],
            "build_costs": {
                "resources": [
                    {
                        "id": 2325683920,
                        "type": "Parsteel",
                        "value": 3500
                    }
                ],
                "materials": [],
                "others": []
            },
            "rewards": null
        },
        {
            "level": 8,
            "power": 130,
            "increased_power": 30,
            "build_time": 1200,
            "bonuses": [
                {
                    "id": 1,
                    "value": 120.0
                },
                {
                    "id": 2,
                    "value": 600.0
                }
            ],
            "required_ops_level": 8,
            "requirements": [
                {
                    "id": 0,
                    "type": "building",
                    "name": "Operations",
                    "value": 8
                },
                {
                    "id": 5,
                    "type": "building",
                    "name": "Tritanium Generator A",
                    "value": 8
                }
            ],
            "build_costs": {
                "resources": [
                    {
                        "id": 2325683920,
                        "type": "Parsteel",
                        "value": 4250
                    }
                ],
                "materials": [],
                "others": []
            },
            "rewards": null
        },
        {
            "level": 9,
            "power": 170,
            "increased_power": 40,
            "build_time": 1800,
            "bonuses": [
                {
                    "id": 1,
                    "value": 135.0
                },
                {
                    "id": 2,
                    "value": 740.0
                }
            ],
            "required_ops_level": 9,
            "requirements": [
                {
                    "id": 0,
                    "type": "building",
                    "name": "Operations",
                    "value": 9
                },
                {
                    "id": 5,
                    "type": "building",
                    "name": "Tritanium Generator A",
                    "value": 9
                }
            ],
            "build_costs": {
                "resources": [
                    {
                        "id": 2325683920,
                        "type": "Parsteel",
                        "value": 5000
                    }
                ],
                "materials": [],
                "others": []
            },
            "rewards": null
        },
        {
            "level": 10,
            "power": 210,
            "increased_power": 40,
            "build_time": 1920,
            "bonuses": [
                {
                    "id": 1,
                    "value": 180.0
                },
                {
                    "id": 2,
                    "value": 1080.0
                }
            ],
            "required_ops_level": 10,
            "requirements": [
                {
                    "id": 0,
                    "type": "building",
                    "name": "Operations",
                    "value": 10
                },
                {
                    "id": 5,
                    "type": "building",
                    "name": "Tritanium Generator A",
                    "value": 10
                }
            ],
            "build_costs": {
                "resources": [
                    {
                        "id": 2325683920,
                        "type": "Parsteel",
                        "value": 6000
                    }
                ],
                "materials": [],
                "others": []
            },
            "rewards": null
        },
        {
            "level": 11,
            "power": 260,
            "increased_power": 50,
            "build_time": 2040,
            "bonuses": [
                {
                    "id": 1,
                    "value": 200.0
                },
                {
                    "id": 2,
                    "value": 1400.0
                }
            ],
            "required_ops_level": 11,
            "requirements": [
                {
                    "id": 0,
                    "type": "building",
                    "name": "Operations",
                    "value": 11
                },
                {
                    "id": 5,
                    "type": "building",
                    "name": "Tritanium Generator A",
                    "value": 11
                }
            ],
            "build_costs": {
                "resources": [
                    {
                        "id": 2325683920,
                        "type": "Parsteel",
                        "value": 6800
                    },
                    {
                        "id": 2614028847,
                        "type": "Dilithium",
                        "value": 8
                    }
                ],
                "materials": [],
                "others": []
            },
            "rewards": null
        },
        {
            "level": 12,
            "power": 330,
            "increased_power": 70,
            "build_time": 3720,
            "bonuses": [
                {
                    "id": 1,
                    "value": 220.0
                },
                {
                    "id": 2,
                    "value": 1650.0
                }
            ],
            "required_ops_level": 12,
            "requirements": [
                {
                    "id": 0,
                    "type": "building",
                    "name": "Operations",
                    "value": 12
                },
                {
                    "id": 5,
                    "type": "building",
                    "name": "Tritanium Generator A",
                    "value": 12
                }
            ],
            "build_costs": {
                "resources": [
                    {
                        "id": 2325683920,
                        "type": "Parsteel",
                        "value": 9350
                    },
                    {
                        "id": 2614028847,
                        "type": "Dilithium",
                        "value": 22
                    }
                ],
                "materials": [],
                "others": []
            },
            "rewards": null
        },
        {
            "level": 13,
            "power": 400,
            "increased_power": 70,
            "build_time": 5400,
            "bonuses": [
                {
                    "id": 1,
                    "value": 235.0
                },
                {
                    "id": 2,
                    "value": 2000.0
                }
            ],
            "required_ops_level": 13,
            "requirements": [
                {
                    "id": 0,
                    "type": "building",
                    "name": "Operations",
                    "value": 13
                },
                {
                    "id": 5,
                    "type": "building",
                    "name": "Tritanium Generator A",
                    "value": 13
                }
            ],
            "build_costs": {
                "resources": [
                    {
                        "id": 2325683920,
                        "type": "Parsteel",
                        "value": 13600
                    },
                    {
                        "id": 2614028847,
                        "type": "Dilithium",
                        "value": 48
                    }
                ],
                "materials": [],
                "others": []
            },
            "rewards": null
        },
        {
            "level": 14,
            "power": 490,
            "increased_power": 90,
            "build_time": 7800,
            "bonuses": [
                {
                    "id": 1,
                    "value": 255.0
                },
                {
                    "id": 2,
                    "value": 2300.0
                }
            ],
            "required_ops_level": 14,
            "requirements": [
                {
                    "id": 0,
                    "type": "building",
                    "name": "Operations",
                    "value": 14
                },
                {
                    "id": 5,
                    "type": "building",
                    "name": "Tritanium Generator A",
                    "value": 14
                }
            ],
            "build_costs": {
                "resources": [
                    {
                        "id": 2325683920,
                        "type": "Parsteel",
                        "value": 18700
                    },
                    {
                        "id": 2614028847,
                        "type": "Dilithium",
                        "value": 88
                    }
                ],
                "materials": [],
                "others": []
            },
            "rewards": null
        },
        {
            "level": 15,
            "power": 575,
            "increased_power": 85,
            "build_time": 9900,
            "bonuses": [
                {
                    "id": 1,
                    "value": 275.0
                },
                {
                    "id": 2,
                    "value": 2750.0
                }
            ],
            "required_ops_level": 15,
            "requirements": [
                {
                    "id": 0,
                    "type": "building",
                    "name": "Operations",
                    "value": 15
                },
                {
                    "id": 5,
                    "type": "building",
                    "name": "Tritanium Generator A",
                    "value": 15
                }
            ],
            "build_costs": {
                "resources": [
                    {
                        "id": 2325683920,
                        "type": "Parsteel",
                        "value": 25500
                    },
                    {
                        "id": 2614028847,
                        "type": "Dilithium",
                        "value": 150
                    }
                ],
                "materials": [],
                "others": []
            },
            "rewards": null
        },
        {
            "level": 16,
            "power": 700,
            "increased_power": 125,
            "build_time": 11700,
            "bonuses": [
                {
                    "id": 1,
                    "value": 290.0
                },
                {
                    "id": 2,
                    "value": 3200.0
                }
            ],
            "required_ops_level": 16,
            "requirements": [
                {
                    "id": 0,
                    "type": "building",
                    "name": "Operations",
                    "value": 16
                },
                {
                    "id": 5,
                    "type": "building",
                    "name": "Tritanium Generator A",
                    "value": 16
                }
            ],
            "build_costs": {
                "resources": [
                    {
                        "id": 2325683920,
                        "type": "Parsteel",
                        "value": 34000
                    },
                    {
                        "id": 2614028847,
                        "type": "Dilithium",
                        "value": 200
                    }
                ],
                "materials": [],
                "others": []
            },
            "rewards": null
        },
        {
            "level": 17,
            "power": 825,
            "increased_power": 125,
            "build_time": 12600,
            "bonuses": [
                {
                    "id": 1,
                    "value": 310.0
                },
                {
                    "id": 2,
                    "value": 3575.0
                }
            ],
            "required_ops_level": 17,
            "requirements": [
                {
                    "id": 0,
                    "type": "building",
                    "name": "Operations",
                    "value": 17
                },
                {
                    "id": 5,
                    "type": "building",
                    "name": "Tritanium Generator A",
                    "value": 17
                }
            ],
            "build_costs": {
                "resources": [
                    {
                        "id": 2325683920,
                        "type": "Parsteel",
                        "value": 47600
                    },
                    {
                        "id": 2614028847,
                        "type": "Dilithium",
                        "value": 280
                    }
                ],
                "materials": [],
                "others": []
            },
            "rewards": null
        },
        {
            "level": 18,
            "power": 975,
            "increased_power": 150,
            "build_time": 19200,
            "bonuses": [
                {
                    "id": 1,
                    "value": 330.0
                },
                {
                    "id": 2,
                    "value": 4125.0
                }
            ],
            "required_ops_level": 18,
            "requirements": [
                {
                    "id": 0,
                    "type": "building",
                    "name": "Operations",
                    "value": 18
                },
                {
                    "id": 5,
                    "type": "building",
                    "name": "Tritanium Generator A",
                    "value": 18
                }
            ],
            "build_costs": {
                "resources": [
                    {
                        "id": 2325683920,
                        "type": "Parsteel",
                        "value": 68000
                    },
                    {
                        "id": 2614028847,
                        "type": "Dilithium",
                        "value": 400
                    }
                ],
                "materials": [],
                "others": []
            },
            "rewards": null
        },
        {
            "level": 19,
            "power": 1150,
            "increased_power": 175,
            "build_time": 28080,
            "bonuses": [
                {
                    "id": 1,
                    "value": 345.0
                },
                {
                    "id": 2,
                    "value": 4475.0
                }
            ],
            "required_ops_level": 19,
            "requirements": [
                {
                    "id": 0,
                    "type": "building",
                    "name": "Operations",
                    "value": 19
                },
                {
                    "id": 5,
                    "type": "building",
                    "name": "Tritanium Generator A",
                    "value": 19
                }
            ],
            "build_costs": {
                "resources": [
                    {
                        "id": 2325683920,
                        "type": "Parsteel",
                        "value": 102000
                    },
                    {
                        "id": 2614028847,
                        "type": "Dilithium",
                        "value": 600
                    }
                ],
                "materials": [],
                "others": []
            },
            "rewards": null
        },
        {
            "level": 20,
            "power": 1350,
            "increased_power": 200,
            "build_time": 41760,
            "bonuses": [
                {
                    "id": 1,
                    "value": 425.0
                },
                {
                    "id": 2,
                    "value": 6000.0
                }
            ],
            "required_ops_level": 20,
            "requirements": [
                {
                    "id": 0,
                    "type": "building",
                    "name": "Operations",
                    "value": 20
                },
                {
                    "id": 5,
                    "type": "building",
                    "name": "Tritanium Generator A",
                    "value": 20
                }
            ],
            "build_costs": {
                "resources": [
                    {
                        "id": 2325683920,
                        "type": "Parsteel",
                        "value": 144500
                    },
                    {
                        "id": 2614028847,
                        "type": "Dilithium",
                        "value": 850
                    }
                ],
                "materials": [],
                "others": []
            },
            "rewards": null
        },
        {
            "level": 21,
            "power": 1600,
            "increased_power": 250,
            "build_time": 38160,
            "bonuses": [
                {
                    "id": 1,
                    "value": 450.0
                },
                {
                    "id": 2,
                    "value": 6300.0
                }
            ],
            "required_ops_level": 21,
            "requirements": [
                {
                    "id": 0,
                    "type": "building",
                    "name": "Operations",
                    "value": 21
                },
                {
                    "id": 5,
                    "type": "building",
                    "name": "Tritanium Generator A",
                    "value": 21
                }
            ],
            "build_costs": {
                "resources": [
                    {
                        "id": 2325683920,
                        "type": "Parsteel",
                        "value": 243270
                    },
                    {
                        "id": 2614028847,
                        "type": "Dilithium",
                        "value": 1431
                    }
                ],
                "materials": [],
                "others": []
            },
            "rewards": null
        },
        {
            "level": 22,
            "power": 1800,
            "increased_power": 200,
            "build_time": 59040,
            "bonuses": [
                {
                    "id": 1,
                    "value": 470.0
                },
                {
                    "id": 2,
                    "value": 6600.0
                }
            ],
            "required_ops_level": 22,
            "requirements": [
                {
                    "id": 0,
                    "type": "building",
                    "name": "Operations",
                    "value": 22
                },
                {
                    "id": 5,
                    "type": "building",
                    "name": "Tritanium Generator A",
                    "value": 22
                }
            ],
            "build_costs": {
                "resources": [
                    {
                        "id": 2325683920,
                        "type": "Parsteel",
                        "value": 378420
                    },
                    {
                        "id": 2614028847,
                        "type": "Dilithium",
                        "value": 2226
                    }
                ],
                "materials": [],
                "others": []
            },
            "rewards": null
        },
        {
            "level": 23,
            "power": 2100,
            "increased_power": 300,
            "build_time": 69840,
            "bonuses": [
                {
                    "id": 1,
                    "value": 490.0
                },
                {
                    "id": 2,
                    "value": 6900.0
                }
            ],
            "required_ops_level": 23,
            "requirements": [
                {
                    "id": 0,
                    "type": "building",
                    "name": "Operations",
                    "value": 23
                },
                {
                    "id": 5,
                    "type": "building",
                    "name": "Tritanium Generator A",
                    "value": 23
                }
            ],
            "build_costs": {
                "resources": [
                    {
                        "id": 2325683920,
                        "type": "Parsteel",
                        "value": 622710
                    },
                    {
                        "id": 2614028847,
                        "type": "Dilithium",
                        "value": 3663
                    }
                ],
                "materials": [],
                "others": []
            },
            "rewards": null
        },
        {
            "level": 24,
            "power": 2300,
            "increased_power": 200,
            "build_time": 85680,
            "bonuses": [
                {
                    "id": 1,
                    "value": 510.0
                },
                {
                    "id": 2,
                    "value": 7100.0
                }
            ],
            "required_ops_level": 24,
            "requirements": [
                {
                    "id": 0,
                    "type": "building",
                    "name": "Operations",
                    "value": 24
                },
                {
                    "id": 5,
                    "type": "building",
                    "name": "Tritanium Generator A",
                    "value": 24
                }
            ],
            "build_costs": {
                "resources": [
                    {
                        "id": 2325683920,
                        "type": "Parsteel",
                        "value": 981240
                    },
                    {
                        "id": 2614028847,
                        "type": "Dilithium",
                        "value": 5772
                    }
                ],
                "materials": [],
                "others": []
            },
            "rewards": null
        },
        {
            "level": 25,
            "power": 2700,
            "increased_power": 400,
            "build_time": 79200,
            "bonuses": [
                {
                    "id": 1,
                    "value": 610.0
                },
                {
                    "id": 2,
                    "value": 8500.0
                }
            ],
            "required_ops_level": 25,
            "requirements": [
                {
                    "id": 0,
                    "type": "building",
                    "name": "Operations",
                    "value": 25
                },
                {
                    "id": 5,
                    "type": "building",
                    "name": "Tritanium Generator A",
                    "value": 25
                }
            ],
            "build_costs": {
                "resources": [
                    {
                        "id": 2325683920,
                        "type": "Parsteel",
                        "value": 1591200
                    },
                    {
                        "id": 2614028847,
                        "type": "Dilithium",
                        "value": 9360
                    }
                ],
                "materials": [],
                "others": []
            },
            "rewards": null
        },
        {
            "level": 26,
            "power": 3000,
            "increased_power": 300,
            "build_time": 108000,
            "bonuses": [
                {
                    "id": 1,
                    "value": 640.0
                },
                {
                    "id": 2,
                    "value": 9000.0
                }
            ],
            "required_ops_level": 26,
            "requirements": [
                {
                    "id": 0,
                    "type": "building",
                    "name": "Operations",
                    "value": 26
                },
                {
                    "id": 5,
                    "type": "building",
                    "name": "Tritanium Generator A",
                    "value": 26
                }
            ],
            "build_costs": {
                "resources": [
                    {
                        "id": 2325683920,
                        "type": "Parsteel",
                        "value": 2486250
                    },
                    {
                        "id": 2614028847,
                        "type": "Dilithium",
                        "value": 14625
                    }
                ],
                "materials": [],
                "others": []
            },
            "rewards": null
        },
        {
            "level": 27,
            "power": 3400,
            "increased_power": 400,
            "build_time": 122400,
            "bonuses": [
                {
                    "id": 1,
                    "value": 660.0
                },
                {
                    "id": 2,
                    "value": 9200.0
                }
            ],
            "required_ops_level": 27,
            "requirements": [
                {
                    "id": 0,
                    "type": "building",
                    "name": "Operations",
                    "value": 27
                },
                {
                    "id": 5,
                    "type": "building",
                    "name": "Tritanium Generator A",
                    "value": 27
                }
            ],
            "build_costs": {
                "resources": [
                    {
                        "id": 2325683920,
                        "type": "Parsteel",
                        "value": 3794400
                    },
                    {
                        "id": 2614028847,
                        "type": "Dilithium",
                        "value": 22320
                    }
                ],
                "materials": [],
                "others": []
            },
            "rewards": null
        },
        {
            "level": 28,
            "power": 3800,
            "increased_power": 400,
            "build_time": 142560,
            "bonuses": [
                {
                    "id": 1,
                    "value": 680.0
                },
                {
                    "id": 2,
                    "value": 9500.0
                }
            ],
            "required_ops_level": 28,
            "requirements": [
                {
                    "id": 0,
                    "type": "building",
                    "name": "Operations",
                    "value": 28
                },
                {
                    "id": 5,
                    "type": "building",
                    "name": "Tritanium Generator A",
                    "value": 28
                }
            ],
            "build_costs": {
                "resources": [
                    {
                        "id": 2325683920,
                        "type": "Parsteel",
                        "value": 5691600
                    },
                    {
                        "id": 2614028847,
                        "type": "Dilithium",
                        "value": 33480
                    }
                ],
                "materials": [],
                "others": []
            },
            "rewards": null
        },
        {
            "level": 29,
            "power": 4300,
            "increased_power": 500,
            "build_time": 156960,
            "bonuses": [
                {
                    "id": 1,
                    "value": 710.0
                },
                {
                    "id": 2,
                    "value": 9900.0
                }
            ],
            "required_ops_level": 29,
            "requirements": [
                {
                    "id": 0,
                    "type": "building",
                    "name": "Operations",
                    "value": 29
                },
                {
                    "id": 5,
                    "type": "building",
                    "name": "Tritanium Generator A",
                    "value": 29
                }
            ],
            "build_costs": {
                "resources": [
                    {
                        "id": 2325683920,
                        "type": "Parsteel",
                        "value": 9061000
                    },
                    {
                        "id": 2614028847,
                        "type": "Dilithium",
                        "value": 53300
                    }
                ],
                "materials": [],
                "others": []
            },
            "rewards": null
        },
        {
            "level": 30,
            "power": 4700,
            "increased_power": 400,
            "build_time": 169920,
            "bonuses": [
                {
                    "id": 1,
                    "value": 820.0
                },
                {
                    "id": 2,
                    "value": 11500.0
                }
            ],
            "required_ops_level": 30,
            "requirements": [
                {
                    "id": 0,
                    "type": "building",
                    "name": "Operations",
                    "value": 30
                },
                {
                    "id": 5,
                    "type": "building",
                    "name": "Tritanium Generator A",
                    "value": 30
                }
            ],
            "build_costs": {
                "resources": [
                    {
                        "id": 2325683920,
                        "type": "Parsteel",
                        "value": 13260000
                    },
                    {
                        "id": 2614028847,
                        "type": "Dilithium",
                        "value": 78000
                    }
                ],
                "materials": [],
                "others": []
            },
            "rewards": null
        },
        {
            "level": 31,
            "power": 5250,
            "increased_power": 550,
            "build_time": 223200,
            "bonuses": [
                {
                    "id": 1,
                    "value": 850.0
                },
                {
                    "id": 2,
                    "value": 11900.0
                }
            ],
            "required_ops_level": 31,
            "requirements": [
                {
                    "id": 0,
                    "type": "building",
                    "name": "Operations",
                    "value": 31
                },
                {
                    "id": 5,
                    "type": "building",
                    "name": "Tritanium Generator A",
                    "value": 31
                }
            ],
            "build_costs": {
                "resources": [
                    {
                        "id": 2325683920,
                        "type": "Parsteel",
                        "value": 20961000
                    },
                    {
                        "id": 2614028847,
                        "type": "Dilithium",
                        "value": 123300
                    }
                ],
                "materials": [],
                "others": []
            },
            "rewards": null
        },
        {
            "level": 32,
            "power": 5750,
            "increased_power": 500,
            "build_time": 218880,
            "bonuses": [
                {
                    "id": 1,
                    "value": 880.0
                },
                {
                    "id": 2,
                    "value": 13284.0
                }
            ],
            "required_ops_level": 32,
            "requirements": [
                {
                    "id": 0,
                    "type": "building",
                    "name": "Operations",
                    "value": 32
                },
                {
                    "id": 5,
                    "type": "building",
                    "name": "Tritanium Generator A",
                    "value": 32
                }
            ],
            "build_costs": {
                "resources": [
                    {
                        "id": 2325683920,
                        "type": "Parsteel",
                        "value": 30277000
                    },
                    {
                        "id": 2614028847,
                        "type": "Dilithium",
                        "value": 178100
                    }
                ],
                "materials": [],
                "others": []
            },
            "rewards": null
        },
        {
            "level": 33,
            "power": 6500,
            "increased_power": 750,
            "build_time": 316800,
            "bonuses": [
                {
                    "id": 1,
                    "value": 910.0
                },
                {
                    "id": 2,
                    "value": 14732.0
                }
            ],
            "required_ops_level": 33,
            "requirements": [
                {
                    "id": 0,
                    "type": "building",
                    "name": "Operations",
                    "value": 33
                },
                {
                    "id": 5,
                    "type": "building",
                    "name": "Tritanium Generator A",
                    "value": 33
                }
            ],
            "build_costs": {
                "resources": [
                    {
                        "id": 2325683920,
                        "type": "Parsteel",
                        "value": 46835000
                    },
                    {
                        "id": 2614028847,
                        "type": "Dilithium",
                        "value": 275500
                    }
                ],
                "materials": [],
                "others": []
            },
            "rewards": null
        },
        {
            "level": 34,
            "power": 7000,
            "increased_power": 500,
            "build_time": 420480,
            "bonuses": [
                {
                    "id": 1,
                    "value": 940.0
                },
                {
                    "id": 2,
                    "value": 15312.0
                }
            ],
            "required_ops_level": 34,
            "requirements": [
                {
                    "id": 0,
                    "type": "building",
                    "name": "Operations",
                    "value": 34
                },
                {
                    "id": 5,
                    "type": "building",
                    "name": "Tritanium Generator A",
                    "value": 34
                }
            ],
            "build_costs": {
                "resources": [
                    {
                        "id": 2325683920,
                        "type": "Parsteel",
                        "value": 73950000
                    },
                    {
                        "id": 2614028847,
                        "type": "Dilithium",
                        "value": 435000
                    }
                ],
                "materials": [],
                "others": []
            },
            "rewards": null
        },
        {
            "level": 35,
            "power": 7750,
            "increased_power": 750,
            "build_time": 552960,
            "bonuses": [
                {
                    "id": 1,
                    "value": 1070.0
                },
                {
                    "id": 2,
                    "value": 18600.0
                }
            ],
            "required_ops_level": 35,
            "requirements": [
                {
                    "id": 0,
                    "type": "building",
                    "name": "Operations",
                    "value": 35
                },
                {
                    "id": 5,
                    "type": "building",
                    "name": "Tritanium Generator A",
                    "value": 35
                }
            ],
            "build_costs": {
                "resources": [
                    {
                        "id": 2325683920,
                        "type": "Parsteel",
                        "value": 114444000
                    },
                    {
                        "id": 2614028847,
                        "type": "Dilithium",
                        "value": 673200
                    }
                ],
                "materials": [],
                "others": []
            },
            "rewards": null
        },
        {
            "level": 36,
            "power": 8500,
            "increased_power": 750,
            "build_time": 707040,
            "bonuses": [
                {
                    "id": 1,
                    "value": 1100.0
                },
                {
                    "id": 2,
                    "value": 20482.0
                }
            ],
            "required_ops_level": 36,
            "requirements": [
                {
                    "id": 0,
                    "type": "building",
                    "name": "Operations",
                    "value": 36
                },
                {
                    "id": 5,
                    "type": "building",
                    "name": "Tritanium Generator A",
                    "value": 36
                }
            ],
            "build_costs": {
                "resources": [
                    {
                        "id": 2325683920,
                        "type": "Parsteel",
                        "value": 161262000
                    },
                    {
                        "id": 2614028847,
                        "type": "Dilithium",
                        "value": 948600
                    }
                ],
                "materials": [],
                "others": []
            },
            "rewards": null
        },
        {
            "level": 37,
            "power": 9250,
            "increased_power": 750,
            "build_time": 731520,
            "bonuses": [
                {
                    "id": 1,
                    "value": 1130.0
                },
                {
                    "id": 2,
                    "value": 21014.0
                }
            ],
            "required_ops_level": 37,
            "requirements": [
                {
                    "id": 0,
                    "type": "building",
                    "name": "Operations",
                    "value": 37
                },
                {
                    "id": 5,
                    "type": "building",
                    "name": "Tritanium Generator A",
                    "value": 37
                }
            ],
            "build_costs": {
                "resources": [
                    {
                        "id": 2325683920,
                        "type": "Parsteel",
                        "value": 247860000
                    },
                    {
                        "id": 2614028847,
                        "type": "Dilithium",
                        "value": 1458000
                    }
                ],
                "materials": [],
                "others": []
            },
            "rewards": null
        },
        {
            "level": 38,
            "power": 10250,
            "increased_power": 1000,
            "build_time": 1185120,
            "bonuses": [
                {
                    "id": 1,
                    "value": 1160.0
                },
                {
                    "id": 2,
                    "value": 23004.0
                }
            ],
            "required_ops_level": 38,
            "requirements": [
                {
                    "id": 0,
                    "type": "building",
                    "name": "Operations",
                    "value": 38
                },
                {
                    "id": 5,
                    "type": "building",
                    "name": "Tritanium Generator A",
                    "value": 38
                }
            ],
            "build_costs": {
                "resources": [
                    {
                        "id": 2325683920,
                        "type": "Parsteel",
                        "value": 385560000
                    },
                    {
                        "id": 2614028847,
                        "type": "Dilithium",
                        "value": 2268000
                    }
                ],
                "materials": [],
                "others": []
            },
            "rewards": null
        },
        {
            "level": 39,
            "power": 11000,
            "increased_power": 750,
            "build_time": 1573920,
            "bonuses": [
                {
                    "id": 1,
                    "value": 1190.0
                },
                {
                    "id": 2,
                    "value": 25551.0
                }
            ],
            "required_ops_level": 39,
            "requirements": [
                {
                    "id": 0,
                    "type": "building",
                    "name": "Operations",
                    "value": 39
                },
                {
                    "id": 5,
                    "type": "building",
                    "name": "Tritanium Generator A",
                    "value": 39
                }
            ],
            "build_costs": {
                "resources": [
                    {
                        "id": 2325683920,
                        "type": "Parsteel",
                        "value": 657900000
                    },
                    {
                        "id": 2614028847,
                        "type": "Dilithium",
                        "value": 3870000
                    }
                ],
                "materials": [],
                "others": []
            },
            "rewards": null
        },
        {
            "level": 40,
            "power": 12000,
            "increased_power": 1000,
            "build_time": 2792160,
            "bonuses": [
                {
                    "id": 1,
                    "value": 1350.0
                },
                {
                    "id": 2,
                    "value": 28917.0
                }
            ],
            "required_ops_level": 40,
            "requirements": [
                {
                    "id": 0,
                    "type": "building",
                    "name": "Operations",
                    "value": 40
                },
                {
                    "id": 5,
                    "type": "building",
                    "name": "Tritanium Generator A",
                    "value": 40
                }
            ],
            "build_costs": {
                "resources": [
                    {
                        "id": 2325683920,
                        "type": "Parsteel",
                        "value": 2865520000
                    },
                    {
                        "id": 2614028847,
                        "type": "Dilithium",
                        "value": 6020000
                    }
                ],
                "materials": [
                    {
                        "id": 3452257709,
                        "type": "4\u2605 Common Ore",
                        "grade": 4,
                        "rarity": 1,
                        "value": 2500
                    }
                ],
                "others": []
            },
            "rewards": null
        },
        {
            "level": 41,
            "power": 13000,
            "increased_power": 1000,
            "build_time": 2616480,
            "bonuses": [
                {
                    "id": 1,
                    "value": 1380.0
                },
                {
                    "id": 2,
                    "value": 31845.0
                }
            ],
            "required_ops_level": 41,
            "requirements": [
                {
                    "id": 0,
                    "type": "building",
                    "name": "Operations",
                    "value": 41
                },
                {
                    "id": 5,
                    "type": "building",
                    "name": "Tritanium Generator A",
                    "value": 41
                }
            ],
            "build_costs": {
                "resources": [
                    {
                        "id": 2325683920,
                        "type": "Parsteel",
                        "value": 2924000000
                    },
                    {
                        "id": 2614028847,
                        "type": "Dilithium",
                        "value": 8600000
                    }
                ],
                "materials": [
                    {
                        "id": 3452257709,
                        "type": "4\u2605 Common Ore",
                        "grade": 4,
                        "rarity": 1,
                        "value": 4000
                    }
                ],
                "others": []
            },
            "rewards": null
        },
        {
            "level": 42,
            "power": 14000,
            "increased_power": 1000,
            "build_time": 4023360,
            "bonuses": [
                {
                    "id": 1,
                    "value": 1425.0
                },
                {
                    "id": 2,
                    "value": 36200.0
                }
            ],
            "required_ops_level": 42,
            "requirements": [
                {
                    "id": 0,
                    "type": "building",
                    "name": "Operations",
                    "value": 42
                },
                {
                    "id": 5,
                    "type": "building",
                    "name": "Tritanium Generator A",
                    "value": 42
                }
            ],
            "build_costs": {
                "resources": [
                    {
                        "id": 2325683920,
                        "type": "Parsteel",
                        "value": 4355400000
                    },
                    {
                        "id": 2614028847,
                        "type": "Dilithium",
                        "value": 12810000
                    }
                ],
                "materials": [
                    {
                        "id": 3452257709,
                        "type": "4\u2605 Common Ore",
                        "grade": 4,
                        "rarity": 1,
                        "value": 4000
                    }
                ],
                "others": []
            },
            "rewards": null
        },
        {
            "level": 43,
            "power": 15250,
            "increased_power": 1250,
            "build_time": 5315040,
            "bonuses": [
                {
                    "id": 1,
                    "value": 1450.0
                },
                {
                    "id": 2,
                    "value": 36653.0
                }
            ],
            "required_ops_level": 43,
            "requirements": [
                {
                    "id": 0,
                    "type": "building",
                    "name": "Operations",
                    "value": 43
                },
                {
                    "id": 5,
                    "type": "building",
                    "name": "Tritanium Generator A",
                    "value": 43
                }
            ],
            "build_costs": {
                "resources": [
                    {
                        "id": 2325683920,
                        "type": "Parsteel",
                        "value": 6222000000
                    },
                    {
                        "id": 2614028847,
                        "type": "Dilithium",
                        "value": 18300000
                    }
                ],
                "materials": [
                    {
                        "id": 3452257709,
                        "type": "4\u2605 Common Ore",
                        "grade": 4,
                        "rarity": 1,
                        "value": 4500
                    }
                ],
                "others": []
            },
            "rewards": null
        },
        {
            "level": 44,
            "power": 16500,
            "increased_power": 1250,
            "build_time": 6937920,
            "bonuses": [
                {
                    "id": 1,
                    "value": 1475.0
                },
                {
                    "id": 2,
                    "value": 41500.0
                }
            ],
            "required_ops_level": 44,
            "requirements": [
                {
                    "id": 0,
                    "type": "building",
                    "name": "Operations",
                    "value": 44
                },
                {
                    "id": 5,
                    "type": "building",
                    "name": "Tritanium Generator A",
                    "value": 44
                }
            ],
            "build_costs": {
                "resources": [
                    {
                        "id": 2325683920,
                        "type": "Parsteel",
                        "value": 9333000000
                    },
                    {
                        "id": 2614028847,
                        "type": "Dilithium",
                        "value": 27450000
                    }
                ],
                "materials": [
                    {
                        "id": 3452257709,
                        "type": "4\u2605 Common Ore",
                        "grade": 4,
                        "rarity": 1,
                        "value": 5000
                    }
                ],
                "others": []
            },
            "rewards": null
        },
        {
            "level": 45,
            "power": 17750,
            "increased_power": 1250,
            "build_time": 8955360,
            "bonuses": [
                {
                    "id": 1,
                    "value": 1725.0
                },
                {
                    "id": 2,
                    "value": 54563.0
                }
            ],
            "required_ops_level": 45,
            "requirements": [
                {
                    "id": 0,
                    "type": "building",
                    "name": "Operations",
                    "value": 45
                },
                {
                    "id": 5,
                    "type": "building",
                    "name": "Tritanium Generator A",
                    "value": 45
                }
            ],
            "build_costs": {
                "resources": [
                    {
                        "id": 2325683920,
                        "type": "Parsteel",
                        "value": 13260000000
                    },
                    {
                        "id": 2614028847,
                        "type": "Dilithium",
                        "value": 39000000
                    }
                ],
                "materials": [
                    {
                        "id": 3452257709,
                        "type": "4\u2605 Common Ore",
                        "grade": 4,
                        "rarity": 1,
                        "value": 8000
                    }
                ],
                "others": []
            },
            "rewards": null
        },
        {
            "level": 46,
            "power": 19000,
            "increased_power": 1250,
            "build_time": 11448000,
            "bonuses": [
                {
                    "id": 1,
                    "value": 1750.0
                },
                {
                    "id": 2,
                    "value": 55125.0
                }
            ],
            "required_ops_level": 46,
            "requirements": [
                {
                    "id": 0,
                    "type": "building",
                    "name": "Operations",
                    "value": 46
                },
                {
                    "id": 5,
                    "type": "building",
                    "name": "Tritanium Generator A",
                    "value": 46
                }
            ],
            "build_costs": {
                "resources": [
                    {
                        "id": 2325683920,
                        "type": "Parsteel",
                        "value": 18232500000
                    },
                    {
                        "id": 2614028847,
                        "type": "Dilithium",
                        "value": 53625000
                    }
                ],
                "materials": [
                    {
                        "id": 3452257709,
                        "type": "4\u2605 Common Ore",
                        "grade": 4,
                        "rarity": 1,
                        "value": 20000
                    },
                    {
                        "id": 1904955588,
                        "type": "4\u2605 Uncommon Ore",
                        "grade": 4,
                        "rarity": 2,
                        "value": 1000
                    }
                ],
                "others": []
            },
            "rewards": null
        },
        {
            "level": 47,
            "power": 20500,
            "increased_power": 1500,
            "build_time": 14502240,
            "bonuses": [
                {
                    "id": 1,
                    "value": 1800.0
                },
                {
                    "id": 2,
                    "value": 56813.0
                }
            ],
            "required_ops_level": 47,
            "requirements": [
                {
                    "id": 0,
                    "type": "building",
                    "name": "Operations",
                    "value": 47
                },
                {
                    "id": 5,
                    "type": "building",
                    "name": "Tritanium Generator A",
                    "value": 47
                }
            ],
            "build_costs": {
                "resources": [
                    {
                        "id": 2325683920,
                        "type": "Parsteel",
                        "value": 26520000000
                    },
                    {
                        "id": 2614028847,
                        "type": "Dilithium",
                        "value": 78000000
                    }
                ],
                "materials": [
                    {
                        "id": 3452257709,
                        "type": "4\u2605 Common Ore",
                        "grade": 4,
                        "rarity": 1,
                        "value": 40000
                    },
                    {
                        "id": 1904955588,
                        "type": "4\u2605 Uncommon Ore",
                        "grade": 4,
                        "rarity": 2,
                        "value": 2000
                    }
                ],
                "others": []
            },
            "rewards": null
        },
        {
            "level": 48,
            "power": 22000,
            "increased_power": 1500,
            "build_time": 18220320,
            "bonuses": [
                {
                    "id": 1,
                    "value": 1850.0
                },
                {
                    "id": 2,
                    "value": 58500.0
                }
            ],
            "required_ops_level": 48,
            "requirements": [
                {
                    "id": 0,
                    "type": "building",
                    "name": "Operations",
                    "value": 48
                },
                {
                    "id": 5,
                    "type": "building",
                    "name": "Tritanium Generator A",
                    "value": 48
                }
            ],
            "build_costs": {
                "resources": [
                    {
                        "id": 2325683920,
                        "type": "Parsteel",
                        "value": 42840000000
                    },
                    {
                        "id": 2614028847,
                        "type": "Dilithium",
                        "value": 126000000
                    }
                ],
                "materials": [
                    {
                        "id": 3452257709,
                        "type": "4\u2605 Common Ore",
                        "grade": 4,
                        "rarity": 1,
                        "value": 15000
                    },
                    {
                        "id": 1904955588,
                        "type": "4\u2605 Uncommon Ore",
                        "grade": 4,
                        "rarity": 2,
                        "value": 6000
                    }
                ],
                "others": []
            },
            "rewards": null
        },
        {
            "level": 49,
            "power": 23500,
            "increased_power": 1500,
            "build_time": 22717440,
            "bonuses": [
                {
                    "id": 1,
                    "value": 1875.0
                },
                {
                    "id": 2,
                    "value": 59063.0
                }
            ],
            "required_ops_level": 49,
            "requirements": [
                {
                    "id": 0,
                    "type": "building",
                    "name": "Operations",
                    "value": 49
                },
                {
                    "id": 5,
                    "type": "building",
                    "name": "Tritanium Generator A",
                    "value": 49
                }
            ],
            "build_costs": {
                "resources": [
                    {
                        "id": 2325683920,
                        "type": "Parsteel",
                        "value": 71400000000
                    },
                    {
                        "id": 2614028847,
                        "type": "Dilithium",
                        "value": 210000000
                    }
                ],
                "materials": [
                    {
                        "id": 3452257709,
                        "type": "4\u2605 Common Ore",
                        "grade": 4,
                        "rarity": 1,
                        "value": 20000
                    },
                    {
                        "id": 1904955588,
                        "type": "4\u2605 Uncommon Ore",
                        "grade": 4,
                        "rarity": 2,
                        "value": 13250
                    }
                ],
                "others": []
            },
            "rewards": null
        },
        {
            "level": 50,
            "power": 25000,
            "increased_power": 1500,
            "build_time": 28126080,
            "bonuses": [
                {
                    "id": 1,
                    "value": 2300.0
                },
                {
                    "id": 2,
                    "value": 72563.0
                }
            ],
            "required_ops_level": 50,
            "requirements": [
                {
                    "id": 0,
                    "type": "building",
                    "name": "Operations",
                    "value": 50
                },
                {
                    "id": 5,
                    "type": "building",
                    "name": "Tritanium Generator A",
                    "value": 50
                }
            ],
            "build_costs": {
                "resources": [
                    {
                        "id": 2325683920,
                        "type": "Parsteel",
                        "value": 124950000000
                    },
                    {
                        "id": 2614028847,
                        "type": "Dilithium",
                        "value": 367500000
                    }
                ],
                "materials": [],
                "others": []
            },
            "rewards": null
        },
        {
            "level": 51,
            "power": 27000,
            "increased_power": 2000,
            "build_time": 29813760,
            "bonuses": [
                {
                    "id": 1,
                    "value": 2350.0
                },
                {
                    "id": 2,
                    "value": 74250.0
                }
            ],
            "required_ops_level": 51,
            "requirements": [
                {
                    "id": 0,
                    "type": "building",
                    "name": "Operations",
                    "value": 51
                },
                {
                    "id": 5,
                    "type": "building",
                    "name": "Tritanium Generator A",
                    "value": 51
                }
            ],
            "build_costs": {
                "resources": [
                    {
                        "id": 2325683920,
                        "type": "Parsteel",
                        "value": 623220000000
                    },
                    {
                        "id": 2614028847,
                        "type": "Dilithium",
                        "value": 780000000
                    }
                ],
                "materials": [
                    {
                        "id": 2893480370,
                        "type": "5\u2605 Common Ore",
                        "grade": 5,
                        "rarity": 1,
                        "value": 8800
                    }
                ],
                "others": []
            },
            "rewards": null
        },
        {
            "level": 52,
            "power": 28500,
            "increased_power": 1500,
            "build_time": 31602240,
            "bonuses": [
                {
                    "id": 1,
                    "value": 2400.0
                },
                {
                    "id": 2,
                    "value": 75375.0
                }
            ],
            "required_ops_level": 52,
            "requirements": [
                {
                    "id": 0,
                    "type": "building",
                    "name": "Operations",
                    "value": 52
                },
                {
                    "id": 5,
                    "type": "building",
                    "name": "Tritanium Generator A",
                    "value": 52
                }
            ],
            "build_costs": {
                "resources": [
                    {
                        "id": 2325683920,
                        "type": "Parsteel",
                        "value": 1127100000000
                    },
                    {
                        "id": 2614028847,
                        "type": "Dilithium",
                        "value": 1326000000
                    }
                ],
                "materials": [
                    {
                        "id": 2893480370,
                        "type": "5\u2605 Common Ore",
                        "grade": 5,
                        "rarity": 1,
                        "value": 21100
                    }
                ],
                "others": []
            },
            "rewards": null
        },
        {
            "level": 53,
            "power": 30500,
            "increased_power": 2000,
            "build_time": 33498720,
            "bonuses": [
                {
                    "id": 1,
                    "value": 2425.0
                },
                {
                    "id": 2,
                    "value": 76500.0
                }
            ],
            "required_ops_level": 53,
            "requirements": [
                {
                    "id": 0,
                    "type": "building",
                    "name": "Operations",
                    "value": 53
                },
                {
                    "id": 5,
                    "type": "building",
                    "name": "Tritanium Generator A",
                    "value": 53
                }
            ],
            "build_costs": {
                "resources": [
                    {
                        "id": 2325683920,
                        "type": "Parsteel",
                        "value": 1893120000000
                    },
                    {
                        "id": 2614028847,
                        "type": "Dilithium",
                        "value": 2320000000
                    }
                ],
                "materials": [
                    {
                        "id": 2893480370,
                        "type": "5\u2605 Common Ore",
                        "grade": 5,
                        "rarity": 1,
                        "value": 42200
                    }
                ],
                "others": []
            },
            "rewards": null
        },
        {
            "level": 54,
            "power": 32500,
            "increased_power": 2000,
            "build_time": 35507520,
            "bonuses": [
                {
                    "id": 1,
                    "value": 2475.0
                },
                {
                    "id": 2,
                    "value": 78188.0
                }
            ],
            "required_ops_level": 54,
            "requirements": [
                {
                    "id": 0,
                    "type": "building",
                    "name": "Operations",
                    "value": 54
                },
                {
                    "id": 5,
                    "type": "building",
                    "name": "Tritanium Generator A",
                    "value": 54
                }
            ],
            "build_costs": {
                "resources": [
                    {
                        "id": 2325683920,
                        "type": "Parsteel",
                        "value": 2839680000000
                    },
                    {
                        "id": 2614028847,
                        "type": "Dilithium",
                        "value": 3480000000
                    }
                ],
                "materials": [
                    {
                        "id": 2893480370,
                        "type": "5\u2605 Common Ore",
                        "grade": 5,
                        "rarity": 1,
                        "value": 43100
                    }
                ],
                "others": []
            },
            "rewards": null
        },
        {
            "level": 55,
            "power": 34500,
            "increased_power": 2000,
            "build_time": 37638720,
            "bonuses": [
                {
                    "id": 1,
                    "value": 2950.0
                },
                {
                    "id": 2,
                    "value": 92813.0
                }
            ],
            "required_ops_level": 55,
            "requirements": [
                {
                    "id": 0,
                    "type": "building",
                    "name": "Operations",
                    "value": 55
                },
                {
                    "id": 5,
                    "type": "building",
                    "name": "Tritanium Generator A",
                    "value": 55
                }
            ],
            "build_costs": {
                "resources": [
                    {
                        "id": 2325683920,
                        "type": "Parsteel",
                        "value": 4826640000000
                    },
                    {
                        "id": 2614028847,
                        "type": "Dilithium",
                        "value": 5460000000
                    }
                ],
                "materials": [
                    {
                        "id": 2893480370,
                        "type": "5\u2605 Common Ore",
                        "grade": 5,
                        "rarity": 1,
                        "value": 74800
                    }
                ],
                "others": []
            },
            "rewards": null
        },
        {
            "level": 56,
            "power": 36500,
            "increased_power": 2000,
            "build_time": 39896640,
            "bonuses": [
                {
                    "id": 1,
                    "value": 3000.0
                },
                {
                    "id": 2,
                    "value": 94500.0
                }
            ],
            "required_ops_level": 56,
            "requirements": [
                {
                    "id": 0,
                    "type": "building",
                    "name": "Operations",
                    "value": 56
                },
                {
                    "id": 5,
                    "type": "building",
                    "name": "Tritanium Generator A",
                    "value": 56
                }
            ],
            "build_costs": {
                "resources": [
                    {
                        "id": 2325683920,
                        "type": "Parsteel",
                        "value": 7584720000000
                    },
                    {
                        "id": 2614028847,
                        "type": "Dilithium",
                        "value": 8580000000
                    }
                ],
                "materials": [
                    {
                        "id": 2893480370,
                        "type": "5\u2605 Common Ore",
                        "grade": 5,
                        "rarity": 1,
                        "value": 63500
                    },
                    {
                        "id": 2258174662,
                        "type": "5\u2605 Uncommon Ore",
                        "grade": 5,
                        "rarity": 2,
                        "value": 3900
                    }
                ],
                "others": []
            },
            "rewards": null
        },
        {
            "level": 57,
            "power": 38500,
            "increased_power": 2000,
            "build_time": 42289920,
            "bonuses": [
                {
                    "id": 1,
                    "value": 3050.0
                },
                {
                    "id": 2,
                    "value": 96188.0
                }
            ],
            "required_ops_level": 57,
            "requirements": [
                {
                    "id": 0,
                    "type": "building",
                    "name": "Operations",
                    "value": 57
                },
                {
                    "id": 5,
                    "type": "building",
                    "name": "Tritanium Generator A",
                    "value": 57
                }
            ],
            "build_costs": {
                "resources": [
                    {
                        "id": 2325683920,
                        "type": "Parsteel",
                        "value": 11873888000000
                    },
                    {
                        "id": 2614028847,
                        "type": "Dilithium",
                        "value": 13432000000
                    }
                ],
                "materials": [
                    {
                        "id": 2893480370,
                        "type": "5\u2605 Common Ore",
                        "grade": 5,
                        "rarity": 1,
                        "value": 68300
                    },
                    {
                        "id": 2258174662,
                        "type": "5\u2605 Uncommon Ore",
                        "grade": 5,
                        "rarity": 2,
                        "value": 9200
                    }
                ],
                "others": []
            },
            "rewards": null
        },
        {
            "level": 58,
            "power": 41000,
            "increased_power": 2500,
            "build_time": 44828640,
            "bonuses": [
                {
                    "id": 1,
                    "value": 3100.0
                },
                {
                    "id": 2,
                    "value": 97875.0
                }
            ],
            "required_ops_level": 58,
            "requirements": [
                {
                    "id": 0,
                    "type": "building",
                    "name": "Operations",
                    "value": 58
                },
                {
                    "id": 5,
                    "type": "building",
                    "name": "Tritanium Generator A",
                    "value": 58
                }
            ],
            "build_costs": {
                "resources": [
                    {
                        "id": 2325683920,
                        "type": "Parsteel",
                        "value": 17155584000000
                    },
                    {
                        "id": 2614028847,
                        "type": "Dilithium",
                        "value": 21024000000
                    }
                ],
                "materials": [
                    {
                        "id": 2893480370,
                        "type": "5\u2605 Common Ore",
                        "grade": 5,
                        "rarity": 1,
                        "value": 79800
                    },
                    {
                        "id": 2258174662,
                        "type": "5\u2605 Uncommon Ore",
                        "grade": 5,
                        "rarity": 2,
                        "value": 14300
                    }
                ],
                "others": []
            },
            "rewards": null
        },
        {
            "level": 59,
            "power": 43500,
            "increased_power": 2500,
            "build_time": 47517120,
            "bonuses": [
                {
                    "id": 1,
                    "value": 3175.0
                },
                {
                    "id": 2,
                    "value": 100125.0
                }
            ],
            "required_ops_level": 59,
            "requirements": [
                {
                    "id": 0,
                    "type": "building",
                    "name": "Operations",
                    "value": 59
                },
                {
                    "id": 5,
                    "type": "building",
                    "name": "Tritanium Generator A",
                    "value": 59
                }
            ],
            "build_costs": {
                "resources": [
                    {
                        "id": 2325683920,
                        "type": "Parsteel",
                        "value": 25733376000000
                    },
                    {
                        "id": 2614028847,
                        "type": "Dilithium",
                        "value": 31536000000
                    }
                ],
                "materials": [
                    {
                        "id": 2893480370,
                        "type": "5\u2605 Common Ore",
                        "grade": 5,
                        "rarity": 1,
                        "value": 129800
                    },
                    {
                        "id": 2258174662,
                        "type": "5\u2605 Uncommon Ore",
                        "grade": 5,
                        "rarity": 2,
                        "value": 51000
                    }
                ],
                "others": []
            },
            "rewards": null
        },
        {
            "level": 60,
            "power": 46000,
            "increased_power": 2500,
            "build_time": 50368320,
            "bonuses": [
                {
                    "id": 1,
                    "value": 3675.0
                },
                {
                    "id": 2,
                    "value": 115875.0
                }
            ],
            "required_ops_level": 60,
            "requirements": [
                {
                    "id": 0,
                    "type": "building",
                    "name": "Operations",
                    "value": 60
                },
                {
                    "id": 5,
                    "type": "building",
                    "name": "Tritanium Generator A",
                    "value": 60
                }
            ],
            "build_costs": {
                "resources": [
                    {
                        "id": 2325683920,
                        "type": "Parsteel",
                        "value": 40188000000000
                    },
                    {
                        "id": 2614028847,
                        "type": "Dilithium",
                        "value": 49250000000
                    }
                ],
                "materials": [
                    {
                        "id": 2893480370,
                        "type": "5\u2605 Common Ore",
                        "grade": 5,
                        "rarity": 1,
                        "value": 129500
                    },
                    {
                        "id": 2258174662,
                        "type": "5\u2605 Uncommon Ore",
                        "grade": 5,
                        "rarity": 2,
                        "value": 27300
                    }
                ],
                "others": []
            },
            "rewards": null
        }
    ]
}