{
    "id": 67,
    "name": "Dilithium Vault",
    "description": "Protects the stored Dilithium from enemy attacks. Upgrade the Vault for additional security.",
    "group": 8,
    "start_level": 0,
    "bonuses": [
        {
            "id": 1,
            "name": "Dilithium Vault Protection",
            "is_percentage": false
        }
    ],
    "levels": [
        {
            "level": 1,
            "power": 40,
            "increased_power": 40,
            "build_time": 120,
            "bonuses": [
                {
                    "id": 1,
                    "value": 2000.0
                }
            ],
            "required_ops_level": 14,
            "requirements": [
                {
                    "id": 1426757186,
                    "type": "research",
                    "name": "Unlock Vaults",
                    "value": 1
                }
            ],
            "build_costs": {
                "resources": [
                    {
                        "id": 2325683920,
                        "type": "Parsteel",
                        "value": 500
                    },
                    {
                        "id": 2614028847,
                        "type": "Dilithium",
                        "value": 50
                    }
                ],
                "materials": [],
                "others": []
            },
            "rewards": null
        },
        {
            "level": 2,
            "power": 80,
            "increased_power": 40,
            "build_time": 180,
            "bonuses": [
                {
                    "id": 1,
                    "value": 2050.0
                }
            ],
            "required_ops_level": 14,
            "requirements": [
                {
                    "id": 0,
                    "type": "building",
                    "name": "Operations",
                    "value": 2
                },
                {
                    "id": 0,
                    "type": "building",
                    "name": "Operations",
                    "value": 11
                }
            ],
            "build_costs": {
                "resources": [
                    {
                        "id": 2325683920,
                        "type": "Parsteel",
                        "value": 750
                    },
                    {
                        "id": 2614028847,
                        "type": "Dilithium",
                        "value": 50
                    }
                ],
                "materials": [],
                "others": []
            },
            "rewards": null
        },
        {
            "level": 3,
            "power": 130,
            "increased_power": 50,
            "build_time": 420,
            "bonuses": [
                {
                    "id": 1,
                    "value": 2100.0
                }
            ],
            "required_ops_level": 14,
            "requirements": [
                {
                    "id": 0,
                    "type": "building",
                    "name": "Operations",
                    "value": 11
                },
                {
                    "id": 61,
                    "type": "building",
                    "name": "Tritanium Vault",
                    "value": 3
                }
            ],
            "build_costs": {
                "resources": [
                    {
                        "id": 2325683920,
                        "type": "Parsteel",
                        "value": 1000
                    },
                    {
                        "id": 2614028847,
                        "type": "Dilithium",
                        "value": 50
                    }
                ],
                "materials": [],
                "others": []
            },
            "rewards": null
        },
        {
            "level": 4,
            "power": 180,
            "increased_power": 50,
            "build_time": 600,
            "bonuses": [
                {
                    "id": 1,
                    "value": 2200.0
                }
            ],
            "required_ops_level": 14,
            "requirements": [
                {
                    "id": 0,
                    "type": "building",
                    "name": "Operations",
                    "value": 4
                },
                {
                    "id": 0,
                    "type": "building",
                    "name": "Operations",
                    "value": 11
                }
            ],
            "build_costs": {
                "resources": [
                    {
                        "id": 2325683920,
                        "type": "Parsteel",
                        "value": 1250
                    },
                    {
                        "id": 2614028847,
                        "type": "Dilithium",
                        "value": 50
                    }
                ],
                "materials": [],
                "others": []
            },
            "rewards": null
        },
        {
            "level": 5,
            "power": 240,
            "increased_power": 60,
            "build_time": 1020,
            "bonuses": [
                {
                    "id": 1,
                    "value": 2300.0
                }
            ],
            "required_ops_level": 14,
            "requirements": [
                {
                    "id": 0,
                    "type": "building",
                    "name": "Operations",
                    "value": 5
                },
                {
                    "id": 0,
                    "type": "building",
                    "name": "Operations",
                    "value": 11
                }
            ],
            "build_costs": {
                "resources": [
                    {
                        "id": 2325683920,
                        "type": "Parsteel",
                        "value": 1600
                    },
                    {
                        "id": 2614028847,
                        "type": "Dilithium",
                        "value": 50
                    }
                ],
                "materials": [],
                "others": []
            },
            "rewards": null
        },
        {
            "level": 6,
            "power": 320,
            "increased_power": 80,
            "build_time": 1800,
            "bonuses": [
                {
                    "id": 1,
                    "value": 2400.0
                }
            ],
            "required_ops_level": 14,
            "requirements": [
                {
                    "id": 0,
                    "type": "building",
                    "name": "Operations",
                    "value": 6
                },
                {
                    "id": 0,
                    "type": "building",
                    "name": "Operations",
                    "value": 11
                }
            ],
            "build_costs": {
                "resources": [
                    {
                        "id": 2325683920,
                        "type": "Parsteel",
                        "value": 2000
                    },
                    {
                        "id": 2614028847,
                        "type": "Dilithium",
                        "value": 50
                    }
                ],
                "materials": [],
                "others": []
            },
            "rewards": null
        },
        {
            "level": 7,
            "power": 420,
            "increased_power": 100,
            "build_time": 3360,
            "bonuses": [
                {
                    "id": 1,
                    "value": 2500.0
                }
            ],
            "required_ops_level": 14,
            "requirements": [
                {
                    "id": 0,
                    "type": "building",
                    "name": "Operations",
                    "value": 7
                },
                {
                    "id": 0,
                    "type": "building",
                    "name": "Operations",
                    "value": 11
                }
            ],
            "build_costs": {
                "resources": [
                    {
                        "id": 2325683920,
                        "type": "Parsteel",
                        "value": 3000
                    },
                    {
                        "id": 2614028847,
                        "type": "Dilithium",
                        "value": 50
                    }
                ],
                "materials": [],
                "others": []
            },
            "rewards": null
        },
        {
            "level": 8,
            "power": 525,
            "increased_power": 105,
            "build_time": 4680,
            "bonuses": [
                {
                    "id": 1,
                    "value": 2650.0
                }
            ],
            "required_ops_level": 14,
            "requirements": [
                {
                    "id": 0,
                    "type": "building",
                    "name": "Operations",
                    "value": 8
                },
                {
                    "id": 10,
                    "type": "building",
                    "name": "Dilithium Generator B",
                    "value": 12
                }
            ],
            "build_costs": {
                "resources": [
                    {
                        "id": 2325683920,
                        "type": "Parsteel",
                        "value": 5000
                    },
                    {
                        "id": 2614028847,
                        "type": "Dilithium",
                        "value": 50
                    }
                ],
                "materials": [],
                "others": []
            },
            "rewards": null
        },
        {
            "level": 9,
            "power": 675,
            "increased_power": 150,
            "build_time": 7200,
            "bonuses": [
                {
                    "id": 1,
                    "value": 2800.0
                }
            ],
            "required_ops_level": 14,
            "requirements": [
                {
                    "id": 0,
                    "type": "building",
                    "name": "Operations",
                    "value": 9
                },
                {
                    "id": 0,
                    "type": "building",
                    "name": "Operations",
                    "value": 11
                }
            ],
            "build_costs": {
                "resources": [
                    {
                        "id": 2325683920,
                        "type": "Parsteel",
                        "value": 7000
                    },
                    {
                        "id": 2614028847,
                        "type": "Dilithium",
                        "value": 50
                    }
                ],
                "materials": [],
                "others": []
            },
            "rewards": null
        },
        {
            "level": 10,
            "power": 850,
            "increased_power": 175,
            "build_time": 7800,
            "bonuses": [
                {
                    "id": 1,
                    "value": 3000.0
                }
            ],
            "required_ops_level": 14,
            "requirements": [
                {
                    "id": 0,
                    "type": "building",
                    "name": "Operations",
                    "value": 10
                },
                {
                    "id": 61,
                    "type": "building",
                    "name": "Tritanium Vault",
                    "value": 10
                }
            ],
            "build_costs": {
                "resources": [
                    {
                        "id": 2325683920,
                        "type": "Parsteel",
                        "value": 10000
                    },
                    {
                        "id": 2614028847,
                        "type": "Dilithium",
                        "value": 50
                    }
                ],
                "materials": [],
                "others": []
            },
            "rewards": null
        },
        {
            "level": 11,
            "power": 1050,
            "increased_power": 200,
            "build_time": 8100,
            "bonuses": [
                {
                    "id": 1,
                    "value": 3300.0
                }
            ],
            "required_ops_level": 14,
            "requirements": [
                {
                    "id": 0,
                    "type": "building",
                    "name": "Operations",
                    "value": 11
                },
                {
                    "id": 10,
                    "type": "building",
                    "name": "Dilithium Generator B",
                    "value": 11
                }
            ],
            "build_costs": {
                "resources": [
                    {
                        "id": 2325683920,
                        "type": "Parsteel",
                        "value": 27200
                    },
                    {
                        "id": 2614028847,
                        "type": "Dilithium",
                        "value": 60
                    }
                ],
                "materials": [],
                "others": []
            },
            "rewards": null
        },
        {
            "level": 12,
            "power": 1300,
            "increased_power": 250,
            "build_time": 14700,
            "bonuses": [
                {
                    "id": 1,
                    "value": 3600.0
                }
            ],
            "required_ops_level": 14,
            "requirements": [
                {
                    "id": 0,
                    "type": "building",
                    "name": "Operations",
                    "value": 12
                },
                {
                    "id": 10,
                    "type": "building",
                    "name": "Dilithium Generator B",
                    "value": 12
                }
            ],
            "build_costs": {
                "resources": [
                    {
                        "id": 2325683920,
                        "type": "Parsteel",
                        "value": 37400
                    },
                    {
                        "id": 2614028847,
                        "type": "Dilithium",
                        "value": 165
                    }
                ],
                "materials": [],
                "others": []
            },
            "rewards": null
        },
        {
            "level": 13,
            "power": 1600,
            "increased_power": 300,
            "build_time": 22320,
            "bonuses": [
                {
                    "id": 1,
                    "value": 4200.0
                }
            ],
            "required_ops_level": 14,
            "requirements": [
                {
                    "id": 0,
                    "type": "building",
                    "name": "Operations",
                    "value": 13
                },
                {
                    "id": 10,
                    "type": "building",
                    "name": "Dilithium Generator B",
                    "value": 13
                }
            ],
            "build_costs": {
                "resources": [
                    {
                        "id": 2325683920,
                        "type": "Parsteel",
                        "value": 54400
                    },
                    {
                        "id": 2614028847,
                        "type": "Dilithium",
                        "value": 360
                    }
                ],
                "materials": [],
                "others": []
            },
            "rewards": null
        },
        {
            "level": 14,
            "power": 1900,
            "increased_power": 300,
            "build_time": 30960,
            "bonuses": [
                {
                    "id": 1,
                    "value": 5000.0
                }
            ],
            "required_ops_level": 14,
            "requirements": [
                {
                    "id": 0,
                    "type": "building",
                    "name": "Operations",
                    "value": 14
                },
                {
                    "id": 10,
                    "type": "building",
                    "name": "Dilithium Generator B",
                    "value": 14
                }
            ],
            "build_costs": {
                "resources": [
                    {
                        "id": 2325683920,
                        "type": "Parsteel",
                        "value": 74800
                    },
                    {
                        "id": 2614028847,
                        "type": "Dilithium",
                        "value": 660
                    }
                ],
                "materials": [],
                "others": []
            },
            "rewards": null
        },
        {
            "level": 15,
            "power": 2300,
            "increased_power": 400,
            "build_time": 39600,
            "bonuses": [
                {
                    "id": 1,
                    "value": 6000.0
                }
            ],
            "required_ops_level": 15,
            "requirements": [
                {
                    "id": 0,
                    "type": "building",
                    "name": "Operations",
                    "value": 15
                },
                {
                    "id": 10,
                    "type": "building",
                    "name": "Dilithium Generator B",
                    "value": 15
                }
            ],
            "build_costs": {
                "resources": [
                    {
                        "id": 2325683920,
                        "type": "Parsteel",
                        "value": 102000
                    },
                    {
                        "id": 2614028847,
                        "type": "Dilithium",
                        "value": 1125
                    }
                ],
                "materials": [],
                "others": []
            },
            "rewards": null
        },
        {
            "level": 16,
            "power": 2800,
            "increased_power": 500,
            "build_time": 46080,
            "bonuses": [
                {
                    "id": 1,
                    "value": 7000.0
                }
            ],
            "required_ops_level": 16,
            "requirements": [
                {
                    "id": 0,
                    "type": "building",
                    "name": "Operations",
                    "value": 16
                },
                {
                    "id": 10,
                    "type": "building",
                    "name": "Dilithium Generator B",
                    "value": 16
                }
            ],
            "build_costs": {
                "resources": [
                    {
                        "id": 2325683920,
                        "type": "Parsteel",
                        "value": 136000
                    },
                    {
                        "id": 2614028847,
                        "type": "Dilithium",
                        "value": 1500
                    }
                ],
                "materials": [],
                "others": []
            },
            "rewards": null
        },
        {
            "level": 17,
            "power": 3300,
            "increased_power": 500,
            "build_time": 49680,
            "bonuses": [
                {
                    "id": 1,
                    "value": 8200.0
                }
            ],
            "required_ops_level": 17,
            "requirements": [
                {
                    "id": 0,
                    "type": "building",
                    "name": "Operations",
                    "value": 17
                },
                {
                    "id": 10,
                    "type": "building",
                    "name": "Dilithium Generator B",
                    "value": 17
                }
            ],
            "build_costs": {
                "resources": [
                    {
                        "id": 2325683920,
                        "type": "Parsteel",
                        "value": 190400
                    },
                    {
                        "id": 2614028847,
                        "type": "Dilithium",
                        "value": 2100
                    }
                ],
                "materials": [],
                "others": []
            },
            "rewards": null
        },
        {
            "level": 18,
            "power": 3900,
            "increased_power": 600,
            "build_time": 76320,
            "bonuses": [
                {
                    "id": 1,
                    "value": 9500.0
                }
            ],
            "required_ops_level": 18,
            "requirements": [
                {
                    "id": 0,
                    "type": "building",
                    "name": "Operations",
                    "value": 18
                },
                {
                    "id": 10,
                    "type": "building",
                    "name": "Dilithium Generator B",
                    "value": 18
                },
                {
                    "id": 61,
                    "type": "building",
                    "name": "Tritanium Vault",
                    "value": 18
                }
            ],
            "build_costs": {
                "resources": [
                    {
                        "id": 2325683920,
                        "type": "Parsteel",
                        "value": 272000
                    },
                    {
                        "id": 2614028847,
                        "type": "Dilithium",
                        "value": 3000
                    }
                ],
                "materials": [],
                "others": []
            },
            "rewards": null
        },
        {
            "level": 19,
            "power": 4600,
            "increased_power": 700,
            "build_time": 110880,
            "bonuses": [
                {
                    "id": 1,
                    "value": 10800.0
                }
            ],
            "required_ops_level": 19,
            "requirements": [
                {
                    "id": 0,
                    "type": "building",
                    "name": "Operations",
                    "value": 19
                },
                {
                    "id": 10,
                    "type": "building",
                    "name": "Dilithium Generator B",
                    "value": 19
                }
            ],
            "build_costs": {
                "resources": [
                    {
                        "id": 2325683920,
                        "type": "Parsteel",
                        "value": 408000
                    },
                    {
                        "id": 2614028847,
                        "type": "Dilithium",
                        "value": 4500
                    }
                ],
                "materials": [],
                "others": []
            },
            "rewards": null
        },
        {
            "level": 20,
            "power": 5250,
            "increased_power": 650,
            "build_time": 167040,
            "bonuses": [
                {
                    "id": 1,
                    "value": 12300.0
                }
            ],
            "required_ops_level": 20,
            "requirements": [
                {
                    "id": 0,
                    "type": "building",
                    "name": "Operations",
                    "value": 20
                },
                {
                    "id": 10,
                    "type": "building",
                    "name": "Dilithium Generator B",
                    "value": 20
                }
            ],
            "build_costs": {
                "resources": [
                    {
                        "id": 2325683920,
                        "type": "Parsteel",
                        "value": 578000
                    },
                    {
                        "id": 2614028847,
                        "type": "Dilithium",
                        "value": 6375
                    }
                ],
                "materials": [],
                "others": []
            },
            "rewards": null
        },
        {
            "level": 21,
            "power": 6250,
            "increased_power": 1000,
            "build_time": 152640,
            "bonuses": [
                {
                    "id": 1,
                    "value": 14500.0
                }
            ],
            "required_ops_level": 21,
            "requirements": [
                {
                    "id": 0,
                    "type": "building",
                    "name": "Operations",
                    "value": 21
                },
                {
                    "id": 10,
                    "type": "building",
                    "name": "Dilithium Generator B",
                    "value": 21
                }
            ],
            "build_costs": {
                "resources": [
                    {
                        "id": 2325683920,
                        "type": "Parsteel",
                        "value": 973080
                    },
                    {
                        "id": 2614028847,
                        "type": "Dilithium",
                        "value": 10733
                    }
                ],
                "materials": [],
                "others": []
            },
            "rewards": null
        },
        {
            "level": 22,
            "power": 7250,
            "increased_power": 1000,
            "build_time": 237600,
            "bonuses": [
                {
                    "id": 1,
                    "value": 16750.0
                }
            ],
            "required_ops_level": 22,
            "requirements": [
                {
                    "id": 0,
                    "type": "building",
                    "name": "Operations",
                    "value": 22
                },
                {
                    "id": 10,
                    "type": "building",
                    "name": "Dilithium Generator B",
                    "value": 22
                }
            ],
            "build_costs": {
                "resources": [
                    {
                        "id": 2325683920,
                        "type": "Parsteel",
                        "value": 1513680
                    },
                    {
                        "id": 2614028847,
                        "type": "Dilithium",
                        "value": 16695
                    }
                ],
                "materials": [],
                "others": []
            },
            "rewards": null
        },
        {
            "level": 23,
            "power": 8250,
            "increased_power": 1000,
            "build_time": 279360,
            "bonuses": [
                {
                    "id": 1,
                    "value": 19000.0
                }
            ],
            "required_ops_level": 23,
            "requirements": [
                {
                    "id": 0,
                    "type": "building",
                    "name": "Operations",
                    "value": 23
                },
                {
                    "id": 10,
                    "type": "building",
                    "name": "Dilithium Generator B",
                    "value": 23
                }
            ],
            "build_costs": {
                "resources": [
                    {
                        "id": 2325683920,
                        "type": "Parsteel",
                        "value": 2490840
                    },
                    {
                        "id": 2614028847,
                        "type": "Dilithium",
                        "value": 27473
                    }
                ],
                "materials": [],
                "others": []
            },
            "rewards": null
        },
        {
            "level": 24,
            "power": 9250,
            "increased_power": 1000,
            "build_time": 342720,
            "bonuses": [
                {
                    "id": 1,
                    "value": 21500.0
                }
            ],
            "required_ops_level": 24,
            "requirements": [
                {
                    "id": 0,
                    "type": "building",
                    "name": "Operations",
                    "value": 24
                },
                {
                    "id": 10,
                    "type": "building",
                    "name": "Dilithium Generator B",
                    "value": 24
                },
                {
                    "id": 61,
                    "type": "building",
                    "name": "Tritanium Vault",
                    "value": 24
                }
            ],
            "build_costs": {
                "resources": [
                    {
                        "id": 2325683920,
                        "type": "Parsteel",
                        "value": 3924960
                    },
                    {
                        "id": 2614028847,
                        "type": "Dilithium",
                        "value": 43290
                    }
                ],
                "materials": [],
                "others": []
            },
            "rewards": null
        },
        {
            "level": 25,
            "power": 10750,
            "increased_power": 1500,
            "build_time": 316800,
            "bonuses": [
                {
                    "id": 1,
                    "value": 25000.0
                }
            ],
            "required_ops_level": 25,
            "requirements": [
                {
                    "id": 0,
                    "type": "building",
                    "name": "Operations",
                    "value": 25
                },
                {
                    "id": 10,
                    "type": "building",
                    "name": "Dilithium Generator B",
                    "value": 25
                }
            ],
            "build_costs": {
                "resources": [
                    {
                        "id": 2325683920,
                        "type": "Parsteel",
                        "value": 6364800
                    },
                    {
                        "id": 2614028847,
                        "type": "Dilithium",
                        "value": 70200
                    }
                ],
                "materials": [
                    {
                        "id": 813886518,
                        "type": "3\u2605 Common Ore",
                        "grade": 3,
                        "rarity": 1,
                        "value": 190
                    },
                    {
                        "id": 2453327618,
                        "type": "3\u2605 Uncommon Ore",
                        "grade": 3,
                        "rarity": 2,
                        "value": 2
                    }
                ],
                "others": []
            },
            "rewards": null
        },
        {
            "level": 26,
            "power": 12000,
            "increased_power": 1250,
            "build_time": 430560,
            "bonuses": [
                {
                    "id": 1,
                    "value": 29000.0
                }
            ],
            "required_ops_level": 26,
            "requirements": [
                {
                    "id": 0,
                    "type": "building",
                    "name": "Operations",
                    "value": 26
                },
                {
                    "id": 10,
                    "type": "building",
                    "name": "Dilithium Generator B",
                    "value": 26
                }
            ],
            "build_costs": {
                "resources": [
                    {
                        "id": 2325683920,
                        "type": "Parsteel",
                        "value": 9945000
                    },
                    {
                        "id": 2614028847,
                        "type": "Dilithium",
                        "value": 109688
                    }
                ],
                "materials": [
                    {
                        "id": 2453327618,
                        "type": "3\u2605 Uncommon Ore",
                        "grade": 3,
                        "rarity": 2,
                        "value": 5
                    }
                ],
                "others": []
            },
            "rewards": null
        },
        {
            "level": 27,
            "power": 13500,
            "increased_power": 1500,
            "build_time": 491040,
            "bonuses": [
                {
                    "id": 1,
                    "value": 33000.0
                }
            ],
            "required_ops_level": 27,
            "requirements": [
                {
                    "id": 0,
                    "type": "building",
                    "name": "Operations",
                    "value": 27
                },
                {
                    "id": 10,
                    "type": "building",
                    "name": "Dilithium Generator B",
                    "value": 27
                }
            ],
            "build_costs": {
                "resources": [
                    {
                        "id": 2325683920,
                        "type": "Parsteel",
                        "value": 15177600
                    },
                    {
                        "id": 2614028847,
                        "type": "Dilithium",
                        "value": 167400
                    }
                ],
                "materials": [
                    {
                        "id": 813886518,
                        "type": "3\u2605 Common Ore",
                        "grade": 3,
                        "rarity": 1,
                        "value": 290
                    },
                    {
                        "id": 2453327618,
                        "type": "3\u2605 Uncommon Ore",
                        "grade": 3,
                        "rarity": 2,
                        "value": 10
                    }
                ],
                "others": []
            },
            "rewards": null
        },
        {
            "level": 28,
            "power": 15250,
            "increased_power": 1750,
            "build_time": 570240,
            "bonuses": [
                {
                    "id": 1,
                    "value": 38000.0
                }
            ],
            "required_ops_level": 28,
            "requirements": [
                {
                    "id": 0,
                    "type": "building",
                    "name": "Operations",
                    "value": 28
                },
                {
                    "id": 10,
                    "type": "building",
                    "name": "Dilithium Generator B",
                    "value": 28
                }
            ],
            "build_costs": {
                "resources": [
                    {
                        "id": 2325683920,
                        "type": "Parsteel",
                        "value": 22766400
                    },
                    {
                        "id": 2614028847,
                        "type": "Dilithium",
                        "value": 251100
                    }
                ],
                "materials": [
                    {
                        "id": 813886518,
                        "type": "3\u2605 Common Ore",
                        "grade": 3,
                        "rarity": 1,
                        "value": 360
                    },
                    {
                        "id": 2453327618,
                        "type": "3\u2605 Uncommon Ore",
                        "grade": 3,
                        "rarity": 2,
                        "value": 17
                    }
                ],
                "others": []
            },
            "rewards": null
        },
        {
            "level": 29,
            "power": 17000,
            "increased_power": 1750,
            "build_time": 627840,
            "bonuses": [
                {
                    "id": 1,
                    "value": 44000.0
                }
            ],
            "required_ops_level": 29,
            "requirements": [
                {
                    "id": 0,
                    "type": "building",
                    "name": "Operations",
                    "value": 29
                },
                {
                    "id": 10,
                    "type": "building",
                    "name": "Dilithium Generator B",
                    "value": 29
                },
                {
                    "id": 61,
                    "type": "building",
                    "name": "Tritanium Vault",
                    "value": 29
                }
            ],
            "build_costs": {
                "resources": [
                    {
                        "id": 2325683920,
                        "type": "Parsteel",
                        "value": 36244000
                    },
                    {
                        "id": 2614028847,
                        "type": "Dilithium",
                        "value": 399750
                    }
                ],
                "materials": [
                    {
                        "id": 2453327618,
                        "type": "3\u2605 Uncommon Ore",
                        "grade": 3,
                        "rarity": 2,
                        "value": 26
                    }
                ],
                "others": []
            },
            "rewards": null
        },
        {
            "level": 30,
            "power": 19000,
            "increased_power": 2000,
            "build_time": 681120,
            "bonuses": [
                {
                    "id": 1,
                    "value": 50000.0
                }
            ],
            "required_ops_level": 30,
            "requirements": [
                {
                    "id": 0,
                    "type": "building",
                    "name": "Operations",
                    "value": 30
                },
                {
                    "id": 10,
                    "type": "building",
                    "name": "Dilithium Generator B",
                    "value": 30
                }
            ],
            "build_costs": {
                "resources": [
                    {
                        "id": 2325683920,
                        "type": "Parsteel",
                        "value": 53040000
                    },
                    {
                        "id": 2614028847,
                        "type": "Dilithium",
                        "value": 585000
                    }
                ],
                "materials": [
                    {
                        "id": 813886518,
                        "type": "3\u2605 Common Ore",
                        "grade": 3,
                        "rarity": 1,
                        "value": 550
                    },
                    {
                        "id": 2453327618,
                        "type": "3\u2605 Uncommon Ore",
                        "grade": 3,
                        "rarity": 2,
                        "value": 37
                    }
                ],
                "others": []
            },
            "rewards": null
        },
        {
            "level": 31,
            "power": 21000,
            "increased_power": 2000,
            "build_time": 894240,
            "bonuses": [
                {
                    "id": 1,
                    "value": 65000.0
                }
            ],
            "required_ops_level": 31,
            "requirements": [
                {
                    "id": 0,
                    "type": "building",
                    "name": "Operations",
                    "value": 31
                },
                {
                    "id": 10,
                    "type": "building",
                    "name": "Dilithium Generator B",
                    "value": 31
                }
            ],
            "build_costs": {
                "resources": [
                    {
                        "id": 2325683920,
                        "type": "Parsteel",
                        "value": 83844000
                    },
                    {
                        "id": 2614028847,
                        "type": "Dilithium",
                        "value": 924750
                    }
                ],
                "materials": [
                    {
                        "id": 2453327618,
                        "type": "3\u2605 Uncommon Ore",
                        "grade": 3,
                        "rarity": 2,
                        "value": 50
                    }
                ],
                "others": []
            },
            "rewards": null
        },
        {
            "level": 32,
            "power": 23500,
            "increased_power": 2500,
            "build_time": 872640,
            "bonuses": [
                {
                    "id": 1,
                    "value": 82000.0
                }
            ],
            "required_ops_level": 32,
            "requirements": [
                {
                    "id": 0,
                    "type": "building",
                    "name": "Operations",
                    "value": 32
                },
                {
                    "id": 10,
                    "type": "building",
                    "name": "Dilithium Generator B",
                    "value": 32
                }
            ],
            "build_costs": {
                "resources": [
                    {
                        "id": 2325683920,
                        "type": "Parsteel",
                        "value": 121108000
                    },
                    {
                        "id": 2614028847,
                        "type": "Dilithium",
                        "value": 1335750
                    }
                ],
                "materials": [
                    {
                        "id": 2453327618,
                        "type": "3\u2605 Uncommon Ore",
                        "grade": 3,
                        "rarity": 2,
                        "value": 65
                    }
                ],
                "others": []
            },
            "rewards": null
        },
        {
            "level": 33,
            "power": 26000,
            "increased_power": 2500,
            "build_time": 1268640,
            "bonuses": [
                {
                    "id": 1,
                    "value": 100000.0
                }
            ],
            "required_ops_level": 33,
            "requirements": [
                {
                    "id": 0,
                    "type": "building",
                    "name": "Operations",
                    "value": 33
                },
                {
                    "id": 10,
                    "type": "building",
                    "name": "Dilithium Generator B",
                    "value": 33
                }
            ],
            "build_costs": {
                "resources": [
                    {
                        "id": 2325683920,
                        "type": "Parsteel",
                        "value": 187340000
                    },
                    {
                        "id": 2614028847,
                        "type": "Dilithium",
                        "value": 2066250
                    }
                ],
                "materials": [
                    {
                        "id": 813886518,
                        "type": "3\u2605 Common Ore",
                        "grade": 3,
                        "rarity": 1,
                        "value": 1000
                    },
                    {
                        "id": 2453327618,
                        "type": "3\u2605 Uncommon Ore",
                        "grade": 3,
                        "rarity": 2,
                        "value": 80
                    }
                ],
                "others": []
            },
            "rewards": null
        },
        {
            "level": 34,
            "power": 28500,
            "increased_power": 2500,
            "build_time": 1680480,
            "bonuses": [
                {
                    "id": 1,
                    "value": 130000.0
                }
            ],
            "required_ops_level": 34,
            "requirements": [
                {
                    "id": 0,
                    "type": "building",
                    "name": "Operations",
                    "value": 34
                },
                {
                    "id": 10,
                    "type": "building",
                    "name": "Dilithium Generator B",
                    "value": 34
                }
            ],
            "build_costs": {
                "resources": [
                    {
                        "id": 2325683920,
                        "type": "Parsteel",
                        "value": 295800000
                    },
                    {
                        "id": 2614028847,
                        "type": "Dilithium",
                        "value": 3262500
                    }
                ],
                "materials": [
                    {
                        "id": 813886518,
                        "type": "3\u2605 Common Ore",
                        "grade": 3,
                        "rarity": 1,
                        "value": 1100
                    },
                    {
                        "id": 2453327618,
                        "type": "3\u2605 Uncommon Ore",
                        "grade": 3,
                        "rarity": 2,
                        "value": 100
                    }
                ],
                "others": []
            },
            "rewards": null
        },
        {
            "level": 35,
            "power": 31000,
            "increased_power": 2500,
            "build_time": 2213280,
            "bonuses": [
                {
                    "id": 1,
                    "value": 176000.0
                }
            ],
            "required_ops_level": 35,
            "requirements": [
                {
                    "id": 0,
                    "type": "building",
                    "name": "Operations",
                    "value": 35
                },
                {
                    "id": 10,
                    "type": "building",
                    "name": "Dilithium Generator B",
                    "value": 35
                }
            ],
            "build_costs": {
                "resources": [
                    {
                        "id": 2325683920,
                        "type": "Parsteel",
                        "value": 457776000
                    },
                    {
                        "id": 2614028847,
                        "type": "Dilithium",
                        "value": 5049000
                    }
                ],
                "materials": [
                    {
                        "id": 2453327618,
                        "type": "3\u2605 Uncommon Ore",
                        "grade": 3,
                        "rarity": 2,
                        "value": 120
                    }
                ],
                "others": []
            },
            "rewards": null
        },
        {
            "level": 36,
            "power": 34000,
            "increased_power": 3000,
            "build_time": 2829600,
            "bonuses": [
                {
                    "id": 1,
                    "value": 223000.0
                }
            ],
            "required_ops_level": 36,
            "requirements": [
                {
                    "id": 0,
                    "type": "building",
                    "name": "Operations",
                    "value": 36
                },
                {
                    "id": 10,
                    "type": "building",
                    "name": "Dilithium Generator B",
                    "value": 36
                }
            ],
            "build_costs": {
                "resources": [
                    {
                        "id": 2325683920,
                        "type": "Parsteel",
                        "value": 645048000
                    },
                    {
                        "id": 2614028847,
                        "type": "Dilithium",
                        "value": 7114500
                    }
                ],
                "materials": [
                    {
                        "id": 2453327618,
                        "type": "3\u2605 Uncommon Ore",
                        "grade": 3,
                        "rarity": 2,
                        "value": 150
                    }
                ],
                "others": []
            },
            "rewards": null
        },
        {
            "level": 37,
            "power": 37500,
            "increased_power": 3500,
            "build_time": 2923200,
            "bonuses": [
                {
                    "id": 1,
                    "value": 288000.0
                }
            ],
            "required_ops_level": 37,
            "requirements": [
                {
                    "id": 0,
                    "type": "building",
                    "name": "Operations",
                    "value": 37
                },
                {
                    "id": 10,
                    "type": "building",
                    "name": "Dilithium Generator B",
                    "value": 37
                }
            ],
            "build_costs": {
                "resources": [
                    {
                        "id": 2325683920,
                        "type": "Parsteel",
                        "value": 991440000
                    },
                    {
                        "id": 2614028847,
                        "type": "Dilithium",
                        "value": 10935000
                    }
                ],
                "materials": [
                    {
                        "id": 813886518,
                        "type": "3\u2605 Common Ore",
                        "grade": 3,
                        "rarity": 1,
                        "value": 1800
                    },
                    {
                        "id": 2453327618,
                        "type": "3\u2605 Uncommon Ore",
                        "grade": 3,
                        "rarity": 2,
                        "value": 170
                    }
                ],
                "others": []
            },
            "rewards": null
        },
        {
            "level": 38,
            "power": 40500,
            "increased_power": 3000,
            "build_time": 4741920,
            "bonuses": [
                {
                    "id": 1,
                    "value": 392000.0
                }
            ],
            "required_ops_level": 38,
            "requirements": [
                {
                    "id": 0,
                    "type": "building",
                    "name": "Operations",
                    "value": 38
                },
                {
                    "id": 10,
                    "type": "building",
                    "name": "Dilithium Generator B",
                    "value": 38
                },
                {
                    "id": 61,
                    "type": "building",
                    "name": "Tritanium Vault",
                    "value": 38
                }
            ],
            "build_costs": {
                "resources": [
                    {
                        "id": 2325683920,
                        "type": "Parsteel",
                        "value": 1542240000
                    },
                    {
                        "id": 2614028847,
                        "type": "Dilithium",
                        "value": 17010000
                    }
                ],
                "materials": [
                    {
                        "id": 813886518,
                        "type": "3\u2605 Common Ore",
                        "grade": 3,
                        "rarity": 1,
                        "value": 2100
                    },
                    {
                        "id": 2453327618,
                        "type": "3\u2605 Uncommon Ore",
                        "grade": 3,
                        "rarity": 2,
                        "value": 200
                    }
                ],
                "others": []
            },
            "rewards": null
        },
        {
            "level": 39,
            "power": 44500,
            "increased_power": 4000,
            "build_time": 6294240,
            "bonuses": [
                {
                    "id": 1,
                    "value": 540000.0
                }
            ],
            "required_ops_level": 39,
            "requirements": [
                {
                    "id": 0,
                    "type": "building",
                    "name": "Operations",
                    "value": 39
                },
                {
                    "id": 10,
                    "type": "building",
                    "name": "Dilithium Generator B",
                    "value": 39
                }
            ],
            "build_costs": {
                "resources": [
                    {
                        "id": 2325683920,
                        "type": "Parsteel",
                        "value": 2631600000
                    },
                    {
                        "id": 2614028847,
                        "type": "Dilithium",
                        "value": 29025000
                    }
                ],
                "materials": [],
                "others": []
            },
            "rewards": null
        },
        {
            "level": 40,
            "power": 48000,
            "increased_power": 3500,
            "build_time": 11170080,
            "bonuses": [
                {
                    "id": 1,
                    "value": 700000.0
                }
            ],
            "required_ops_level": 40,
            "requirements": [
                {
                    "id": 0,
                    "type": "building",
                    "name": "Operations",
                    "value": 40
                },
                {
                    "id": 10,
                    "type": "building",
                    "name": "Dilithium Generator B",
                    "value": 40
                }
            ],
            "build_costs": {
                "resources": [
                    {
                        "id": 2325683920,
                        "type": "Parsteel",
                        "value": 11462080000
                    },
                    {
                        "id": 2614028847,
                        "type": "Dilithium",
                        "value": 45150000
                    }
                ],
                "materials": [
                    {
                        "id": 3452257709,
                        "type": "4\u2605 Common Ore",
                        "grade": 4,
                        "rarity": 1,
                        "value": 12000
                    }
                ],
                "others": []
            },
            "rewards": null
        },
        {
            "level": 41,
            "power": 52000,
            "increased_power": 4000,
            "build_time": 10468800,
            "bonuses": [
                {
                    "id": 1,
                    "value": 950000.0
                }
            ],
            "required_ops_level": 41,
            "requirements": [
                {
                    "id": 0,
                    "type": "building",
                    "name": "Operations",
                    "value": 41
                },
                {
                    "id": 10,
                    "type": "building",
                    "name": "Dilithium Generator B",
                    "value": 41
                }
            ],
            "build_costs": {
                "resources": [
                    {
                        "id": 2325683920,
                        "type": "Parsteel",
                        "value": 11696000000
                    },
                    {
                        "id": 2614028847,
                        "type": "Dilithium",
                        "value": 64500000
                    }
                ],
                "materials": [
                    {
                        "id": 3452257709,
                        "type": "4\u2605 Common Ore",
                        "grade": 4,
                        "rarity": 1,
                        "value": 9000
                    },
                    {
                        "id": 1904955588,
                        "type": "4\u2605 Uncommon Ore",
                        "grade": 4,
                        "rarity": 2,
                        "value": 2000
                    }
                ],
                "others": []
            },
            "rewards": null
        },
        {
            "level": 42,
            "power": 56500,
            "increased_power": 4500,
            "build_time": 16090560,
            "bonuses": [
                {
                    "id": 1,
                    "value": 1260000.0
                }
            ],
            "required_ops_level": 42,
            "requirements": [
                {
                    "id": 0,
                    "type": "building",
                    "name": "Operations",
                    "value": 42
                },
                {
                    "id": 10,
                    "type": "building",
                    "name": "Dilithium Generator B",
                    "value": 42
                }
            ],
            "build_costs": {
                "resources": [
                    {
                        "id": 2325683920,
                        "type": "Parsteel",
                        "value": 17421600000
                    },
                    {
                        "id": 2614028847,
                        "type": "Dilithium",
                        "value": 96075000
                    }
                ],
                "materials": [
                    {
                        "id": 3452257709,
                        "type": "4\u2605 Common Ore",
                        "grade": 4,
                        "rarity": 1,
                        "value": 10000
                    },
                    {
                        "id": 920308245,
                        "type": "4\u2605 Rare Ore",
                        "grade": 4,
                        "rarity": 3,
                        "value": 400
                    }
                ],
                "others": []
            },
            "rewards": null
        },
        {
            "level": 43,
            "power": 61000,
            "increased_power": 4500,
            "build_time": 21260160,
            "bonuses": [
                {
                    "id": 1,
                    "value": 1700000.0
                }
            ],
            "required_ops_level": 43,
            "requirements": [
                {
                    "id": 0,
                    "type": "building",
                    "name": "Operations",
                    "value": 43
                },
                {
                    "id": 10,
                    "type": "building",
                    "name": "Dilithium Generator B",
                    "value": 43
                }
            ],
            "build_costs": {
                "resources": [
                    {
                        "id": 2325683920,
                        "type": "Parsteel",
                        "value": 24888000000
                    },
                    {
                        "id": 2614028847,
                        "type": "Dilithium",
                        "value": 137250000
                    }
                ],
                "materials": [
                    {
                        "id": 1904955588,
                        "type": "4\u2605 Uncommon Ore",
                        "grade": 4,
                        "rarity": 2,
                        "value": 1000
                    },
                    {
                        "id": 920308245,
                        "type": "4\u2605 Rare Ore",
                        "grade": 4,
                        "rarity": 3,
                        "value": 600
                    }
                ],
                "others": []
            },
            "rewards": null
        },
        {
            "level": 44,
            "power": 66000,
            "increased_power": 5000,
            "build_time": 27748800,
            "bonuses": [
                {
                    "id": 1,
                    "value": 2400000.0
                }
            ],
            "required_ops_level": 44,
            "requirements": [
                {
                    "id": 0,
                    "type": "building",
                    "name": "Operations",
                    "value": 44
                },
                {
                    "id": 10,
                    "type": "building",
                    "name": "Dilithium Generator B",
                    "value": 44
                }
            ],
            "build_costs": {
                "resources": [
                    {
                        "id": 2325683920,
                        "type": "Parsteel",
                        "value": 37332000000
                    },
                    {
                        "id": 2614028847,
                        "type": "Dilithium",
                        "value": 205875000
                    }
                ],
                "materials": [
                    {
                        "id": 1904955588,
                        "type": "4\u2605 Uncommon Ore",
                        "grade": 4,
                        "rarity": 2,
                        "value": 2000
                    },
                    {
                        "id": 920308245,
                        "type": "4\u2605 Rare Ore",
                        "grade": 4,
                        "rarity": 3,
                        "value": 1200
                    }
                ],
                "others": []
            },
            "rewards": null
        },
        {
            "level": 45,
            "power": 71000,
            "increased_power": 5000,
            "build_time": 35824320,
            "bonuses": [
                {
                    "id": 1,
                    "value": 3000000.0
                }
            ],
            "required_ops_level": 45,
            "requirements": [
                {
                    "id": 0,
                    "type": "building",
                    "name": "Operations",
                    "value": 45
                },
                {
                    "id": 10,
                    "type": "building",
                    "name": "Dilithium Generator B",
                    "value": 45
                },
                {
                    "id": 12,
                    "type": "building",
                    "name": "Dilithium Warehouse",
                    "value": 45
                }
            ],
            "build_costs": {
                "resources": [
                    {
                        "id": 2325683920,
                        "type": "Parsteel",
                        "value": 53040000000
                    },
                    {
                        "id": 2614028847,
                        "type": "Dilithium",
                        "value": 292500000
                    }
                ],
                "materials": [
                    {
                        "id": 1904955588,
                        "type": "4\u2605 Uncommon Ore",
                        "grade": 4,
                        "rarity": 2,
                        "value": 8000
                    }
                ],
                "others": []
            },
            "rewards": null
        },
        {
            "level": 46,
            "power": 76000,
            "increased_power": 5000,
            "build_time": 45792000,
            "bonuses": [
                {
                    "id": 1,
                    "value": 3850000.0
                }
            ],
            "required_ops_level": 46,
            "requirements": [
                {
                    "id": 0,
                    "type": "building",
                    "name": "Operations",
                    "value": 46
                },
                {
                    "id": 10,
                    "type": "building",
                    "name": "Dilithium Generator B",
                    "value": 46
                }
            ],
            "build_costs": {
                "resources": [
                    {
                        "id": 2325683920,
                        "type": "Parsteel",
                        "value": 72930000000
                    },
                    {
                        "id": 2614028847,
                        "type": "Dilithium",
                        "value": 402187500
                    }
                ],
                "materials": [
                    {
                        "id": 1904955588,
                        "type": "4\u2605 Uncommon Ore",
                        "grade": 4,
                        "rarity": 2,
                        "value": 1500
                    },
                    {
                        "id": 920308245,
                        "type": "4\u2605 Rare Ore",
                        "grade": 4,
                        "rarity": 3,
                        "value": 250
                    }
                ],
                "others": []
            },
            "rewards": null
        },
        {
            "level": 47,
            "power": 82000,
            "increased_power": 6000,
            "build_time": 58008960,
            "bonuses": [
                {
                    "id": 1,
                    "value": 5200000.0
                }
            ],
            "required_ops_level": 47,
            "requirements": [
                {
                    "id": 0,
                    "type": "building",
                    "name": "Operations",
                    "value": 47
                },
                {
                    "id": 10,
                    "type": "building",
                    "name": "Dilithium Generator B",
                    "value": 47
                },
                {
                    "id": 12,
                    "type": "building",
                    "name": "Dilithium Warehouse",
                    "value": 47
                }
            ],
            "build_costs": {
                "resources": [
                    {
                        "id": 2325683920,
                        "type": "Parsteel",
                        "value": 106080000000
                    },
                    {
                        "id": 2614028847,
                        "type": "Dilithium",
                        "value": 585000000
                    }
                ],
                "materials": [
                    {
                        "id": 1904955588,
                        "type": "4\u2605 Uncommon Ore",
                        "grade": 4,
                        "rarity": 2,
                        "value": 3000
                    },
                    {
                        "id": 920308245,
                        "type": "4\u2605 Rare Ore",
                        "grade": 4,
                        "rarity": 3,
                        "value": 500
                    }
                ],
                "others": []
            },
            "rewards": null
        },
        {
            "level": 48,
            "power": 88000,
            "increased_power": 6000,
            "build_time": 72881280,
            "bonuses": [
                {
                    "id": 1,
                    "value": 7200000.0
                }
            ],
            "required_ops_level": 48,
            "requirements": [
                {
                    "id": 0,
                    "type": "building",
                    "name": "Operations",
                    "value": 48
                },
                {
                    "id": 10,
                    "type": "building",
                    "name": "Dilithium Generator B",
                    "value": 48
                }
            ],
            "build_costs": {
                "resources": [
                    {
                        "id": 2325683920,
                        "type": "Parsteel",
                        "value": 171360000000
                    },
                    {
                        "id": 2614028847,
                        "type": "Dilithium",
                        "value": 945000000
                    }
                ],
                "materials": [
                    {
                        "id": 3452257709,
                        "type": "4\u2605 Common Ore",
                        "grade": 4,
                        "rarity": 1,
                        "value": 50000
                    },
                    {
                        "id": 920308245,
                        "type": "4\u2605 Rare Ore",
                        "grade": 4,
                        "rarity": 3,
                        "value": 1200
                    }
                ],
                "others": []
            },
            "rewards": null
        },
        {
            "level": 49,
            "power": 94000,
            "increased_power": 6000,
            "build_time": 90869760,
            "bonuses": [
                {
                    "id": 1,
                    "value": 11000000.0
                }
            ],
            "required_ops_level": 49,
            "requirements": [
                {
                    "id": 0,
                    "type": "building",
                    "name": "Operations",
                    "value": 49
                },
                {
                    "id": 10,
                    "type": "building",
                    "name": "Dilithium Generator B",
                    "value": 49
                },
                {
                    "id": 12,
                    "type": "building",
                    "name": "Dilithium Warehouse",
                    "value": 49
                }
            ],
            "build_costs": {
                "resources": [
                    {
                        "id": 2325683920,
                        "type": "Parsteel",
                        "value": 285600000000
                    },
                    {
                        "id": 2614028847,
                        "type": "Dilithium",
                        "value": 1575000000
                    }
                ],
                "materials": [
                    {
                        "id": 3452257709,
                        "type": "4\u2605 Common Ore",
                        "grade": 4,
                        "rarity": 1,
                        "value": 70000
                    },
                    {
                        "id": 920308245,
                        "type": "4\u2605 Rare Ore",
                        "grade": 4,
                        "rarity": 3,
                        "value": 4500
                    }
                ],
                "others": []
            },
            "rewards": null
        },
        {
            "level": 50,
            "power": 100000,
            "increased_power": 6000,
            "build_time": 112502880,
            "bonuses": [
                {
                    "id": 1,
                    "value": 17500000.0
                }
            ],
            "required_ops_level": 50,
            "requirements": [
                {
                    "id": 0,
                    "type": "building",
                    "name": "Operations",
                    "value": 50
                },
                {
                    "id": 10,
                    "type": "building",
                    "name": "Dilithium Generator B",
                    "value": 50
                }
            ],
            "build_costs": {
                "resources": [
                    {
                        "id": 2325683920,
                        "type": "Parsteel",
                        "value": 499800000000
                    },
                    {
                        "id": 2614028847,
                        "type": "Dilithium",
                        "value": 2756250000
                    }
                ],
                "materials": [],
                "others": []
            },
            "rewards": null
        },
        {
            "level": 51,
            "power": 107000,
            "increased_power": 7000,
            "build_time": 119252160,
            "bonuses": [
                {
                    "id": 1,
                    "value": 26000000.0
                }
            ],
            "required_ops_level": 51,
            "requirements": [
                {
                    "id": 0,
                    "type": "building",
                    "name": "Operations",
                    "value": 51
                },
                {
                    "id": 10,
                    "type": "building",
                    "name": "Dilithium Generator B",
                    "value": 51
                }
            ],
            "build_costs": {
                "resources": [
                    {
                        "id": 2325683920,
                        "type": "Parsteel",
                        "value": 2492880000000
                    },
                    {
                        "id": 2614028847,
                        "type": "Dilithium",
                        "value": 5850000000
                    }
                ],
                "materials": [
                    {
                        "id": 2893480370,
                        "type": "5\u2605 Common Ore",
                        "grade": 5,
                        "rarity": 1,
                        "value": 8500
                    }
                ],
                "others": []
            },
            "rewards": null
        },
        {
            "level": 52,
            "power": 114000,
            "increased_power": 7000,
            "build_time": 126407520,
            "bonuses": [
                {
                    "id": 1,
                    "value": 39000000.0
                }
            ],
            "required_ops_level": 52,
            "requirements": [
                {
                    "id": 0,
                    "type": "building",
                    "name": "Operations",
                    "value": 52
                },
                {
                    "id": 10,
                    "type": "building",
                    "name": "Dilithium Generator B",
                    "value": 52
                },
                {
                    "id": 12,
                    "type": "building",
                    "name": "Dilithium Warehouse",
                    "value": 52
                }
            ],
            "build_costs": {
                "resources": [
                    {
                        "id": 2325683920,
                        "type": "Parsteel",
                        "value": 4508400000000
                    },
                    {
                        "id": 2614028847,
                        "type": "Dilithium",
                        "value": 9945000000
                    }
                ],
                "materials": [
                    {
                        "id": 2893480370,
                        "type": "5\u2605 Common Ore",
                        "grade": 5,
                        "rarity": 1,
                        "value": 18800
                    },
                    {
                        "id": 2258174662,
                        "type": "5\u2605 Uncommon Ore",
                        "grade": 5,
                        "rarity": 2,
                        "value": 4300
                    }
                ],
                "others": []
            },
            "rewards": null
        },
        {
            "level": 53,
            "power": 122000,
            "increased_power": 8000,
            "build_time": 133992000,
            "bonuses": [
                {
                    "id": 1,
                    "value": 58000000.0
                }
            ],
            "required_ops_level": 53,
            "requirements": [
                {
                    "id": 0,
                    "type": "building",
                    "name": "Operations",
                    "value": 53
                },
                {
                    "id": 10,
                    "type": "building",
                    "name": "Dilithium Generator B",
                    "value": 53
                }
            ],
            "build_costs": {
                "resources": [
                    {
                        "id": 2325683920,
                        "type": "Parsteel",
                        "value": 7572480000000
                    },
                    {
                        "id": 2614028847,
                        "type": "Dilithium",
                        "value": 17400000000
                    }
                ],
                "materials": [
                    {
                        "id": 2893480370,
                        "type": "5\u2605 Common Ore",
                        "grade": 5,
                        "rarity": 1,
                        "value": 36600
                    },
                    {
                        "id": 2258174662,
                        "type": "5\u2605 Uncommon Ore",
                        "grade": 5,
                        "rarity": 2,
                        "value": 3100
                    }
                ],
                "others": []
            },
            "rewards": null
        },
        {
            "level": 54,
            "power": 129000,
            "increased_power": 7000,
            "build_time": 142031520,
            "bonuses": [
                {
                    "id": 1,
                    "value": 87000000.0
                }
            ],
            "required_ops_level": 54,
            "requirements": [
                {
                    "id": 0,
                    "type": "building",
                    "name": "Operations",
                    "value": 54
                },
                {
                    "id": 10,
                    "type": "building",
                    "name": "Dilithium Generator B",
                    "value": 54
                }
            ],
            "build_costs": {
                "resources": [
                    {
                        "id": 2325683920,
                        "type": "Parsteel",
                        "value": 11358720000000
                    },
                    {
                        "id": 2614028847,
                        "type": "Dilithium",
                        "value": 26100000000
                    }
                ],
                "materials": [
                    {
                        "id": 2258174662,
                        "type": "5\u2605 Uncommon Ore",
                        "grade": 5,
                        "rarity": 2,
                        "value": 10400
                    },
                    {
                        "id": 4109746240,
                        "type": "5\u2605 Rare Ore",
                        "grade": 5,
                        "rarity": 3,
                        "value": 800
                    }
                ],
                "others": []
            },
            "rewards": null
        },
        {
            "level": 55,
            "power": 137000,
            "increased_power": 8000,
            "build_time": 150553440,
            "bonuses": [
                {
                    "id": 1,
                    "value": 130000000.0
                }
            ],
            "required_ops_level": 55,
            "requirements": [
                {
                    "id": 0,
                    "type": "building",
                    "name": "Operations",
                    "value": 55
                },
                {
                    "id": 10,
                    "type": "building",
                    "name": "Dilithium Generator B",
                    "value": 55
                },
                {
                    "id": 12,
                    "type": "building",
                    "name": "Dilithium Warehouse",
                    "value": 55
                }
            ],
            "build_costs": {
                "resources": [
                    {
                        "id": 2325683920,
                        "type": "Parsteel",
                        "value": 19306560000000
                    },
                    {
                        "id": 2614028847,
                        "type": "Dilithium",
                        "value": 40950000000
                    }
                ],
                "materials": [
                    {
                        "id": 4109746240,
                        "type": "5\u2605 Rare Ore",
                        "grade": 5,
                        "rarity": 3,
                        "value": 4800
                    }
                ],
                "others": []
            },
            "rewards": null
        },
        {
            "level": 56,
            "power": 146000,
            "increased_power": 9000,
            "build_time": 159586560,
            "bonuses": [
                {
                    "id": 1,
                    "value": 195000000.0
                }
            ],
            "required_ops_level": 56,
            "requirements": [
                {
                    "id": 0,
                    "type": "building",
                    "name": "Operations",
                    "value": 56
                },
                {
                    "id": 10,
                    "type": "building",
                    "name": "Dilithium Generator B",
                    "value": 56
                }
            ],
            "build_costs": {
                "resources": [
                    {
                        "id": 2325683920,
                        "type": "Parsteel",
                        "value": 30338880000000
                    },
                    {
                        "id": 2614028847,
                        "type": "Dilithium",
                        "value": 64350000000
                    }
                ],
                "materials": [
                    {
                        "id": 2893480370,
                        "type": "5\u2605 Common Ore",
                        "grade": 5,
                        "rarity": 1,
                        "value": 56400
                    },
                    {
                        "id": 4109746240,
                        "type": "5\u2605 Rare Ore",
                        "grade": 5,
                        "rarity": 3,
                        "value": 2100
                    }
                ],
                "others": []
            },
            "rewards": null
        },
        {
            "level": 57,
            "power": 155000,
            "increased_power": 9000,
            "build_time": 169162560,
            "bonuses": [
                {
                    "id": 1,
                    "value": 292000000.0
                }
            ],
            "required_ops_level": 57,
            "requirements": [
                {
                    "id": 0,
                    "type": "building",
                    "name": "Operations",
                    "value": 57
                },
                {
                    "id": 10,
                    "type": "building",
                    "name": "Dilithium Generator B",
                    "value": 57
                },
                {
                    "id": 12,
                    "type": "building",
                    "name": "Dilithium Warehouse",
                    "value": 57
                }
            ],
            "build_costs": {
                "resources": [
                    {
                        "id": 2325683920,
                        "type": "Parsteel",
                        "value": 47495552000000
                    },
                    {
                        "id": 2614028847,
                        "type": "Dilithium",
                        "value": 100740000000
                    }
                ],
                "materials": [
                    {
                        "id": 2893480370,
                        "type": "5\u2605 Common Ore",
                        "grade": 5,
                        "rarity": 1,
                        "value": 60700
                    },
                    {
                        "id": 4109746240,
                        "type": "5\u2605 Rare Ore",
                        "grade": 5,
                        "rarity": 3,
                        "value": 4300
                    }
                ],
                "others": []
            },
            "rewards": null
        },
        {
            "level": 58,
            "power": 164000,
            "increased_power": 9000,
            "build_time": 179311680,
            "bonuses": [
                {
                    "id": 1,
                    "value": 438000000.0
                }
            ],
            "required_ops_level": 58,
            "requirements": [
                {
                    "id": 0,
                    "type": "building",
                    "name": "Operations",
                    "value": 58
                },
                {
                    "id": 10,
                    "type": "building",
                    "name": "Dilithium Generator B",
                    "value": 58
                }
            ],
            "build_costs": {
                "resources": [
                    {
                        "id": 2325683920,
                        "type": "Parsteel",
                        "value": 68622336000000
                    },
                    {
                        "id": 2614028847,
                        "type": "Dilithium",
                        "value": 157680000000
                    }
                ],
                "materials": [
                    {
                        "id": 2893480370,
                        "type": "5\u2605 Common Ore",
                        "grade": 5,
                        "rarity": 1,
                        "value": 70900
                    },
                    {
                        "id": 4109746240,
                        "type": "5\u2605 Rare Ore",
                        "grade": 5,
                        "rarity": 3,
                        "value": 5200
                    }
                ],
                "others": []
            },
            "rewards": null
        },
        {
            "level": 59,
            "power": 174000,
            "increased_power": 10000,
            "build_time": 190071360,
            "bonuses": [
                {
                    "id": 1,
                    "value": 657000000.0
                }
            ],
            "required_ops_level": 59,
            "requirements": [
                {
                    "id": 0,
                    "type": "building",
                    "name": "Operations",
                    "value": 59
                },
                {
                    "id": 10,
                    "type": "building",
                    "name": "Dilithium Generator B",
                    "value": 59
                },
                {
                    "id": 12,
                    "type": "building",
                    "name": "Dilithium Warehouse",
                    "value": 59
                }
            ],
            "build_costs": {
                "resources": [
                    {
                        "id": 2325683920,
                        "type": "Parsteel",
                        "value": 102933504000000
                    },
                    {
                        "id": 2614028847,
                        "type": "Dilithium",
                        "value": 236520000000
                    }
                ],
                "materials": [
                    {
                        "id": 2893480370,
                        "type": "5\u2605 Common Ore",
                        "grade": 5,
                        "rarity": 1,
                        "value": 129800
                    },
                    {
                        "id": 4109746240,
                        "type": "5\u2605 Rare Ore",
                        "grade": 5,
                        "rarity": 3,
                        "value": 12900
                    }
                ],
                "others": []
            },
            "rewards": null
        },
        {
            "level": 60,
            "power": 183000,
            "increased_power": 9000,
            "build_time": 201474720,
            "bonuses": [
                {
                    "id": 1,
                    "value": 985000000.0
                }
            ],
            "required_ops_level": 60,
            "requirements": [
                {
                    "id": 0,
                    "type": "building",
                    "name": "Operations",
                    "value": 60
                },
                {
                    "id": 10,
                    "type": "building",
                    "name": "Dilithium Generator B",
                    "value": 60
                }
            ],
            "build_costs": {
                "resources": [
                    {
                        "id": 2325683920,
                        "type": "Parsteel",
                        "value": 160752000000000
                    },
                    {
                        "id": 2614028847,
                        "type": "Dilithium",
                        "value": 369375000000
                    }
                ],
                "materials": [
                    {
                        "id": 2893480370,
                        "type": "5\u2605 Common Ore",
                        "grade": 5,
                        "rarity": 1,
                        "value": 115100
                    },
                    {
                        "id": 4109746240,
                        "type": "5\u2605 Rare Ore",
                        "grade": 5,
                        "rarity": 3,
                        "value": 7600
                    }
                ],
                "others": []
            },
            "rewards": null
        }
    ]
}